Drug,MolWt,ExactMolWt,HeavyAtomMolWt,TPSA,NumHDonors,NumHAcceptors,NumRotatableBonds,MolLogP,MolMR,RingCount,NumAromaticRings,NumAliphaticRings,NumAromaticCarbocycles,NumAromaticHeterocycles,NumAliphaticCarbocycles,NumAliphaticHeterocycles,NumSaturatedRings,NumSaturatedCarbocycles,NumSaturatedHeterocycles,HeavyAtomCount,NumHeteroatoms,NumHeterocycles,FractionCSP3,HallKierAlpha,Kappa1,Kappa2,Kappa3,LabuteASA,qed,Chi0,Chi0n,Chi0v,Chi1,Chi1n,Chi1v,Chi2n,Chi2v,Chi3n,Chi3v,Chi4n,Chi4v,NumAtomStereoCenters,NumUnspecifiedAtomStereoCenters,NumAmideBonds,Phi,SPS,NHOHCount,NOCount
AMPHETAMINE,135.20999999999998,135.104799416,122.10599999999997,26.02,1,1,2,1.5763,43.79540000000002,1,1,0,1,0,0,0,0,0,0,10,1,0,0.3333333333333333,-0.8200000000000001,7.288932461873639,3.3737941826863076,2.1939048454146013,61.866120159699506,0.6542162175383444,7.397341225498538,6.248558665513929,6.248558665513929,4.787693700234704,3.583168886103056,3.583168886103056,2.6670065890781336,2.6670065890781336,1.4005021979026944,1.4005021979026944,0.9858783585471155,0.9858783585471155,1,1,0,2.459135793786267,13,2,1
ACETAMINOPHEN,151.165,151.063328528,142.093,49.33,2,2,1,1.3505999999999998,42.41050000000002,1,1,0,1,0,0,0,0,0,0,11,3,0,0.125,-1.5099999999999998,7.595374077976819,3.0531381005525,2.292303972882069,64.66690538413799,0.5950261967780848,8.267584713501616,6.164862962722325,6.164862962722325,5.1815405503520555,3.2490981480278296,3.2490981480278296,2.228060242189872,2.228060242189872,1.1876733148984595,1.1876733148984595,0.7480265991539318,0.7480265991539318,0,0,1,2.1081569077654403,9.181818181818182,2,3
ASPIRIN,180.15899999999996,180.042258736,172.09499999999997,63.60000000000001,1,3,2,1.3101,44.71030000000002,1,1,0,1,0,0,0,0,0,0,13,4,0,0.1111111111111111,-1.8399999999999999,9.249605734767023,3.7092512583454584,2.297415032519928,74.75705264447721,0.5501217966938848,9.844934982691242,6.9813595436500515,6.9813595436500515,6.109060905280622,3.6174536478673316,3.6174536478673316,2.3949556783206725,2.3949556783206725,1.3711546649445037,1.3711546649445037,0.8871712192374142,0.8871712192374142,0,0,0,2.639162439298765,9.307692307692308,1,4
ENALAPRIL,376.45300000000026,376.19982199599997,348.2290000000001,95.94000000000001,2,5,9,1.6046,100.15250000000007,2,1,1,1,0,0,1,1,0,1,27,7,1,0.55,-2.41,20.89651383122284,10.061420006935409,5.787080019605405,159.23680270316586,0.6358354158694681,19.81119030894213,15.888863193491664,15.888863193491664,12.934759407976113,9.435378264180693,9.435378264180693,6.745158299357761,6.745158299357761,4.7781754477150775,4.7781754477150775,3.376785148056581,3.376785148056581,3,0,1,7.786985271728444,18.74074074074074,2,7
ETHINYL ESTRADIOL,296.4100000000001,296.177630008,272.21799999999996,40.46,2,2,0,3.6126000000000023,86.50660000000005,4,1,3,1,0,3,0,2,2,0,22,2,0,0.6,-1.46,14.152613321456492,4.521896298442718,1.664422092346401,132.1107921567131,0.7180018360911579,15.535169427003234,13.178519762446586,13.178519762446586,10.483112013795045,8.50334458083506,8.50334458083506,7.7980613966887375,7.7980613966887375,7.10047436372019,7.10047436372019,5.821907213476907,5.821907213476907,5,0,0,2.9089386268902366,42.86363636363637,2,2
ETHOSUXIMIDE,141.17,141.078978592,130.082,46.17,1,2,1,0.4491999999999999,36.164699999999996,1,0,1,0,0,0,1,1,0,1,10,3,1,0.7142857142857143,-0.8600000000000001,7.249409190371992,2.075496519949025,0.9162485890783432,59.795978944375534,0.5387218646888616,7.776020881938894,6.230710143300821,6.230710143300821,4.582334106738749,3.426015243430232,3.426015243430232,2.9682907381116728,2.9682907381116728,2.132179015606181,2.132179015606181,1.0419123688073615,1.0419123688073615,1,1,2,1.5046123546303547,32.6,1,3
IVERMECTIN,875.1060000000001,874.507857048,800.514,170.06,3,14,8,5.601400000000006,227.39939999999916,7,0,7,0,0,1,6,5,0,5,62,14,6,0.8125,-2.0500000000000003,47.899083810937256,19.816415198594797,9.734727407957774,367.77197585272893,0.20352458572125837,44.67226867064888,38.475389203642685,38.475389203642685,29.49742567265985,23.16615509000729,23.16615509000729,19.35233439895771,19.35233439895771,14.930547104758418,14.930547104758418,10.957247763335596,10.957247763335596,20,20,0,15.309486006932628,47.20967741935484,3,14
METHOHEXITAL,262.30899999999997,262.131742436,244.16499999999996,66.48,1,3,3,1.3066,70.78670000000002,1,0,1,0,0,0,1,1,0,1,19,5,1,0.5,-2.09,14.969136605558838,5.700041419282036,2.3872265141023297,112.58155187507397,0.47348972477403223,14.629392033067417,11.447979348830442,11.447979348830442,8.911955240757193,6.142210308375784,6.142210308375784,4.483953708344957,4.483953708344957,3.3174083935435834,3.3174083935435834,2.1257798726823465,2.1257798726823465,2,2,4,4.490773613819805,24.36842105263158,1,5
NORETHINDRONE,298.42600000000004,298.193280072,272.21799999999996,37.3,1,2,0,3.4925000000000024,85.87580000000005,4,0,4,0,0,4,0,3,3,0,22,2,0,0.75,-1.07,14.517720418011233,4.7123736531989255,1.7524204432637707,132.91520479916298,0.6950885218084817,15.535169427003234,13.47641775059396,13.47641775059396,10.483112013795045,8.918313340184524,8.918313340184524,8.303039842827467,8.303039842827467,7.690445031945482,7.690445031945482,6.433901017349552,6.433901017349552,6,0,0,3.1096783273792834,50.40909090909091,1,2
PHENOBARBITAL,232.23899999999995,232.084792244,220.14299999999997,75.27000000000001,2,3,2,0.7004,60.092400000000026,2,1,1,1,0,0,1,1,0,1,17,5,1,0.25,-2.17,11.319407152511545,4.008920169778624,1.5954555917347284,98.19951531969478,0.7368838068366227,12.466255326250886,9.318602998526266,9.318602998526266,8.108226125916318,5.333716209998576,5.333716209998576,3.8622813159634184,3.8622813159634184,3.0262809871232013,3.0262809871232013,2.0640792113105055,2.0640792113105055,0,0,4,2.66932939080235,18.529411764705884,2,5
THEOPHYLLINE,198.18199999999996,198.07529018,188.10199999999998,104.18,1,3,0,-1.8643999999999998,50.18950000000002,2,2,0,0,2,0,0,0,0,0,14,7,2,0.2857142857142857,-1.8900000000000003,10.192576383154416,3.1095317532882008,1.0618574497884699,77.93479684557177,0.5360024354006914,9.585421958697399,7.735487636617226,7.735487636617226,6.125897657686227,3.7175834945556487,3.7175834945556487,2.8055107915379596,2.8055107915379596,2.035704289978214,2.035704289978214,1.266017870441531,1.266017870441531,0,0,0,2.2638671365167182,10.142857142857142,3,7
THIOPENTAL,242.34400000000002,242.108898816,224.19999999999996,58.2,2,3,4,1.3498999999999999,65.67940000000003,1,0,1,0,0,0,1,1,0,1,16,5,1,0.7272727272727273,-0.9700000000000002,13.096533599467731,4.908146397569112,1.9584483355799363,101.1643898327749,0.5777126778981032,12.344934982691242,9.9234154841408575,10.739912065068584,7.484434885828627,5.654413082910466,6.062661373374329,4.252001201594507,4.66024949205837,3.385115542605425,3.5892396878373565,2.360222660594406,2.545618066543705,1,1,2,4.017481512929399,21.3125,2,4
TINIDAZOLE,247.27599999999998,247.062676896,234.17199999999997,95.1,0,5,5,0.5344200000000001,57.946200000000026,1,1,0,0,1,0,0,0,0,0,16,8,1,0.625,-1.44,12.62868131868132,4.6019453326954,2.7825859160309396,93.17326768432252,0.5584635043283493,12.344934982691244,9.081552851568459,9.898049432496185,7.371009241333563,4.7404677367383465,6.561834941784265,3.3087284503148213,5.781467105502188,2.286813145233041,3.971048610251137,1.253078274756188,2.0024982385596233,0,0,0,3.6322813157876928,11.625,0,7
VALPROIC ACID,144.214,144.115029752,128.08599999999998,37.3,1,1,5,2.2874,40.9418,0,0,0,0,0,0,0,0,0,0,10,2,0,0.875,-0.53,9.47,5.270170381876186,3.4868174048208713,62.24960168084558,0.6423719745530849,7.983127663125442,6.7612392798996375,6.7612392798996375,4.718744015013407,3.947116220877545,3.947116220877545,2.612511362237168,2.612511362237168,1.6235145467500236,1.6235145467500236,1.0882115674274204,1.0882115674274204,0,0,0,4.990851351636748,10.3,1,2
ZONISAMIDE,212.23000000000002,212.025563116,204.16599999999997,86.19000000000001,1,4,2,0.6163,50.820200000000014,2,2,0,1,1,0,0,0,0,0,14,6,1,0.125,-1.4,9.166608996539793,3.07139221415779,1.7539787417408788,80.54400990584925,0.7899579227288236,10.181798275874714,7.174064884490088,7.990561465417814,6.561461509579255,3.8989195169235282,5.614340973570852,2.93262554634757,4.547021478014453,1.790051102211571,2.4658570414447407,1.2327661761804283,1.822102238951968,0,0,0,2.011017964442934,12.071428571428571,2,5
ALPRAZOLAM,308.77200000000005,308.082874096,295.668,43.07,0,3,1,3.5801200000000017,86.89100000000002,4,3,1,2,1,0,1,0,0,0,22,5,2,0.11764705882352941,-2.459999999999999,13.220144300303355,5.0704066487242425,2.036578034945077,132.66005687193478,0.6893709827759431,15.104083527755582,11.992727789712616,12.748656735731071,10.737183443017884,7.049121653850143,7.42708612685937,5.191182528867209,5.6276183093391925,3.7723156901806956,4.0074127929684344,2.7926563810206866,2.9647594049735533,0,0,0,3.046886707152365,13.090909090909092,0,4
AMITRIPTYLINE,277.411,277.183049736,254.22699999999992,3.24,0,1,3,4.168600000000003,90.54200000000006,3,2,1,2,0,1,0,0,0,0,21,1,0,0.3,-1.8599999999999994,14.093099980398282,6.275955030244733,3.0846273208160424,127.47243372522377,0.8136783893547587,14.656489770562878,12.971793142952784,12.971793142952784,10.254020195423491,7.769385701641229,7.769385701641229,6.024044450132914,6.024044450132914,4.2035214253293,4.2035214253293,3.1035522228824806,3.1035522228824806,0,0,0,4.2117934149391685,13.571428571428571,0,1
AMLODIPINE,408.88200000000006,408.14519958,383.68200000000013,99.88000000000001,2,7,8,2.266300000000001,105.57710000000003,2,1,1,1,0,0,1,0,0,0,28,8,1,0.4,-2.349999999999999,21.9445555794135,10.264345352315052,4.729428437226229,169.0122544992623,0.5023259105130484,20.6814337969452,16.211734665212493,16.967663611230947,13.455126120231858,8.94203664689839,9.320001119907618,6.063742103008157,6.470942229748763,4.270333073683513,4.614539121589248,3.1184859688048063,3.3633282895030043,1,1,0,8.044517752506154,16.678571428571427,3,7
AMOXAPINE,313.788,313.09818981199993,297.66,36.86,1,4,0,3.4292000000000025,88.60770000000004,4,2,2,2,0,0,2,1,0,1,22,5,2,0.23529411764705882,-2.0399999999999996,13.611106605640474,5.629587732114244,2.4456707425611706,133.92337538654567,0.8093498766353519,14.940946820939052,12.05051896354658,12.806447909565035,10.809663088089318,7.422997374340849,7.8009618473500755,5.382726484697242,5.8191622651692265,3.9105674387483513,4.14566454153609,2.8122574839958574,2.984360507948725,0,0,0,3.482950853073307,16.954545454545453,1,4
BUPIVACAINE,288.43500000000006,288.22016351599996,260.21099999999996,32.34,1,2,5,3.8965400000000026,88.66570000000006,2,1,1,1,0,0,1,1,0,1,21,3,1,0.6111111111111112,-1.35,16.02802883290633,7.599376898652427,4.068068371596222,128.27609529258223,0.891012713024742,15.242276208189782,13.61461043102816,13.61461043102816,10.1302289553358,8.242825709114285,8.242825709114285,6.157161444194027,6.157161444194027,4.444516845696183,4.444516845696183,3.134886313422913,3.134886313422913,1,1,1,5.800144383034446,19.476190476190474,1,3
BUPRENORPHINE,467.6500000000003,467.303558792,426.32200000000023,62.16,2,5,4,4.413800000000004,130.19960000000003,8,1,7,1,0,5,2,5,4,1,34,5,2,0.7931034482758621,-1.3,21.940390200909402,6.330274445991157,2.250287558095378,203.36547646305274,0.686738022566705,23.888540578131746,21.48620001324428,21.48620001324428,16.016587629811113,13.553134539386745,13.553134539386745,13.79486419769349,13.79486419769349,11.856819890287959,11.856819890287959,9.580256519994688,9.580256519994688,7,0,0,4.084961512467399,43.88235294117647,2,5
BUPROPION,239.746,239.107691876,221.60199999999995,29.1,1,2,3,3.2993000000000023,68.13320000000003,1,1,0,1,0,0,0,0,0,0,16,3,0,0.46153846153846156,-0.86,13.206050198150596,4.980637186859673,3.950731413547198,102.00064843080672,0.8204937720146613,12.344934982691242,10.17296410942122,10.928893055439676,7.293512317148133,5.369174125161716,5.7471385981709435,4.990623522420323,5.427059302892308,2.1519374104478235,2.387034513235562,1.6068132037424059,1.7971010518816062,1,1,0,4.110909044277776,13.5625,1,2
CAFFEINE,194.194,194.08037556,184.114,61.82,0,3,0,-1.0293,51.19600000000001,2,2,0,0,2,0,0,0,0,0,14,6,2,0.375,-1.8499999999999999,8.73523326923911,2.5679479011227926,0.8757741627139433,79.02895701814933,0.5384628262372215,10.455665446700477,8.182701232117184,8.182701232117184,6.536581260209186,4.107927642957933,4.107927642957933,3.2334489655756182,3.2334489655756182,2.3165128954882372,2.3165128954882372,1.4711798853237632,1.4711798853237632,0,0,0,1.6022588528257544,11.071428571428571,0,6
CHLORAMPHENICOL,323.13199999999995,322.01232684400003,311.03599999999994,112.70000000000002,3,5,6,0.9089999999999998,72.56670000000003,1,1,0,1,0,0,0,0,0,0,20,9,0,0.36363636363636365,-1.4099999999999997,16.64379236148467,7.392954608862727,4.309031435917423,123.81547365578696,0.4090709280478973,15.284092571446669,10.070873269423847,11.582731161460758,9.362279762904677,5.48271598351556,6.355587544459529,3.8918314138637067,4.988096073409549,2.549103929777519,2.945495981288462,1.495665801296222,1.6216539589659646,2,0,1,6.1523400723896176,13.85,3,7
CHLORPROMAZINE,318.8730000000001,318.09574728800004,299.721,6.48,0,3,4,4.894400000000004,92.19400000000006,3,2,1,2,0,0,1,0,0,0,21,4,1,0.29411764705882354,-1.1599999999999997,14.763801473252023,6.304372410382191,3.203270439286252,135.25342033666848,0.7918053413291345,14.819626477379408,12.343412182360032,13.915837709306214,10.147867045540844,7.136710986404238,8.331172040341192,5.490300683775358,7.010513420734169,3.574794941917979,4.940160423539641,2.5884116965055552,3.8308620729095892,0,0,0,4.432214413349048,13.238095238095237,0,2
CLEMASTINE,343.898,343.170292132,317.68999999999994,12.47,0,2,6,5.104400000000005,100.56900000000006,3,2,1,2,0,0,1,1,0,1,24,3,1,0.42857142857142855,-1.3499999999999996,17.47230332155244,7.689383736353432,3.826164180769678,149.9437903281932,0.7227145221154114,16.993353063746344,14.542462956802048,15.298391902820503,11.593172145670254,8.751969156091917,9.129933629101146,6.819963237005305,7.25639901747729,5.233065452892165,5.485041768231651,3.6005427914898576,3.7265309491596,2,0,0,5.597968541557474,20.875,0,2
CLINDAMYCIN,424.9910000000001,424.179870836,391.72700000000015,102.26,4,7,7,0.3895000000000004,106.87510000000006,2,0,2,0,0,0,2,2,0,2,27,9,2,0.9444444444444444,-0.09000000000000005,23.191500616007254,10.093723701555763,5.291161799986219,170.3254453577105,0.4382730169795818,20.300600429391718,16.416143273853475,17.988568800799655,12.704815018005776,9.578734509045027,11.30307139123577,7.734255416479904,9.358687649788187,5.630970274445807,6.75701471757682,4.1133872348697516,4.999021620212108,9,0,1,8.669948127497685,39.925925925925924,4,7
CLOMIPRAMINE,314.86,314.154976416,291.676,6.48,0,2,4,4.528400000000004,95.47900000000006,3,2,1,2,0,0,1,0,0,0,22,3,1,0.3684210526315789,-1.5099999999999993,15.388161151015984,6.719552325532733,3.2857132602320616,137.86019454009644,0.8178744322781549,15.526733258565956,13.349377454269264,14.10530640028772,10.647867045540844,7.935569477126923,8.31353395013615,6.21021388658908,6.646649667061065,4.271276175731693,4.5063732785194315,3.1702873745895728,3.336630929630869,0,0,0,4.7000706385446325,13.727272727272727,0,2
CLONAZEPAM,315.716,315.04106886,305.636,84.6,1,4,2,3.037700000000001,83.6841,3,2,1,2,0,0,1,0,0,0,22,7,1,0.06666666666666667,-2.7299999999999995,14.217519400971987,5.572723046505113,2.5586032534213317,130.14044123411497,0.682474275950086,15.689869965382487,11.245695200914662,12.001624146933116,10.558550648063802,6.440633646418937,6.818598119428165,4.679853688351676,5.087053815092281,3.2529341739387494,3.582522394978795,2.259996757888712,2.4852334053314937,0,0,1,3.601377183178644,13.681818181818182,1,6
CODEINE,299.3700000000001,299.152143532,278.202,41.93,1,4,1,1.5010999999999999,82.46380000000003,5,1,4,1,0,2,2,1,0,1,22,4,2,0.5555555555555556,-1.52,12.968359178093896,4.059867674858224,1.2776232367596778,129.87893872736822,0.7981444096668123,15.060113453385565,12.951046269004294,12.951046269004294,10.663869018582144,8.102093592364024,8.102093592364024,7.113244797870749,7.113244797870749,6.354309691044521,6.354309691044521,5.388740830926851,5.388740830926851,5,0,0,2.3931737374133806,41.04545454545455,1,4
COLCHICINE,399.4430000000002,399.16818752,374.24300000000017,83.09,1,6,5,2.871600000000001,109.23470000000006,3,2,1,2,0,1,0,0,0,0,29,7,0,0.36363636363636365,-3.22,20.512615256870166,8.426176651903862,3.721770404485165,169.10472006325654,0.8325220081385356,21.129027554137906,17.250454651104402,17.250454651104402,13.942620665475822,9.262274124396015,9.262274124396015,6.750545770836781,6.750545770836781,5.098020717230943,5.098020717230943,3.8620647041129392,3.8620647041129392,1,0,1,5.960100680928495,14.724137931034482,1,7
COTININE,176.21900000000002,176.094963004,164.123,33.2,0,2,1,1.3749,48.982000000000035,2,1,1,0,1,0,1,1,0,1,13,3,2,0.4,-1.38,8.22879895318728,3.1656496783528167,1.414422843770367,77.3912862891444,0.647200855723837,9.259148545064338,7.603640389785005,7.603640389785005,6.287693700234704,4.444034959231595,4.444034959231595,3.345475184399548,3.345475184399548,2.5617311779403185,2.5617311779403185,1.767362672120297,1.767362672120297,1,0,1,2.003807289183639,22.384615384615383,0,3
DESIPRAMINE,266.388,266.178298704,244.21199999999993,15.27,1,2,4,3.5328000000000026,85.84170000000005,3,2,1,2,0,0,1,0,0,0,20,2,1,0.3333333333333333,-1.7999999999999994,13.195490638172728,6.101275951557094,2.5649296894273723,120.98201471222283,0.8516371541172786,13.7862462825598,12.101549654949705,12.101549654949705,9.898178147766926,7.47880207167587,7.47880207167587,5.3661694071584245,5.3661694071584245,4.0369967569332985,4.0369967569332985,3.0250641369973614,3.0250641369973614,0,0,0,4.025466484984002,13.55,1,2
DIAZEPAM,284.74600000000004,284.07164071600005,271.642,32.67,0,2,1,3.153800000000002,81.81000000000004,3,2,1,2,0,0,1,0,0,0,20,4,1,0.125,-2.129999999999999,12.881278899155532,5.097712849630266,2.207528872522681,122.06237911260713,0.79164533623487,14.11251969619286,11.006548889176562,11.762477835195018,9.66470379794645,6.329639001332097,6.707603474341325,4.645086508323747,5.081522288795732,3.368833542284992,3.6039306450727304,2.305497236422558,2.4776002603754255,0,0,1,3.283253048194818,14.6,0,3
DOTHIEPIN,295.451,295.139470672,274.28299999999996,3.24,0,2,3,4.675700000000004,92.69500000000005,3,2,1,2,0,0,1,0,0,0,21,2,1,0.2631578947368421,-1.5099999999999998,14.428222481005053,6.50379711452785,3.2240662322812885,131.2306016361924,0.8088707188299813,14.656489770562878,12.672934652230099,13.489431233157825,10.254020195423491,7.4086315908747,8.394230150528188,5.651731947012883,6.6689086218299565,3.792715741036061,4.915057742563291,2.7115302451163505,3.782554206057051,0,0,0,4.468487225701263,15.666666666666666,0,1
DOXEPIN,279.383,279.162314292,258.2149999999999,12.47,0,2,3,3.9624000000000033,87.46600000000005,3,2,1,2,0,0,1,0,0,0,21,2,1,0.2631578947368421,-2.0599999999999996,13.901814763425588,6.146844081766772,3.006125990520758,126.22103684033402,0.8428637069733037,14.656489770562878,12.672934652230099,12.672934652230099,10.254020195423491,7.4086315908747,7.4086315908747,5.651731947012883,5.651731947012883,3.792715741036061,3.792715741036061,2.7115302451163505,2.7115302451163505,0,0,0,4.069156562113357,15.285714285714286,0,2
DULOXETINE,297.423,297.11873522800005,278.2709999999999,21.259999999999998,1,3,6,4.630900000000003,90.17970000000005,3,3,0,2,1,0,0,0,0,0,21,3,1,0.2222222222222222,-1.8399999999999992,14.112237163246272,6.74349609375,3.25673052665814,128.93370099840905,0.7159243797705694,14.493353063746348,12.081563104386708,12.898059685314434,10.381341395361318,7.206838633214242,8.086491444469138,4.991425816450355,5.9706981246128095,3.5359058956771525,4.500263501424251,2.460887731980953,3.2500365058227065,1,0,0,4.5317055325916575,12.428571428571429,1,2
ESCITALOPRAM,324.39900000000006,324.16379151200005,303.231,36.26,0,3,5,3.812980000000003,90.91400000000006,3,2,1,2,0,0,1,0,0,0,24,4,1,0.35,-2.2199999999999998,16.631264146178772,6.721078415843811,3.0558017290424,141.8336970713098,0.8388667572429986,17.156489770562878,14.05051896354658,14.05051896354658,11.547679167567427,8.132551129043144,8.132551129043144,6.513142221613115,6.513142221613115,4.5881904390397406,4.5881904390397406,3.40870910235363,3.40870910235363,1,0,0,4.657501270044967,19.291666666666668,0,3
FLUOXETINE,309.33099999999996,309.134048856,291.18699999999995,21.259999999999998,1,2,6,4.435000000000003,79.79870000000004,2,2,0,2,0,0,0,0,0,0,22,5,0,0.29411764705882354,-2.0099999999999993,16.362054933938236,7.312920644092164,4.4948540227076474,127.47322151943769,0.8517964099245682,16.001789232183626,12.2298579637609,12.2298579637609,10.503349863289461,7.0393007383621145,7.0393007383621145,4.931541664038123,4.931541664038123,3.2878685536430825,3.2878685536430825,2.1235066311368174,2.1235066311368174,1,1,0,5.438836786643953,12.909090909090908,1,2
FLUVOXAMINE,318.339,318.155512572,297.171,56.84,1,4,9,3.201500000000001,78.71440000000003,1,1,0,1,0,0,0,0,0,0,22,7,0,0.5333333333333333,-1.6,18.449019607843134,9.423875114784204,6.444981257809245,127.62883049920973,0.432027738820179,16.424438962994,12.526995628522782,12.526995628522782,10.485711773084422,7.041895138855419,7.041895138855419,4.684895194043451,4.684895194043451,2.9413736260678456,2.9413736260678456,1.809394085756957,1.809394085756957,0,0,0,7.902784398841761,12.5,2,4
HYDRALAZINE,160.17999999999998,160.074896256,152.11599999999999,63.83,2,4,1,0.9153999999999998,47.34810000000002,2,2,0,1,1,0,0,0,0,0,12,4,1,0,-1.6799999999999997,6.99549850790995,2.7488119763581453,0.9807788404338078,69.38070608238566,0.48055416610873897,8.38890505706126,6.358528806137672,6.358528806137672,5.91501490017253,3.5865062258763922,3.5865062258763922,2.4247643124082683,2.4247643124082683,1.7071845668031875,1.7071845668031875,1.1345267220211275,1.1345267220211275,0,0,0,1.6024425065948673,10.083333333333334,3,4
HYDROMORPHONE,285.34299999999996,285.136493468,266.1909999999999,49.77,1,4,0,1.6302999999999999,76.67080000000004,5,1,4,1,0,2,2,2,1,1,21,4,2,0.5882352941176471,-1.55,12.04000459172308,3.609883762957393,1.2019387356524531,123.25157651569276,0.7869335307088955,14.353006672199017,12.133209023808512,12.133209023808512,10.125864216121359,7.876396692221595,7.876396692221595,7.099754521277423,7.099754521277423,6.385909370548719,6.385909370548719,5.520443558618369,5.520443558618369,4,0,0,2.0696674800758856,39.857142857142854,1,4
HYDROXYCHLOROQUINE,335.8790000000001,335.176440132,309.671,48.39,2,4,9,3.783000000000002,98.27150000000005,2,2,0,1,1,0,0,0,0,0,23,5,1,0.5,-1.3599999999999994,17.985553072207168,9.062254640025788,5.341836349421254,143.0243904946372,0.7317801043771166,16.656489770562878,13.926347561766145,14.6822765077846,11.134560252985372,8.277121803144688,8.655086276153915,5.865465663102048,6.3019014435740335,4.081594676579745,4.316691779367483,2.775269670050694,2.94161322509199,1,1,0,7.086507034001715,12.73913043478261,2,4
IMIPRAMINE,280.415,280.193948768,256.22299999999996,6.48,0,2,4,3.8750000000000027,90.46900000000007,3,2,1,2,0,0,1,0,0,0,21,2,1,0.3684210526315789,-1.7999999999999994,14.150516197935207,6.314843310189529,3.108345481049562,127.55692831321477,0.8384623265941307,14.656489770562878,13.048763250449664,13.048763250449664,10.254020195423491,7.835903638099349,7.835903638099349,6.065891941848764,6.065891941848764,4.215547540145039,4.215547540145039,3.1561689443320082,3.1561689443320082,0,0,0,4.255156788012367,13.761904761904763,0,2
ISONIAZID,137.142,137.058911844,130.08599999999998,68.00999999999999,2,3,1,-0.3149000000000006,35.89060000000001,1,1,0,0,1,0,0,0,0,0,10,4,1,0,-1.42,6.6965501165501164,2.9319034022891572,1.2945922692541976,58.03740421573957,0.31657867877201074,7.397341225498538,5.2422132319119505,5.2422132319119505,4.842535255101096,2.7532139951773598,2.7532139951773598,1.7093504426241088,1.7093504426241088,1.0736035943040487,1.0736035943040487,0.586622195880962,0.586622195880962,0,0,1,1.963363807031314,8.9,3,4
LEVODOPA,197.18999999999997,197.068807832,186.10199999999995,103.78000000000002,4,4,3,0.052200000000000135,49.08680000000002,1,1,0,1,0,0,0,0,0,0,14,5,0,0.2222222222222222,-1.75,10.331632653061224,3.972117202268431,2.366714454376792,80.41034351633131,0.5125069246930146,10.71517847069432,7.343747204098415,7.343747204098415,6.502907755397974,3.9967885591797376,3.9967885591797376,2.9719215653681355,2.9719215653681355,1.812638001675133,1.812638001675133,1.037227028910416,1.037227028910416,1,0,0,2.93131827062448,12.357142857142858,5,5
MAPROTILINE,277.41100000000006,277.183049736,254.22699999999992,12.03,1,1,4,4.211400000000004,87.90170000000006,5,2,3,2,0,3,0,0,0,0,21,1,0,0.4,-1.5999999999999996,13.090051020408161,4.993710782028756,1.8023658294971152,126.94623411728348,0.8254375445230729,14.2862462825598,12.731686328639373,12.731686328639373,10.366138617215372,8.20095926981256,8.20095926981256,6.554975452027931,6.554975452027931,5.593670330364824,5.593670330364824,4.7183355274118455,4.7183355274118455,0,0,0,3.1127585199008925,25.476190476190474,1,1
METHADONE,309.45300000000003,309.209264484,282.237,20.310000000000002,0,2,7,4.292000000000004,96.72800000000007,2,2,0,2,0,0,0,0,0,0,23,2,0,0.38095238095238093,-1.9299999999999993,17.424270887888333,7.560773919248965,3.532758370521064,139.6943321253776,0.7601212787758543,16.872032720186702,14.620528409422803,14.620528409422803,11.018909728439276,8.327929553051508,8.327929553051508,6.430867505534363,6.430867505534363,4.8134421176679085,4.8134421176679085,3.2109886899973206,3.2109886899973206,1,1,0,5.727868386568484,13.08695652173913,0,2
METHYLPHENIDATE,233.31099999999995,233.141578848,214.15899999999996,38.33,1,3,3,2.0852999999999997,66.84070000000004,2,1,1,1,0,0,1,1,0,1,17,3,1,0.5,-1.35,12.11605163722281,5.823540847729735,2.8560737857453966,102.1700383942993,0.8123400616112664,12.08757566981053,10.1863755900013,10.1863755900013,8.325698502695488,6.188340601625595,6.188340601625595,4.467913375421887,4.467913375421887,3.36460787137259,3.36460787137259,2.4832871382242985,2.4832871382242985,2,2,0,4.150489507209986,21.823529411764707,1,3
METOPROLOL,267.36899999999997,267.18344366,242.16899999999995,50.72,2,4,9,1.6132,76.66250000000005,1,1,0,1,0,0,0,0,0,0,19,4,0,0.6,-1.1,15.955865921787705,8.908256708575717,7.1546480807002135,115.28706854388426,0.7135696186852984,14.08757566981053,12.056238916311631,12.056238916311631,9.113392202930195,6.736267834766839,6.736267834766839,4.914526399758236,4.914526399758236,2.722324032776904,2.722324032776904,1.5953428232140634,1.5953428232140634,1,1,0,7.480997349415789,12.68421052631579,2,4
METRONIDAZOLE,171.15599999999998,171.064391148,162.08399999999997,81.19,1,4,3,0.09201999999999994,40.704200000000014,1,1,0,0,1,0,0,0,0,0,12,6,1,0.5,-1.43,8.664607379375592,3.310964147709046,1.42412717427458,68.61221882593873,0.5158680082581498,9.137828201504695,6.59691479449028,6.59691479449028,5.663902460147014,3.438905119045677,3.438905119045677,2.295965920471114,2.295965920471114,1.5446954127239922,1.5446954127239922,0.9783682928544701,0.9783682928544701,0,0,0,2.390683698923985,10.166666666666666,1,6
MIANSERIN,264.372,264.16264864,244.21199999999993,6.48,0,2,0,3.0839000000000016,83.27400000000006,4,2,2,2,0,0,2,1,0,1,20,2,2,0.3333333333333333,-1.7999999999999994,11.97999288002848,4.637130177514793,1.831999373482653,120.18615504528893,0.7212588245608211,13.526733258565956,11.919006738452742,11.919006738452742,9.826499840494925,7.436433325672088,7.436433325672088,5.975738149618502,5.975738149618502,4.679497501823577,4.679497501823577,3.6398866710785605,3.6398866710785605,1,1,0,2.7776393255196212,21.65,0,2
MINOXIDIL,209.25300000000001,209.12766009999999,194.13299999999998,95.11,2,5,1,-0.13029999999999975,58.08580000000001,2,1,1,0,1,0,1,1,0,1,15,6,2,0.5555555555555556,-1.72,9.820608400222834,3.7990994713070263,1.8790306939202912,88.08743730234191,0.49592964212759716,10.836498814253964,8.517473790465354,8.517473790465354,7.181540550352055,5.087764244997879,5.087764244997879,3.7394902178371865,3.7394902178371865,2.6287276967384807,2.6287276967384807,1.8032239980413536,1.8032239980413536,0,0,0,2.4872978787466606,16.666666666666668,4,6
MORPHINE,285.343,285.136493468,266.1909999999999,52.93000000000001,2,4,0,1.1981,77.57660000000003,5,1,4,1,0,2,2,1,0,1,21,4,2,0.5294117647058824,-1.52,12.066927436884919,3.6226846881803887,1.2071641349925186,123.19468513566073,0.7033474919154648,14.353006672199017,11.99001157404039,11.99001157404039,10.125864216121359,7.713327954418207,7.713327954418207,6.930110293573662,6.930110293573662,6.149738248658419,6.149738248658419,5.238415570709245,5.238415570709245,5,0,0,2.081651107570801,42.57142857142857,2,4
NALTREXONE,341.4070000000001,341.162708216,318.22300000000007,70,2,5,2,1.5253999999999999,89.79760000000005,6,1,5,1,0,3,2,3,2,1,25,5,2,0.65,-1.59,14.56607894211588,4.383338659775405,1.5578790284498225,146.1348054575494,0.8536215236957835,16.974327015758657,14.201742962868114,14.201742962868114,12.043478875583263,9.555734298676121,9.555734298676121,8.715981650209665,8.715981650209665,7.5583796866491895,7.5583796866491895,6.263575745735651,6.263575745735651,4,0,0,2.553922277932679,41.4,2,5
NICOTINE,162.236,162.115698448,148.12399999999997,16.130000000000003,0,2,1,1.8483,48.842000000000034,2,1,1,0,1,0,1,1,0,1,12,2,2,0.5,-0.89,7.743335629015882,3.2329339260923793,1.344570624512911,73.229764189100635,0.6261518225795569,8.38890505706126,7.4024988805076894,7.4024988805076894,5.877010097711745,4.478978391673248,4.478978391673248,3.4249925387477815,3.4249925387477815,2.5896294359397087,2.5896294359397087,1.9044874511330439,1.9044874511330439,1,0,0,2.0861410380137766,24.583333333333332,0,2
NORTRIPTYLINE,263.38399999999996,263.167399672,242.21599999999992,12.03,1,1,3,3.826400000000003,85.91470000000005,3,2,1,2,0,1,0,0,0,0,20,1,0,0.2631578947368421,-1.8599999999999994,13.1383245385578,6.06175238086963,2.5432784027273465,120.89752012423182,0.8299677542138636,13.7862462825598,12.024579547452825,12.024579547452825,9.898178147766926,7.4122841352177495,7.4122841352177495,5.324321915442575,5.324321915442575,4.0215459522531685,4.0215459522531685,2.9973099616446386,2.9973099616446386,0,0,0,3.9820635026120312,13.35,1,1
PAROXETINE,329.3710000000001,329.14272171999994,309.21100000000007,39.72,1,4,4,3.326500000000002,88.17770000000006,4,2,2,2,0,0,2,1,0,1,24,5,2,0.3684210526315789,-2.2699999999999996,15.26898251541231,6.690274020416143,3.1696483131854296,140.0874630943337,0.9339413767145557,16.355160383312146,13.33439567304019,13.33439567304019,11.79282633568371,8.280641273249634,8.280641273249634,6.236995097747859,6.236995097747859,4.713948190352601,4.713948190352601,3.4167809845682955,3.4167809845682955,2,0,0,4.256403210043804,22.375,1,4
PEFLOXACIN,333.36300000000006,333.14886972,313.20300000000003,65.78,1,4,3,1.6105000000000003,90.50930000000004,3,2,1,1,1,0,1,1,0,1,24,7,2,0.4117647058823529,-2.41,16.447862009987272,6.238342898078794,2.752992314352158,138.25887357603418,0.9243839877881742,17.43035694138864,13.750900149438403,13.750900149438403,11.417922655570505,7.955084689710336,7.955084689710336,6.074159375342378,6.074159375342378,4.563823088297221,4.563823088297221,3.1030483978794545,3.1030483978794545,0,0,0,4.275308464941004,15.875,1,6
PREDNISOLONE,360.4500000000002,360.1936739959999,332.22600000000006,94.83,3,5,2,1.5575999999999999,95.04840000000004,4,0,4,0,0,4,0,3,3,0,26,5,0,0.7142857142857143,-1.3,18.081485487885935,5.599719839148237,2.0792514525694963,153.34130809395182,0.6946116752943167,18.90541291500631,15.44222993887427,15.44222993887427,12.170504622625403,9.660624318644738,9.660624318644738,9.191954693584504,9.191954693584504,8.252706604226965,8.252706604226965,6.919333408949082,6.919333408949082,7,0,0,3.8942789618379154,49.88461538461539,3,5
PROPRANOLOL,259.34900000000005,259.157228912,238.18099999999995,41.489999999999995,2,3,6,2.5775000000000006,78.58850000000005,2,2,0,2,0,0,0,0,0,0,19,3,0,0.375,-1.5799999999999996,13.84252142964087,6.547124220490315,3.9447395719001546,113.76036150292278,0.8375057924076362,13.664925939000156,11.465827871043551,11.465827871043551,9.16470379794645,6.685791019114888,6.685791019114888,5.0050612108958275,5.0050612108958275,2.9425786417040287,2.9425786417040287,1.9381932675812228,1.9381932675812228,1,1,0,4.769931964455682,12.842105263157896,2,3
QUININE,324.4240000000001,324.183778008,300.232,45.59,1,4,4,3.1732000000000014,95.02680000000007,5,2,3,1,1,0,3,3,0,3,24,4,4,0.45,-1.9099999999999997,15.60801064990268,6.187607918654215,2.5024063339993896,142.3134262032049,0.8776016184783941,16.681433796945207,14.058925674792736,14.058925674792736,11.707039898056808,8.682990361275793,8.682990361275793,6.97439365893587,6.97439365893587,5.8194843766095925,5.8194843766095925,4.44430603425086,4.44430603425086,5,1,0,4.024010428824048,30.25,1,4
RISPERIDONE,410.4930000000003,410.211804324,383.27700000000016,64.16,0,5,4,3.5904200000000026,112.25800000000005,5,3,2,1,2,0,2,1,0,1,30,7,4,0.5217391304347826,-2.539999999999999,19.42507820908214,7.945993904374621,3.5548338156190753,174.23929709545143,0.6577452185749303,20.66456146007064,17.363784324560765,17.363784324560765,14.597356788324023,10.963062134042449,10.963062134042449,8.580102500215455,8.580102500215455,6.694743712192054,6.694743712192054,4.943831929390462,4.943831929390462,0,0,0,5.145051768045565,18.066666666666666,0,6
SUMATRIPTAN,295.408,295.135447912,274.24,65.2,2,3,6,1.3211999999999997,82.24020000000004,2,2,0,1,1,0,0,0,0,0,20,6,1,0.42857142857142855,-1.37,15.027158953632522,5.948317132030925,3.592166601280715,119.58235250485261,0.8445712183265353,14.750712376627062,12.102679887209694,12.91917646813742,9.409815381593782,6.559278492265592,8.211543718585748,5.210335183288201,7.136754360554008,3.3278797192314253,4.663261348185828,2.157824550963068,2.92055269010132,0,0,0,4.469315352482212,12.4,2,5
TEMAZEPAM,300.74500000000006,300.066555336,287.641,52.900000000000006,1,3,1,2.4722,82.94980000000002,3,2,1,2,0,0,1,0,0,0,21,5,1,0.125,-2.169999999999999,13.796676031583202,5.313400174373422,2.435662020065429,126.85661286480315,0.879421465403288,14.982763184195939,11.324005972679599,12.079934918698054,10.075387400469408,6.4649307588111204,6.842895231820348,4.776126255531088,5.2125620360030736,3.4251441634208657,3.6602412662086046,2.3554435284670134,2.5275465524198806,1,1,1,3.4908219443803707,18.047619047619047,1,4
TIMOLOL,316.4270000000002,316.156911628,292.23500000000007,79.74,2,8,6,0.5024999999999997,82.19850000000004,2,1,1,0,1,0,1,1,0,1,21,8,2,0.8461538461538461,-0.9600000000000002,16.411192297127325,7.347621671258034,5.385438987782126,129.13279449954695,0.790985307512128,15.29468245099708,12.833590209700336,13.650086790628063,9.955308359696607,7.166822707238256,7.897119450578478,6.088132381806424,6.616580069662079,3.033390983629014,3.535449742992379,1.89313673304818,2.413376358959236,1,0,0,5.742058674931222,17.80952380952381,2,7
TRIPROLIDINE,278.399,278.178298704,256.22299999999996,16.130000000000003,0,2,4,3.9175200000000032,88.16900000000005,3,2,1,1,1,0,1,1,0,1,21,2,2,0.3157894736842105,-1.9299999999999997,14.026132168654264,6.682521574073874,3.586721213848961,126.69208170617026,0.8424584892829,14.493353063746348,12.62611351963929,12.62611351963929,10.326499840494924,7.7374547502470605,7.7374547502470605,5.706517539928642,5.706517539928642,4.055710350972486,4.055710350972486,2.8110881125361886,2.8110881125361886,0,0,0,4.463330038944938,16.333333333333332,0,2
VENLAFAXINE,277.4079999999999,277.204179104,250.19199999999995,32.7,1,3,5,3.0356000000000014,82.32380000000005,2,1,1,1,0,1,0,1,1,0,20,3,0,0.6470588235294118,-1.06,15.331143339748435,6.59472130944262,3.52569093341468,122.10754787623671,0.8976823731418612,14.58757566981053,12.932067514531196,12.932067514531196,9.548660601927534,7.560706736348482,7.560706736348482,6.2522245832248435,6.2522245832248435,4.433918253019514,4.433918253019514,3.2994143959316062,3.2994143959316062,1,1,0,5.055230884037915,19.85,1,3
VERAPAMIL,454.6110000000002,454.28315769599993,416.30700000000024,63.95,0,6,13,5.093080000000005,131.65600000000003,2,2,0,2,0,0,0,0,0,0,33,6,0,0.5185185185185185,-2.9099999999999997,26.343179198047235,12.362155765232773,6.326433951969804,198.5692233112098,0.41990487617646394,24.432510652501765,21.10440614311549,21.10440614311549,15.842432787502407,11.379315865652575,11.379315865652575,8.653784144576882,8.653784144576882,6.4248752849762125,6.4248752849762125,4.225326818167964,4.225326818167964,1,1,0,9.86843892720302,12.848484848484848,0,6
ZIDOVUDINE,267.245,267.096753896,254.14099999999996,133.07999999999998,2,5,3,-0.19628000000000012,64.60650000000003,2,1,1,0,1,0,1,1,0,1,19,9,2,0.6,-2.09,13.344207765672458,5.268544354094518,2.525949955530779,106.62903730140096,0.4454004294146897,13.991199352633217,10.18442748802298,10.18442748802298,9.062080607913938,5.690837383582931,5.690837383582931,4.298380370431165,4.298380370431165,3.0401842974485507,3.0401842974485507,2.0380975383013538,2.0380975383013538,3,0,0,3.7002394991419916,26.105263157894736,2,9
ZOLPIDEM,307.39700000000005,307.168462292,286.22900000000004,37.61000000000001,0,2,3,3.2488400000000013,92.50000000000003,3,3,0,1,2,0,0,0,0,0,23,4,2,0.2631578947368421,-2.62,15.282399930999288,5.875869234240426,2.97220473110977,135.93731415834662,0.7446971593088008,16.560113453385565,13.998447742477667,13.998447742477667,10.952397498181153,7.702616938079144,7.702616938079144,6.172722899541878,6.172722899541878,4.007823471620387,4.007823471620387,2.61242805207846,2.61242805207846,0,0,1,3.9042340686920314,10.956521739130435,0,4
ABACAVIR,286.33900000000006,286.154209196,268.19499999999994,101.88,3,6,4,1.0922999999999998,79.74990000000001,4,2,2,0,2,2,0,1,1,0,21,7,2,0.5,-2.1500000000000004,12.580123737360514,4.696423830473371,2.2293171590176106,121.45834382482485,0.7272302824304794,14.396976746569035,11.605946986573365,11.605946986573365,10.241514740667453,7.301056943267136,7.301056943267136,5.803680855058162,5.803680855058162,4.098384016973035,4.098384016973035,2.7921243136477862,2.7921243136477862,2,0,0,2.813409186211602,24.80952380952381,4,7
APIXABAN,459.5060000000003,459.19065428,434.3060000000003,110.75999999999999,1,5,5,2.699600000000001,126.66040000000002,5,3,2,2,1,0,2,1,0,1,34,9,3,0.28,-4.14,21.692447215855985,8.659759666570226,3.6844657360340016,196.24825339255113,0.6307445123645382,23.81926199844989,18.8606406536812,18.8606406536812,16.47356554823633,11.260964313548314,11.260964313548314,8.375518044050278,8.375518044050278,6.363494382159523,6.363494382159523,4.605828052080912,4.605828052080912,0,0,3,5.525040572619801,15.911764705882353,2,9
BUDESONIDE,430.5410000000002,430.2355388079999,396.2690000000002,93.06,2,6,4,2.7168000000000014,112.86660000000005,5,0,5,0,0,4,1,4,3,1,31,6,1,0.76,-1.34,21.502813864413955,7.077732320442025,2.6509012112996055,183.22810210482677,0.7124527920741569,22.181433796945203,18.673320243867835,18.673320243867835,14.707527990726081,11.80697355342905,11.80697355342905,10.725167506633191,10.725167506633191,9.371349774061866,9.371349774061866,8.122912201539377,8.122912201539377,9,1,0,4.90939227963263,50.354838709677416,2,6
DOXAZOSIN,451.4830000000003,451.1855689,426.28300000000024,112.27000000000001,1,9,4,1.7177999999999993,122.20040000000006,5,3,2,2,1,0,2,1,0,1,33,10,3,0.34782608695652173,-3.9499999999999997,20.925167364351914,8.530792550820328,3.8791095225649475,190.357535597191,0.6334640734356928,22.94901851044682,18.484431893768896,18.484431893768896,16.067213243362943,10.685695919867305,10.685695919867305,7.809754065513631,7.809754065513631,5.876953047095289,5.876953047095289,4.079722081105177,4.079722081105177,1,1,1,5.409341268984302,17.696969696969695,2,10
ESTRADIOL,272.3879999999999,272.177630008,248.19599999999994,40.46,2,2,0,3.6092000000000026,78.73060000000005,4,1,3,1,0,3,0,2,2,0,20,2,0,0.6666666666666666,-1.02,12.700482099286223,4.2366779154371,1.604791759224291,120.38168253606061,0.757169743555686,13.905412915006313,12.178519762446586,12.178519762446586,9.593172145670254,8.092631572702832,8.092631572702832,7.436274352474407,7.436274352474407,6.660103851837375,6.660103851837375,5.541204479556272,5.541204479556272,5,0,0,2.6903926012725075,42.7,2,2
ALCOHOL,46.069,46.041864812,40.021,20.23,1,1,0,-0.0014000000000000123,12.759800000000002,0,0,0,0,0,0,0,0,0,0,3,1,0,1,-0.04,2.9600000000000004,1.96,1.9600000000000033,19.89842689442217,0.4068079656553945,2.7071067811865475,2.1543203766865053,2.1543203766865053,1.4142135623730951,1.0233345472033855,1.0233345472033855,0.3162277660168379,0.3162277660168379,0,0,0,0,0,0,0,1.9338666666666668,6,1,1
LIDOCAINE,234.343,234.173213324,212.16699999999994,32.34,1,2,5,2.5837400000000006,72.33370000000005,1,1,0,1,0,0,0,0,0,0,17,3,0,0.5,-1.35,13.713897763578274,6.4012209135305955,3.858200815473424,103.82215798852502,0.8489671904749567,12.836498814253964,11.208833037092342,11.208833037092342,8.078917360319544,6.164591332105107,6.164591332105107,4.276374970349688,4.276374970349688,3.007185260971884,3.007185260971884,1.8408792833076064,1.8408792833076064,0,0,1,5.163864068837512,10.647058823529411,1,3
LORAZEPAM,321.163,320.01193292,311.08299999999997,61.69,2,3,1,3.1013000000000015,83.17950000000002,3,2,1,2,0,0,1,0,0,0,21,6,1,0.06666666666666667,-1.8799999999999992,14.073964359504131,5.483862253091111,2.6540649291266583,130.58496549069287,0.847697894583369,14.982763184195939,10.677406580999241,12.189264473036152,10.058550648063802,6.176152470982485,6.93208141700094,4.510377961098409,5.354013868310998,3.1094747349565592,3.6741600587843433,2.1370080964316513,2.5343477678273003,1,1,1,3.675222947734968,17.571428571428573,2,4
MIRTAZAPINE,265.36,265.157897608,246.20799999999994,19.37,0,3,0,2.4789000000000003,81.06900000000005,4,2,2,1,1,0,2,1,0,1,20,3,3,0.35294117647058826,-1.8699999999999997,11.91553470515496,4.5990470900709735,1.8129321738332898,119.40580302623545,0.7292796247091088,13.526733258565956,11.788870064763074,11.788870064763074,9.826499840494925,7.296230545241081,7.296230545241081,5.83315842329953,5.83315842329953,4.518013329314132,4.518013329314132,3.4914138681672258,3.4914138681672258,1,1,0,2.7400052606191307,21.65,0,3
PANTOPRAZOLE,383.3760000000001,383.0751334,368.2560000000001,92.32000000000001,1,6,7,2.8843000000000005,90.17910000000002,3,3,0,1,2,0,0,0,0,0,26,10,2,0.25,-2.5900000000000003,18.208568180772755,7.748788965519116,3.8056821341293077,150.04448420774588,0.6309371659531016,18.681433796945207,13.86280598566199,14.679302566589715,12.511570350697118,7.403088017215537,8.72201991020236,5.082429329127233,6.4488468564460275,3.5076457343761116,4.667926554330067,2.3921728148706483,3.406827715719816,1,1,0,5.426705853733631,12.384615384615385,1,7
PENTOXIFYLLINE,278.31200000000007,278.13789043599996,260.168,78.89,0,4,5,0.19300000000000006,74.74700000000003,2,2,0,0,2,0,0,0,0,0,20,7,2,0.5384615384615384,-2.18,14.233786405354829,5.439070630183458,2.42918078649709,115.01518969017611,0.7314900236053014,14.861442840636295,11.919376647327239,11.919376647327239,9.430428110326542,6.53461934930002,6.53461934930002,4.985191818151637,4.985191818151637,3.3615618239456366,3.3615618239456366,2.237279566059452,2.237279566059452,0,0,0,3.8709284796835015,11.15,0,7
PROPYLTHIOURACIL,170.237,170.05138394,160.15699999999998,48.65,2,2,2,1.38499,46.2424,1,1,0,0,1,0,0,0,0,0,11,4,1,0.42857142857142855,-0.9000000000000001,8.199009900990099,3.4791154361633936,2.3073839344097378,69.48582777182844,0.6587322532597096,8.267584713501616,6.3080604124904465,7.124556993418173,5.21954535281284,3.5462587314333103,3.9545070218971734,2.362950890466443,2.771199180930306,1.3354817961793313,1.5396059414112628,0.9233917778266715,1.1550783583397994,0,0,0,2.59320926434465,9.909090909090908,2,3
QUETIAPINE,383.51700000000017,383.16674804,358.3170000000002,48.300000000000004,1,6,5,2.8560000000000016,109.12180000000004,4,2,2,2,0,0,2,1,0,1,27,6,2,0.38095238095238093,-1.859999999999999,18.50084730171864,8.885924063609108,4.352616912155156,164.20719288140702,0.8048695029648197,18.476480726871788,15.381007365936949,16.197503946864675,13.347667890550102,9.458486087383703,10.274982668311429,6.666024559902575,7.749801516389401,4.898789906170252,6.039833264702616,3.453586328466684,4.471266596296782,0,0,0,6.088782379092566,17.074074074074073,1,5
REBOXETINE,313.39700000000005,313.167793596,290.213,39.72,1,4,6,3.1938000000000004,90.03170000000006,3,2,1,2,0,0,1,1,0,1,23,4,1,0.3684210526315789,-2.0399999999999996,15.840489018927025,7.993805643840208,4.032015959903848,136.9277588449367,0.8888730494256725,15.907566626119443,13.404024957223667,13.404024957223667,11.381341395361314,8.139507272922211,8.139507272922211,5.442249695661326,5.442249695661326,3.8250019001519804,3.8250019001519804,2.7405118634783934,2.7405118634783934,2,2,0,5.505469153073378,19.08695652173913,1,4
THEOBROMINE,180.16699999999997,180.064725496,172.10299999999998,72.68,1,3,0,-1.0397,46.575700000000005,2,2,0,0,2,0,0,0,0,0,13,6,2,0.2857142857142857,-1.85,7.781340073498282,2.317238170551303,0.914621891205329,72.4540434171574,0.5624722357827984,9.585421958697399,7.235487636617226,7.235487636617226,6.1090609052806215,3.713500451958018,3.713500451958018,2.845981930597547,2.845981930597547,1.9756153887891148,1.9756153887891148,1.2614350384905433,1.2614350384905433,0,0,0,1.3870167874115924,10.923076923076923,1,6
THIOPENTAL SODIUM,264.326,264.090843064,247.18999999999997,60.27,1,3,4,-0.8619999999999983,65.90270000000002,1,0,1,0,0,0,1,1,0,1,17,6,1,0.7272727272727273,0.029999999999999805,17.029999999999998,6.827529850716722,3.075636364362984,129.57778945548685,0.4081602059208447,12.344934982691242,10.870629079640816,13.687125660568542,7.484434885828627,5.601626678410423,6.0098749688742865,4.1908614388225995,4.577559769889587,3.330996893300943,3.5243460588344364,2.2999393050856183,2.475548354144028,2,2,2,6.8395784328062215,25.705882352941178,1,4
LABETALOL,328.4120000000001,328.178692628,304.21999999999997,95.57999999999998,4,4,8,2.1353999999999997,93.81220000000003,2,2,0,2,0,0,0,0,0,0,24,5,0,0.3157894736842105,-2.37,17.97570231913846,8.47316831573415,5.077760022698596,141.6828346113938,0.5968389616111595,17.526733258565955,13.77484878610931,13.77484878610931,11.469234250586762,8.051626342052955,8.051626342052955,5.990204547326001,5.990204547326001,4.039354379873848,4.039354379873848,2.5188609594472697,2.5188609594472697,2,2,1,6.346297972649702,13.416666666666666,5,5
ACITRETIN,326.4360000000001,326.18819469199997,300.228,46.53,1,2,6,5.167060000000005,100.52880000000005,1,1,0,1,0,0,0,0,0,0,24,3,0,0.2857142857142857,-2.55,19.49662004662005,8.919939842211916,5.57871139047988,144.21642378845576,0.5794537711852106,18.27565640300939,15.305162060755068,15.305162060755068,11.256126613022033,7.84950445543621,7.84950445543621,5.889126182522901,5.889126182522901,3.910730810094124,3.910730810094124,2.398551136148485,2.398551136148485,0,0,0,7.2461949142630715,13.083333333333334,1,3
FLURBIPROFEN,244.265,244.089957876,231.16099999999994,37.3,1,1,3,3.6808000000000023,67.88680000000002,2,2,0,2,0,0,0,0,0,0,18,3,0,0.13333333333333333,-2.1599999999999993,12.300954293871056,5.001422908877978,2.399039500976548,104.70461492391684,0.8937504426107861,13.120955864630139,9.929578781679682,9.929578781679682,8.592224152875016,5.67013119210132,5.67013119210132,4.1652345741536,4.1652345741536,2.9483613261911517,2.9483613261911517,1.7950975629394583,1.7950975629394583,1,1,0,3.417904144801535,12.11111111111111,1,2
IBUPROFEN,206.28499999999997,206.130679816,188.14099999999996,37.3,1,1,4,3.073200000000001,61.03480000000004,1,1,0,1,0,0,0,0,0,0,15,2,0,0.46153846153846156,-1.31,11.763046018991963,4.964460295417243,3.387630631562938,90.94175377251302,0.8215995486924976,11.422285251880869,9.526670282288125,9.526670282288125,7.002907755397974,5.32030090584347,5.32030090584347,4.3994781236223774,4.3994781236223774,2.494095609718196,2.494095609718196,1.556376775771452,1.556376775771452,1,1,0,3.8931449942967644,12.8,1,2
MESALAMINE,153.137,153.042593084,146.08099999999996,83.55,3,3,1,0.6726000000000001,39.478500000000004,1,1,0,1,0,0,0,0,0,0,11,4,0,0,-1.71,7.397642626480085,2.4943628247787246,1.402945662258468,62.88622553534207,0.40871585512742575,8.430721420318147,5.612076558222283,5.612076558222283,5.109060905280622,2.928046747039288,2.928046747039288,2.0817390106800127,2.0817390106800127,1.251018151748077,1.251018151748077,0.7249564780049851,0.7249564780049851,0,0,0,1.6774913416809425,9.454545454545455,4,4
NELFINAVIR,567.7960000000003,567.31307792,522.4360000000004,101.9,4,6,9,4.747620000000004,160.5924999999997,4,2,2,2,0,1,1,2,1,1,40,8,1,0.5625,-2.55,30.409538932375426,13.407906745472761,8.015265495682277,242.66985707369898,0.3265009773626079,28.86323207281991,24.22879340684898,25.045289987776705,19.013859007760406,14.529963187051171,15.515561746704659,12.470328870492498,13.56374185921168,8.228258886041397,9.359541169413848,6.0617031536814165,7.088778945006789,5,0,2,10.193206554452825,23.075,4,7
OXCARBAZEPINE,252.27299999999997,252.089877624,240.17699999999994,63.400000000000006,1,2,0,2.6422000000000008,72.64090000000003,3,2,1,2,0,0,1,0,0,0,19,4,1,0.06666666666666667,-2.619999999999999,11.4692641265699,4.2423570760462965,1.775485536222831,110.00026108252523,0.7829578147216557,13.405412915006313,10.166969380320866,10.166969380320866,9.181540550352056,5.979551137874412,5.979551137874412,4.41946228521939,4.41946228521939,3.2492738043137046,3.2492738043137046,2.418278455091216,2.418278455091216,0,0,2,2.5608796749683034,13.473684210526315,2,4
PIROXICAM,331.35300000000007,331.06267689599997,318.24899999999997,99.6,2,5,2,1.5809999999999997,83.80630000000004,3,2,1,1,1,0,1,0,0,0,23,8,2,0.06666666666666667,-2.8699999999999997,15.042183664330786,5.398063656574466,2.4232486117292016,132.49870717684678,0.8701839218107902,16.612519696192862,12.093436101872335,12.909932682800061,10.92555748620835,6.666414091913747,8.106477420714388,4.835009475107597,6.772691117896526,3.441392893169087,5.256851024211377,2.294371166383587,3.692312811799923,0,0,1,3.530376737127919,15.956521739130435,2,7
PROBENECID,285.36499999999995,285.10347908800003,266.21299999999997,74.68,1,3,7,2.1955,72.74210000000005,1,1,0,1,0,0,0,0,0,0,19,6,0,0.46153846153846156,-1.4,15.656818181818181,6.675550267697799,3.778948267760264,113.46236333513149,0.8330157421148818,14.466255326250886,11.165248554360064,11.98174513528779,8.929087446058485,6.26579890683492,7.705862235635561,4.233615582224066,6.171550562165737,2.6850596993245213,4.597928199211129,1.7695169106127802,3.393545371718104,0,0,0,5.500940884470112,11.736842105263158,1,5
QUINAPRIL,438.5240000000003,438.21547205999997,408.2840000000002,95.94000000000001,2,5,9,2.5671,119.90150000000007,3,2,1,2,0,0,1,0,0,0,32,7,1,0.4,-3.1899999999999995,23.472634667293683,10.906971069016844,5.733882354705077,187.92895479483326,0.5844860779881329,23.087211190881018,18.491157489063617,18.491157489063617,15.4010859031649,10.969835314556867,10.969835314556867,8.010271333105079,8.010271333105079,5.773935607214296,5.773935607214296,4.064783492095856,4.064783492095856,3,0,1,8.000479600930438,17.1875,2,7
SULFASALAZINE,398.4000000000001,398.068490548,384.28800000000024,141.31,3,7,6,3.7016000000000013,100.7296,3,3,0,2,1,0,0,0,0,0,28,10,1,0,-3.789999999999999,18.98501866545865,7.841843705096445,4.482929351927807,159.6375871519161,0.5405882217196541,20.148053602125593,14.21991410044113,15.036410681368857,13.348173775453853,7.8700148588795,9.353178106473893,5.52098247809172,7.203384719501236,3.542333018231929,4.912967947461019,2.1846787042081024,3.1929933486900133,0,0,0,5.31705532545948,11.428571428571429,3,9
WARFARIN,308.3330000000001,308.10485899199995,292.205,67.50999999999999,1,4,4,3.609600000000003,87.73180000000005,3,3,0,2,1,0,0,0,0,0,23,4,1,0.15789473684210525,-2.88,15.032579420487952,6.084896581778482,2.8788855581374135,132.5520250911752,0.7476258148419598,16.396976746569035,12.652567939974356,12.652567939974356,11.07538740046941,7.367289200637053,7.367289200637053,5.517369609663823,5.517369609663823,3.86185397401564,3.86185397401564,2.8145578316488793,2.8145578316488793,1,1,0,3.977030049175682,12.217391304347826,1,4
ALBENDAZOLE,265.33799999999997,265.08849772,250.21799999999996,67.01,2,4,4,3.2433000000000005,73.13640000000002,2,2,0,1,1,0,0,0,0,0,18,6,1,0.3333333333333333,-1.69,12.758811074500034,5.769921587334713,2.9509653347357694,109.31462616369996,0.8327124144827058,12.957819157813608,10.31822283683352,11.134719417761247,8.723876650462412,5.701650109153562,6.687248668807051,3.7294089062852156,4.897736852134921,2.3332347363357386,3.532874399050578,1.502223727720748,2.3012800860587954,0,0,1,4.089852191526831,10.555555555555555,2,5
ARIPIPRAZOLE,448.39400000000006,447.14803246400004,421.17800000000017,44.81,1,4,7,4.859300000000005,123.23670000000006,4,2,2,2,0,0,2,1,0,1,30,7,2,0.43478260869565216,-1.949999999999999,21.288457529152762,9.90458795852269,5.203217187725054,187.44232758419403,0.6149801508040519,20.924074484064487,17.00202214494933,18.51388003698624,14.597356788324023,10.568791114657495,11.32472006067595,7.824330846087763,8.609495445837593,5.758419358128084,6.567346235473263,4.017137067374732,4.43219956801867,0,0,1,7.028446669958938,16.866666666666667,1,5
CITALOPRAM,324.39900000000006,324.16379151200005,303.231,36.26,0,3,5,3.812980000000003,90.91400000000006,3,2,1,2,0,0,1,0,0,0,24,4,1,0.35,-2.2199999999999998,16.631264146178772,6.721078415843811,3.0558017290424,141.8336970713098,0.8388667572429986,17.156489770562878,14.05051896354658,14.05051896354658,11.547679167567427,8.132551129043144,8.132551129043144,6.513142221613115,6.513142221613115,4.5881904390397406,4.5881904390397406,3.40870910235363,3.40870910235363,1,1,0,4.657501270044967,19.291666666666668,0,3
DAPSONE,248.30700000000002,248.061948624,236.21099999999996,86.18,2,4,2,1.6838000000000002,67.16060000000002,2,2,0,2,0,0,0,0,0,0,17,5,0,0,-2.01,11.47466814585883,4.101809822106994,2.236161413591126,99.79367710137302,0.7916266736810947,12.466255326250886,8.99824756328785,9.814744144215576,7.998037131279782,4.96166630307866,6.4448295506730515,3.641507975150974,5.5911905921195935,2.3808018385437597,4.166337772206112,1.4300430040979335,2.6909840294701053,0,0,0,2.7686415591824707,11.294117647058824,4,4
EFAVIRENZ,315.67799999999994,315.027390868,306.60599999999994,38.33,1,2,0,4.073100000000001,69.7887,3,1,2,1,0,1,1,1,1,0,21,7,1,0.35714285714285715,-1.87,14.083531974442574,4.567094032752005,2.422136888883137,122.9633050682897,0.7328090954055055,15.25071237662706,10.551969112096232,11.307898058114688,9.816298692132575,6.211506968949373,6.5894714419586,4.926981826340496,5.36341760681248,3.272306335994556,3.507403438782295,2.0518967467416793,2.223999770694547,1,0,1,3.062895944788035,24.285714285714285,1,3
LOPINAVIR,628.8139999999999,628.362470636,580.4300000000003,120,4,5,15,4.328140000000003,179.5358999999995,4,3,1,3,0,0,1,1,0,1,46,9,1,0.43243243243243246,-4.369999999999999,34.50215976368346,16.800052215267485,9.813282839260593,272.27542605449304,0.19987412374859306,33.05346651713189,27.369472666574467,27.369472666574467,22.1171012961276,16.211387532744794,16.211387532744794,12.539353366501999,12.539353366501999,8.411735501010686,8.411735501010686,6.1159298989720154,6.1159298989720154,4,0,4,12.600827947160498,15.782608695652174,4,9
LORATADINE,382.89100000000025,382.144805656,359.70700000000016,42.43,0,3,1,4.887800000000005,106.94800000000004,4,2,2,1,1,1,1,1,0,1,27,5,2,0.36363636363636365,-2.329999999999999,18.052915404577863,7.729953781795351,3.5865231460805265,164.35941045226315,0.7048857984659846,18.802754140504845,15.50273732838046,16.258666274398916,13.169035095596021,9.538469695377792,9.916434168387019,6.977123376220907,7.413559156692892,5.374940955493929,5.610038058281667,4.05722930839606,4.2519295347709765,0,0,1,5.1684519149647485,16.444444444444443,0,4
NAPROXEN,230.26299999999998,230.094294308,216.15099999999995,46.53,1,2,3,3.036500000000001,66.55080000000004,2,2,0,2,0,0,0,0,0,0,17,3,0,0.21428571428571427,-2.03,11.455255502156714,4.454042614687935,2.228492726961196,99.64213719056528,0.8810778082204156,12.41384908344359,9.805162060755066,9.805162060755066,8.113392202930193,5.420871660482128,5.420871660482128,4.032443980554452,4.032443980554452,2.941891194800808,2.941891194800808,1.781186018347152,1.781186018347152,1,0,0,3.0013056569849668,12.352941176470589,1,3
NEFAZODONE,470.01700000000034,469.22445294399995,437.7610000000003,55.53,0,5,10,3.5519000000000025,132.52399999999997,4,3,1,2,1,0,1,1,0,1,33,8,2,0.44,-2.769999999999999,23.39026247723646,11.386687349679425,6.177896565208828,199.68897745780023,0.4542179585941736,23.045394827624126,19.19774926600886,19.953678212027313,16.135361590784807,11.71024499177975,12.088209464788976,8.250763024234187,8.687198804706172,6.032377949174438,6.267475051962177,4.235838867378967,4.420367246606596,0,0,0,8.070836541067566,14.545454545454545,0,7
PHENACETIN,179.219,179.094628656,166.11499999999998,38.33,1,2,3,2.0437,51.914700000000025,1,1,0,1,0,0,0,0,0,0,13,3,0,0.3,-1.5100000000000002,9.577032201914708,4.499571342364573,3.15128754635011,77.71610109024209,0.770678866809672,9.681798275874712,7.833004438872777,7.833004438872777,6.21954535281284,4.2253974112911425,4.2253974112911425,2.638576314730446,2.638576314730446,1.485689113850501,1.485689113850501,1.0044240931795203,1.0044240931795203,0,0,1,3.314810741587546,9.384615384615385,1,3
PROPAFENONE,341.4510000000001,341.199093724,314.23500000000007,58.559999999999995,2,4,11,3.2414000000000023,100.19800000000004,2,2,0,2,0,0,0,0,0,0,25,4,0,0.38095238095238093,-2.1699999999999995,19.15866740897415,10.644512318042269,6.6866031377900255,149.39213962048515,0.4865357366381187,17.90756662611944,14.779853555443232,14.779853555443232,12.202708600407234,8.880973111005792,8.880973111005792,6.073886197823454,6.073886197823454,3.9089912945053737,3.9089912945053737,2.550429478771192,2.550429478771192,1,1,0,8.157386849284013,11.92,2,4
QUAZEPAM,386.8010000000001,386.026759912,375.7130000000001,15.6,0,2,2,5.026200000000003,94.35700000000001,3,2,1,2,0,0,1,0,0,0,25,8,1,0.17647058823529413,-1.9899999999999998,17.820887160529633,6.724754096545166,3.8234094381937465,151.2867209858698,0.5313446230748394,18.189869965382485,12.648163293210391,14.220588820156573,11.759838812336922,7.224802175127372,8.011014938600463,5.401213013274564,6.308898114176415,3.6443766060989775,4.228959691551404,2.62100795681348,3.0205585997681643,0,0,0,4.793643357473632,14.84,0,2
TERFENADINE,471.6850000000001,471.31372955200004,430.3570000000003,43.7,2,3,8,6.445800000000008,144.38259999999983,4,3,1,3,0,0,1,1,0,1,35,3,1,0.4375,-2.459999999999999,25.62749040845494,11.07416336780592,6.033378319378883,210.99725115424363,0.3969489405129481,24.89069428924487,21.528992561839726,21.528992561839726,16.780860207396294,13.12531853622071,13.12531853622071,11.144381434592226,11.144381434592226,7.719571089142092,7.719571089142092,5.477087555206358,5.477087555206358,1,1,0,8.108657585431693,16.82857142857143,2,3
TOLMETIN,257.289,257.10519334,242.16899999999995,59.300000000000004,1,2,4,2.1916200000000003,71.36430000000003,2,2,0,1,1,0,0,0,0,0,19,4,1,0.2,-2.36,13.080660013060404,5.098974739644812,2.731273488562092,110.84961775743722,0.8540302270880286,13.991199352633217,10.882132168251946,10.882132168251946,8.986071002992368,5.9654398679691845,5.9654398679691845,4.534592999404549,4.534592999404549,3.104503130348776,3.104503130348776,1.9667248956495886,1.9667248956495886,0,0,0,3.5104186833935254,10.421052631578947,1,4
TRAZODONE,371.8720000000001,371.15128800400004,349.6960000000001,45.78,0,4,5,2.3617,104.17400000000002,4,3,1,1,2,0,1,1,0,1,26,7,3,0.3684210526315789,-2.3099999999999996,17.121306617575115,7.514521390199096,3.613565663833185,156.7575980522456,0.690401062854676,17.932510652501772,14.590830362795723,15.346759308814178,12.703509938206668,8.97674819597536,9.354712668984586,6.596668885863502,7.033104666335487,4.878320170537132,5.113417273324871,3.460352678315283,3.644881057542912,0,0,0,4.948400954074059,15.653846153846153,0,6
ALLOPURINOL,136.114,136.038510748,132.082,74.69,2,4,0,0.058499999999999885,33.3485,2,2,0,0,2,0,0,0,0,0,10,5,2,0,-1.65,5.159860161857645,1.6629234524260401,0.5397705083562873,55.74385933568674,0.5365398515296618,6.974691494688164,4.943554920379083,4.943554920379083,4.877010097711744,2.7076989948362122,2.7076989948362122,1.829559962302008,1.829559962302008,1.2269778865234728,1.2269778865234728,0.752214548263444,0.752214548263444,0,0,0,0.8580452474391901,10.4,2,5
AMIODARONE,645.3190000000002,645.0236897880001,616.0870000000002,42.68,0,4,11,6.936200000000007,143.41749999999985,3,3,0,2,1,0,0,0,0,0,31,6,1,0.4,-1.13,24.511205068165516,11.651596931772385,5.815185868306782,211.53743162157704,0.16764724626749733,22.38010440969447,18.341736496353594,22.656733078706235,14.993932260492077,10.888744028304075,13.046242319480395,7.4734361391367825,9.797817503911748,5.461660913120074,7.064249090033275,3.6482951301721394,5.727816628805918,0,0,0,9.212731669880034,11.419354838709678,0,4
CANNABIDIOL,314.469,314.2245802,284.229,40.46,2,2,6,5.846500000000006,97.03660000000006,2,1,1,1,0,1,0,0,0,0,23,2,0,0.5238095238095238,-1.6999999999999995,17.650700798326934,7.718305790607233,4.1858930231699,140.1089651219404,0.5107748679217478,16.98276318419594,14.730926005253881,14.730926005253881,10.934759407976111,8.810621447760548,8.810621447760548,7.035176467057496,7.035176467057496,4.978700780499613,4.978700780499613,3.650772991809055,3.650772991809055,2,0,0,5.923195920869673,21.08695652173913,2,2
CARBAMAZEPINE,236.274,236.094963004,224.17799999999994,46.330000000000005,1,1,0,3.3872000000000018,73.53440000000003,3,2,1,2,0,0,1,0,0,0,18,3,1,0,-2.549999999999999,10.59432558024975,4.035866968245452,1.5691552778201157,105.1491359502972,0.748363450121821,12.535169427003234,9.706314847049708,9.706314847049708,8.770856947829097,5.729003813978893,5.729003813978893,4.124612648148249,4.124612648148249,3.018151561343786,3.018151561343786,2.2109625427574167,2.2109625427574167,0,0,2,2.3754049255648777,12.555555555555555,2,3
CELECOXIB,381.3790000000001,381.07588234799994,367.2670000000001,77.98,1,3,3,3.5139200000000006,90.1122,3,3,0,2,1,0,0,0,0,0,26,9,1,0.11764705882352941,-2.649999999999999,18.150392143132244,6.257288917142293,3.630382561957936,147.47998201558556,0.7541053298167572,19.112519696192855,13.526568173315447,14.343064754243173,12.05368002394561,7.431011521006022,8.977330998927583,5.729316679572381,7.290739737039967,3.7569511614798285,4.686182394891396,2.423419691271623,2.9388595172454783,0,0,0,4.368163369192613,12.346153846153847,2,5
CLOZAPINE,326.83100000000013,326.129824288,307.6790000000001,30.869999999999997,1,4,0,3.7227000000000023,96.44370000000004,4,2,2,2,0,0,2,1,0,1,23,5,2,0.2777777777777778,-2.0399999999999996,14.545837274701016,5.870760385193409,2.799077045717136,140.93460594163878,0.8001222420891722,15.81119030894213,13.089484268582675,13.845413214601129,11.20350993820667,7.887311430224071,8.265275903233299,6.057789066332256,6.494224846804241,4.426249106226114,4.6613462090138515,3.0688181488680373,3.235161703909333,0,0,0,3.712831532251495,17.652173913043477,1,4
CYCLOSPORINE,1202.634999999999,1201.8413679919997,1090.7469999999994,278.8,5,12,15,3.2690000000000046,328.4446000000004,1,0,1,0,0,0,1,1,0,1,85,23,1,0.7903225806451613,-6.130000000000002,76.88267909217701,34.871505276546664,21.65558178074552,508.39454709884245,0.14792471467331683,65.97699784625158,56.065192811200475,56.065192811200475,39.20908852409762,30.561842569458122,30.561842569458122,26.092602009282324,26.092602009282324,16.076565622203677,16.076565622203677,10.681299011251538,10.681299011251538,12,0,11,31.541349995739935,26.905882352941177,5,23
DOMPERIDONE,425.92000000000013,425.161852688,401.7280000000001,78.82,2,3,5,3.353200000000002,119.45540000000001,5,4,1,2,2,0,1,1,0,1,30,8,3,0.36363636363636365,-2.7699999999999996,19.20880085457703,7.812409595225632,3.4812027806465258,177.4292360249599,0.514301695573136,20.664561460070644,16.60465146225967,17.360580408278125,14.597356788324023,10.39664839361284,10.77461286662207,7.986933394236682,8.423369174708666,6.138449688540684,6.3735467913284225,4.6481664107991785,4.820269434752047,0,0,0,5.002234003635864,16.033333333333335,2,7
DRONABINOL,314.46900000000005,314.2245802,284.229,29.46,1,2,4,5.735800000000006,95.26480000000006,3,1,2,1,0,1,1,0,0,0,23,2,1,0.6190476190476191,-1.44,16.418913124313605,6.220672056037987,3.1310886377156444,140.11204847790628,0.5673159936374234,16.61251969619286,14.984853919031238,14.984853919031238,10.919852082725852,9.14170954988116,9.14170954988116,7.873345918169844,7.873345918169844,5.595564943912699,5.595564943912699,4.302686489418684,4.302686489418684,2,0,0,4.440724959257956,25.130434782608695,1,2
DROSPIRENONE,366.50100000000015,366.21949481999997,336.2610000000001,43.370000000000005,0,3,0,4.305900000000004,99.49300000000005,7,0,7,0,0,6,1,6,5,1,27,3,1,0.8333333333333334,-1.12,15.762619736181318,4.385305417579091,1.5769785260860938,160.8390879816571,0.6002668837960434,18.344570503761734,16.50040127440098,16.50040127440098,12.889430877103562,11.35755579378229,11.35755579378229,11.52488758135815,11.52488758135815,10.871628548052923,10.871628548052923,9.74192572887322,9.74192572887322,10,0,0,2.5601445083079644,62,0,3
HALOPERIDOL,375.87100000000015,375.140134876,352.6870000000001,40.540000000000006,1,3,6,4.425600000000004,100.98730000000005,3,2,1,2,0,0,1,1,0,1,26,5,1,0.38095238095238093,-1.75,19.02387755102041,8.295268231160758,4.697041636230826,157.95153635385225,0.759345285057915,18.57070333293597,14.627154049305076,15.383082995323532,12.460145542249931,8.95777329591331,9.335737768922536,6.91374111744987,7.350176897921855,5.109169286757554,5.361145602097039,3.4386964145742724,3.564684572244015,0,0,0,6.069544887787382,17.192307692307693,1,3
IMATINIB,493.6150000000002,493.2590086120001,462.3670000000003,86.28000000000002,2,7,7,4.590320000000004,146.8938999999998,5,4,1,2,2,0,1,1,0,1,37,8,3,0.2413793103448276,-4.139999999999999,24.549827238551874,11.281649166992505,6.354664605160738,216.95624924983875,0.38941616262964607,25.61430892837647,21.185403673361527,21.185403673361527,18.03000977870159,12.456873504443717,12.456873504443717,9.392360222954535,9.392360222954535,6.57299526449469,6.57299526449469,4.2778297250256205,4.2778297250256205,0,0,1,7.485474000422125,14.324324324324325,2,8
LAMOTRIGINE,256.09599999999995,255.00785058399998,249.04,90.71,2,5,1,2.0098,64.10780000000001,2,2,0,1,1,0,0,0,0,0,16,7,1,0,-1.5899999999999994,10.912299045640236,4.112336342245376,1.8678974160414947,101.40220868459402,0.8138095128696987,11.706742302257043,7.984321078466458,9.496178970503367,7.592224152875013,4.293758869055061,5.049687815073517,3.005227922248451,3.790392521998285,1.9367940267727524,2.755696596897387,1.2297075496992582,1.6197383076620624,0,0,0,2.804690246427242,10.375,4,5
NEVIRAPINE,266.30400000000003,266.116761068,252.19199999999998,58.120000000000005,1,4,1,2.6512200000000004,76.32520000000002,4,2,2,0,2,1,1,1,1,0,20,5,3,0.26666666666666666,-2.43,11.401137803518536,4.030422454929436,1.5916576426488964,116.21205950623377,0.8617161250864191,13.689869965382487,11.12820425447459,11.12820425447459,9.754020195423491,6.766994855590685,6.766994855590685,5.256326351105965,5.256326351105965,3.777533228333562,3.777533228333562,2.6070043736203012,2.6070043736203012,0,0,1,2.297570090752299,17.05,1,5
NIFEDIPINE,346.33900000000006,346.11648629599995,328.19500000000005,107.77000000000001,1,7,4,2.1756,88.40510000000003,2,1,1,1,0,0,1,0,0,0,25,8,1,0.29411764705882354,-3.1599999999999997,18.18259494971491,7.163418786222467,3.232043293699175,143.81370172517111,0.5055052971214055,18.723250160202095,14.283454684231268,14.283454684231268,11.82780492029403,7.415124004249607,7.415124004249607,5.434451728861826,5.434451728861826,4.01543539399127,4.01543539399127,2.9639806125237675,2.9639806125237675,0,0,0,5.209981689802462,14.88,1,8
NIMODIPINE,418.44600000000014,418.174001172,392.23800000000017,117,1,8,8,2.9708000000000014,108.43610000000007,2,1,1,1,0,0,1,0,0,0,30,9,1,0.42857142857142855,-3.1999999999999997,23.08259406862999,10.017444003939296,5.235354273192112,174.38701541226436,0.2963419520142686,22.421920772951356,17.68326680625785,17.68326680625785,14.166810215544993,9.468645717606428,9.468645717606428,7.070241172606365,7.070241172606365,4.477906014587669,4.477906014587669,3.2594183685478293,3.2594183685478293,1,1,0,7.707619784938743,16.4,1,9
NITRENDIPINE,360.36600000000004,360.13213635999995,340.2060000000001,107.77000000000001,1,7,5,2.5657000000000005,93.02210000000004,2,1,1,1,0,0,1,0,0,0,26,8,1,0.3333333333333333,-3.1599999999999997,19.168532498536102,7.814330414517536,3.5842534199841163,150.17864383956768,0.4882471812012686,19.43035694138864,14.990561465417816,14.990561465417816,12.310968167888422,7.9966745654233975,7.9966745654233975,5.6995111071960185,5.6995111071960185,4.075379088726279,4.075379088726279,3.0052119672434996,3.0052119672434996,1,1,0,5.761124865576095,16.846153846153847,1,8
OLANZAPINE,312.4420000000001,312.14086764,292.28200000000004,30.870000000000005,1,5,0,3.4392200000000033,94.04770000000003,4,2,2,1,1,0,2,1,0,1,22,5,3,0.35294117647058826,-1.8499999999999999,13.788296582061772,5.409294431379946,2.401272703146137,134.63664509956521,0.8082561901210404,15.104083527755582,12.96506754765806,13.781564128585787,10.703509938206668,7.695893881660363,8.512390462588089,5.96773266937385,7.224055655929022,4.277593083573746,5.243518909862813,3.005959912178927,3.925868780043368,0,0,0,3.3902252690709953,18.09090909090909,1,4
OXAZEPAM,286.718,286.050905272,275.63,61.69,2,3,1,2.4479,78.16950000000003,3,2,1,2,0,0,1,0,0,0,20,5,1,0.06666666666666667,-2.1699999999999995,12.843226647380193,5.074072414162754,2.3090239406052224,120.28169926381122,0.84572924577293,14.11251969619286,10.37679237717964,11.132721323198096,9.647867045540842,6.070503567811205,6.448468040820432,4.39655708682724,4.832992867299224,3.0277231816101513,3.2628202843978897,2.0951870536449975,2.267290077597865,1,1,1,3.2583731020155917,17.8,2,4
PACLITAXEL,853.918,853.330955312,802.5099999999999,221.28999999999996,4,14,10,3.7357000000000036,217.69009999999943,7,3,4,3,0,3,1,3,2,1,62,15,1,0.44680851063829785,-5.739999999999999,44.3203576455078,16.512845507693864,7.294407711419627,357.88540739081833,0.1297861944512451,44.94021786308,35.2327485165234,35.2327485165234,29.272289927176118,20.47284995832904,20.47284995832904,17.354040301246407,17.354040301246407,13.479855154842259,13.479855154842259,10.182540514539147,10.182540514539147,11,0,1,11.804116429774338,31.85483870967742,4,15
PRAZIQUANTEL,312.41300000000007,312.183778008,288.221,40.620000000000005,0,2,1,2.5349000000000004,87.75500000000005,4,1,3,1,0,1,2,2,1,1,23,4,2,0.5789473684210527,-1.8399999999999994,14.733395903688434,5.986649116471944,2.642452324809413,137.0008686865595,0.7993674496203519,15.81119030894213,13.53898641774433,13.53898641774433,11.237183443017885,8.898896264718884,8.898896264718884,7.105438519138773,7.105438519138773,5.718235612403579,5.718235612403579,4.450030145541775,4.450030145541775,1,1,2,3.834942242149901,25.043478260869566,0,4
PREDNISONE,358.43400000000014,358.1780239319999,332.22600000000006,91.67,2,5,2,1.7658,94.04860000000005,4,0,4,0,0,4,0,3,3,0,26,5,0,0.6666666666666666,-1.59,17.805432845726006,5.458357665377325,2.0144529342647997,152.70859644179959,0.7848332802556961,18.90541291500631,15.325914364648549,15.325914364648549,12.170504622625403,9.507196475520397,9.507196475520397,9.015459919213281,9.015459919213281,8.013830304908232,8.013830304908232,6.622466056168253,6.622466056168253,6,0,0,3.7380161868780672,47.07692307692308,2,5
PRIMIDONE,218.25599999999994,218.105527688,204.14399999999998,58.2,2,2,2,0.5378999999999999,59.56340000000003,2,1,1,1,0,0,1,1,0,1,16,4,1,0.3333333333333333,-1.84,10.670299983987857,3.9626300355797675,1.3773138680608406,94.037993219651,0.7116448391760646,11.596011838247808,9.117461489248951,9.117461489248951,7.714379275798965,5.336698845953192,5.336698845953192,3.8134872566213978,3.8134872566213978,3.0700477997819497,3.0700477997819497,2.119740124797372,2.119740124797372,0,0,2,2.642653200324787,18.8125,2,4
RITONAVIR,720.9620000000001,720.3127606359999,672.5780000000002,145.77999999999997,4,9,17,5.905200000000005,196.89689999999945,4,4,0,2,2,0,0,0,0,0,50,13,2,0.43243243243243246,-4.329999999999999,38.47159782577355,19.165556143146798,12.21811936765673,302.0583739168022,0.10624046585910331,36.0450303486946,29.24353314531864,30.876526307174093,23.977274641433738,16.809050565648974,18.56835618815876,13.04173583848222,14.902314971567558,8.129844994772254,10.077090874431388,5.386474611348263,6.718416169253571,4,0,4,14.746591360928546,13.68,4,11
RIVAROXABAN,435.8890000000001,435.0655693559999,417.7450000000001,88.18,1,6,5,2.5199000000000007,108.89120000000001,4,2,2,1,1,0,2,2,0,2,29,10,3,0.3157894736842105,-2.6199999999999997,19.685862339495472,8.399184390047482,4.364459706287882,175.48612982852504,0.7792136827945354,20.38010440969447,15.298867197052443,16.871292723998625,14.008040390846983,9.009316530198088,10.203777584135043,6.544515523259657,8.259599624598911,4.620242185705022,5.850162309235637,3.1721928413280787,4.13166339184211,1,0,3,5.701558195397033,19.413793103448278,1,8
ROFECOXIB,314.3620000000001,314.061279928,300.25000000000006,60.44,0,4,3,2.5577000000000005,83.76680000000003,3,2,1,2,0,0,1,0,0,0,22,5,1,0.11764705882352941,-2.3999999999999995,14.533641975308644,5.421295494749522,2.672450351561639,128.51823942316784,0.8169951703125135,15.742276208189784,11.944500656212497,12.760997237140224,10.465345060828676,6.728233392249956,8.61964493030821,5.092254329504028,7.107989904246876,3.546896082101481,4.675366309328172,2.433140005637548,3.063610518323634,0,0,0,3.581416716501968,15.045454545454545,0,4
SPIRONOLACTONE,416.58300000000025,416.2021305039999,384.32700000000017,60.44,0,5,1,4.852300000000005,112.21000000000006,5,0,5,0,0,4,1,4,3,1,29,5,1,0.7916666666666666,-1.1,19.839348080305815,6.448229172994664,2.679149619048995,177.13538241412454,0.5718459844204299,20.604083527755577,17.791953828946376,18.6084504098741,13.683924628611805,11.314766275710864,12.194419086965757,10.658879094971265,12.07499517280655,9.61010576972624,10.72571885233533,8.129572744828378,9.355302726563707,7,0,0,4.411333209124954,48.58620689655172,0,4
TACROLIMUS,822.046,821.4925413320002,750.4780000000001,209.85999999999996,3,12,7,3.8143000000000042,216.20619999999926,4,0,4,0,0,1,3,3,1,2,58,14,3,0.7727272727272727,-2.82,49.54175593943685,22.146129474337606,11.713943989804573,344.1767311391293,0.1903309894843234,42.18914100752344,35.89308145863372,35.89308145863372,26.98305767387821,20.88605687167075,20.88605687167075,17.271809881143962,17.271809881143962,12.873720417880497,12.873720417880497,9.424772208635577,9.424772208635577,14,0,1,18.91651967966901,40.258620689655174,5,14
ZALEPLON,305.341,305.12766010000007,290.22099999999995,74.28999999999999,0,4,3,2.6407800000000003,86.83900000000004,3,3,0,1,2,0,0,0,0,0,23,6,2,0.17647058823529413,-3.2,14.725427152596582,5.890384082908113,2.5295627467058224,133.15305327477,0.7452640844090571,16.396976746569035,12.892874933477584,12.892874933477584,11.151397005390978,7.267548065998393,7.267548065998393,5.049141264736512,5.049141264736512,3.671625523313048,3.671625523313048,2.6091290960470737,2.6091290960470737,0,0,1,3.771235726681646,10.478260869565217,0,6
AZTREONAM,435.44000000000017,435.051854504,418.30400000000014,201.57999999999998,4,10,7,-1.1724999999999979,95.65050000000004,2,1,1,0,1,0,1,1,0,1,28,15,2,0.46153846153846156,-2.7800000000000002,21.519292322605008,7.325918985638601,4.204134383579708,162.59031069995737,0.17478822451364606,21.43879310982592,14.8114553779692,16.444448539824652,12.752743308167698,7.578995896792942,9.855612118054724,6.221230582074894,8.399971119282888,3.730567932227123,5.414072402778615,2.1128455580549623,3.5435137416348197,2,0,2,5.630306863702821,20.5,5,13
PENICILLIN G,334.39700000000005,334.09872805599997,316.25300000000004,86.71000000000001,2,4,4,0.8607999999999998,85.80450000000005,3,1,2,1,0,0,2,2,0,2,23,7,2,0.4375,-2.02,15.859752401338886,5.559882097428595,2.692385835603269,137.78076788790858,0.7977632704521286,16.775656403009393,12.853329287558925,13.669825868486651,10.809367635193633,7.371634471739616,8.25128728299451,6.30570597673362,8.076591116106181,4.198926417267647,5.770457012115132,3.151138395146921,4.776534984756248,3,0,2,3.8338414541675756,28,2,6
CAPTOPRIL,217.28999999999996,217.07726434,202.16999999999996,57.61,2,3,3,0.6279000000000001,55.38780000000003,1,0,1,0,0,0,1,1,0,1,14,5,1,0.7777777777777778,-0.71,11.365244544770505,4.682872740708367,2.2038686868817217,88.68513507536183,0.6816110954453929,10.71517847069432,8.141265030553043,9.03569222155296,6.574586062669973,4.717313427051637,5.349768959085313,3.611517704699083,3.9766660763691934,2.5163706404931974,3.064093197998364,1.6483971476775872,1.8045824050203527,2,0,1,3.801570990727877,23.571428571428573,1,4
CEFONICID,542.5770000000001,542.034824536,524.4330000000003,204.90999999999997,4,11,9,-0.9172999999999991,121.17590000000001,4,2,2,1,1,0,2,1,0,1,35,17,3,0.3333333333333333,-2.9899999999999998,25.11336941312153,9.938438363293368,5.32447838751217,206.04261751945006,0.1721020779128902,25.327698166887174,17.58381758478722,20.033307327570398,16.564369264977238,9.840615553959216,13.484134211119768,7.4272831865227396,10.896801793737692,5.071203955441116,8.025092654381128,3.5002892068254,6.426656815164865,3,0,2,7.131076400197864,20.742857142857144,4,14
CEFOTAXIME,455.47400000000016,455.05693988400003,438.33800000000014,173.51,3,11,7,-0.6224999999999987,106.38990000000001,3,1,2,0,1,0,2,1,0,1,30,14,3,0.375,-3.13,21.575802404361777,8.706448435658249,4.088768777897329,177.62386669168043,0.2079442341493163,21.999271042140983,15.778455344842337,17.411448506697788,14.239289860616424,8.409302466817334,10.337710068052886,6.091961347013711,8.08663481961726,4.148291087794415,6.161815420352968,2.8848927889707086,4.759930313502462,2,0,2,6.26162036971757,20.933333333333334,4,12
CEFOXITIN,427.4600000000002,427.050791884,410.3240000000002,148.26000000000002,3,8,7,0.09859999999999991,99.19490000000002,3,1,2,0,1,0,2,1,0,1,28,12,3,0.375,-2.57,20.171661836598886,7.813366165730109,3.4527017359863312,167.18991561099926,0.4097813290259421,20.474327015758657,14.668485204218596,16.301478366074047,13.296566727541911,8.011797012889343,9.940204614124895,5.947633477052819,8.048407898416126,4.2632391632438535,6.513238588236466,3.0352803960091506,5.158769497423441,2,0,3,5.6288778607368215,23.678571428571427,4,10
EMTRICITABINE,247.25099999999998,247.0426904,237.17099999999996,90.37,2,6,2,-0.4550000000000003,56.32120000000001,2,1,1,0,1,0,1,1,0,1,16,8,2,0.5,-1.1200000000000003,11.36791629919611,4.39854613917551,2.036045870227899,94.23244507909337,0.7349748054075844,11.706742302257043,8.16796477003229,8.984461350960016,7.613392202930192,4.536181086396356,5.584935876377012,3.2001239282397393,4.392574017969616,2.1269880477485112,3.236559432960895,1.3489775275100517,2.279665238910907,2,0,0,3.1251440217687128,24.875,3,6
ENALAPRILAT,384.42900000000026,384.1896512359999,356.2050000000001,169.94,3,4,8,-0.5232999999999988,98.38290000000005,2,1,1,1,0,0,1,1,0,1,27,9,1,0.5,-2.49,24.509999999999998,11.271187646779481,6.628403890265809,157.14911385389055,0.5439979171879195,18.396976746569035,15.220721717341211,15.220721717341211,11.896754605515326,8.459079000917383,8.459079000917383,6.331347671725558,6.331347671725558,4.505156898907565,4.505156898907565,3.142805283949742,3.142805283949742,3,0,1,10.231733674909817,17.962962962962962,7,9
HYDROCHLOROTHIAZIDE,297.74500000000006,296.9644754159999,289.68100000000004,118.35999999999999,3,5,1,-0.35129999999999967,61.63640000000001,2,1,1,1,0,0,1,0,0,0,17,10,1,0.14285714285714285,-0.8700000000000001,12.583385378594171,3.8175416799939437,2.2392150460713234,103.05494715630499,0.6544582690300507,12.844934982691244,8.26661180454783,10.655533912421737,7.716162047958507,4.31553091882839,7.7229781173535725,3.325126454001831,6.99754663865525,2.1711652179249317,4.987914405774952,1.4173284469978171,3.7023527323273178,0,0,0,2.8257410681299775,18.235294117647058,4,7
LEVOFLOXACIN,740.7610000000001,740.2981333640001,698.4250000000002,181.51999999999998,2,10,4,2.263300000000001,193.69639999999956,8,4,4,2,2,0,4,2,0,2,53,17,6,0.4444444444444444,-5.26,37.49553717703306,14.284005063696743,6.417683932902424,301.5753352013276,0.31215902176400295,37.17011495953576,29.818296879804517,29.818296879804517,24.75983570621943,17.181993205089434,17.181993205089434,13.93391827041661,13.93391827041661,10.383683341124673,10.383683341124673,7.3775403314701,7.3775403314701,2,0,0,10.105404583071126,19.88679245283019,4,15
METHOTREXATE,454.44700000000023,454.1713158039999,432.27100000000024,210.53999999999996,5,10,9,0.2684000000000012,118.26160000000004,3,3,0,1,2,0,0,0,0,0,33,13,2,0.25,-4.55,23.12024193744085,9.71963980458573,5.782489078211631,187.03080174861526,0.29472034504927447,24.120591385700628,17.595362536967947,17.595362536967947,15.633938048533212,9.750178614129936,9.750178614129936,7.200234726002427,7.200234726002427,4.7208769971295785,4.7208769971295785,3.0272990123675156,3.0272990123675156,1,0,1,6.809709812933406,11.666666666666666,7,13
METHYLDOPA,211.21699999999998,211.084457896,198.11299999999994,103.78000000000002,4,4,3,0.4423000000000001,53.703800000000015,1,1,0,1,0,0,0,0,0,0,15,5,0,0.3,-1.75,11.325471698113208,3.7808641975308643,2.5997033202878423,86.77528563072794,0.5430485662212737,11.637828201504695,8.266396934908789,8.266396934908789,6.826204387599239,4.3587603259758145,4.3587603259758145,3.7224628725724047,3.7224628725724047,2.0997428761934516,2.0997428761934516,1.17862278728539,1.17862278728539,1,0,0,2.854671364236354,14.533333333333333,5,5
TENOFOVIR,305.231,305.08890524199995,289.103,167.88000000000002,3,6,5,-0.8759000000000003,70.8073,2,2,0,0,2,0,0,0,0,0,20,11,2,0.4444444444444444,-1.58,16.4742888165038,6.246828101749218,3.954845652888263,113.63650923494161,0.5982531606677406,14.043605595440512,10.670606388559033,11.565033579558948,8.865991962219567,5.440903557095924,7.238507460799709,4.099121670094668,5.6866889451092995,2.410569466024673,2.8959900275394546,1.5864063691955654,2.035078218312849,1,0,0,5.14560251676344,13.15,6,10
TOPIRAMATE,339.3660000000001,339.098787632,318.1980000000001,115.54,1,8,3,-0.3953999999999982,71.60420000000005,3,0,3,0,0,0,3,3,0,3,22,10,3,1,-0.33,16.525071555819004,4.835048687496482,3.0171902245214364,128.7270626681316,0.7386170940393365,16.388905057061258,12.897849253306367,13.714345834234093,9.916762087863123,6.9620476644818945,8.433452185272927,6.5567702441812346,7.7780710642302395,3.6990302456548143,4.1454142290704015,3.111999834143423,3.440532687361254,4,0,0,3.631796615306733,42.86363636363637,2,9
VIGABATRIN,129.159,129.078978592,118.07099999999998,63.32000000000001,2,2,4,0.36450000000000005,35.042199999999994,0,0,0,0,0,0,0,0,0,0,9,3,0,0.5,-0.8300000000000001,8.17,4.0892660852838025,5.034193606854939,54.17000511688082,0.5386736295032681,7.276020881938894,5.208833037092341,5.208833037092341,4.163902460147014,2.7644475811695775,2.7644475811695775,1.8319705487345892,1.8319705487345892,0.994285802276316,0.994285802276316,0.40799308440009385,0.40799308440009385,1,1,0,3.7121448796409626,12.555555555555555,3,3
ATENOLOL,266.34099999999995,266.163042564,244.16499999999996,84.57999999999998,3,4,8,0.45210000000000006,73.98090000000003,1,1,0,1,0,0,0,0,0,0,19,5,0,0.5,-1.5899999999999999,15.467438253877082,7.759435821524982,6.785046519560318,113.30999399703728,0.637673978167625,14.25071237662706,11.42648240431471,11.42648240431471,8.96923425058676,6.385697080128181,6.385697080128181,4.814816657955223,4.814816657955223,2.505817681830794,2.505817681830794,1.5277985474625226,1.5277985474625226,1,1,1,6.3167681291768245,12.421052631578947,4,5
AZITHROMYCIN,748.9960000000001,748.5085257439999,676.4200000000001,180.08,5,14,7,1.9007000000000054,194.1789999999994,3,0,3,0,0,0,3,3,0,3,52,14,3,0.9736842105263158,-1.0100000000000005,45.379890795747386,17.847452831186484,10.043362889283467,311.5582453783882,0.23847544119122632,39.67047943846528,34.18402114552387,34.18402114552387,23.90868204321631,19.1425315930732,19.1425315930732,17.16511252298626,17.16511252298626,12.207585984587311,12.207585984587311,8.736622445921284,8.736622445921284,18,0,0,15.575297316567214,49.61538461538461,5,14
BACLOFEN,213.664,213.055656304,201.56799999999996,63.32000000000001,2,2,4,1.857,55.50020000000002,1,1,0,1,0,0,0,0,0,0,14,4,0,0.3,-1.06,11.017279752704791,4.97980295758765,3.0132151439158164,87.49008435321755,0.8026316327602356,10.55204176387779,7.611741536483899,8.367670482502353,6.6302289553358005,4.305053781112119,4.683018254121346,3.082039597478802,3.5184753779507862,2.046947477345725,2.2989237926852093,1.2829985791968497,1.408986736866592,1,1,0,3.9188487355064185,12.428571428571429,3,3
CHLOROQUINE,319.88000000000005,319.18152551199995,293.672,28.16,1,3,8,4.810600000000004,96.85970000000006,2,2,0,1,1,0,0,0,0,0,22,4,1,0.5,-1.3199999999999998,17.040493457333096,8.348732456831405,4.586608819803334,138.2301567424412,0.7564117572128701,15.94938298937633,13.772027185079638,14.527956131098094,10.634560252985372,8.168000818314397,8.545965291323624,5.734479833618928,6.170915614090913,4.112580506062865,4.347677608850603,2.7456517126883737,2.91199526772967,1,1,0,6.4666600367118185,12.772727272727273,1,3
CIMETIDINE,252.347,252.11571551199998,236.219,88.88999999999999,3,4,5,0.5974,69.59710000000003,1,1,0,0,1,0,0,0,0,0,17,7,1,0.5,-1.6800000000000002,13.38527415143603,7.570081043458362,4.7817848631942805,104.92554288214419,0.23465880975452968,12.510225400620904,9.948559689713006,10.765056270640732,8.274386907679233,5.214825843391648,6.369526381770901,3.243947169369249,4.349118884891787,2.089742070981229,3.0385525488140153,1.15754560499141,2.0066608258095204,0,0,0,5.960447653839948,11,3,6
DISOPYRAMIDE,339.4830000000001,339.231062548,310.25100000000003,59.22,1,3,8,3.361900000000002,102.24840000000006,2,2,0,1,1,0,0,0,0,0,25,4,1,0.42857142857142855,-2.1999999999999997,19.129072805592827,8.25562130177515,4.07432733929559,150.6188129177335,0.8020711980677477,18.44938298937633,15.645092274112388,15.645092274112388,11.891588528501451,8.9195437173045935,8.9195437173045935,7.025906625619414,7.025906625619414,4.860954956686851,4.860954956686851,3.559344711909495,3.559344711909495,1,1,1,6.316895237482395,14.04,2,4
FAMOTIDINE,337.456,337.04493571999996,322.33600000000007,175.82999999999998,4,6,7,-0.7679999999999998,83.0924,1,1,0,0,1,0,0,0,0,0,20,12,1,0.375,-1.3699999999999999,16.683676865271067,7.422318703285096,7.275833665396974,124.28559613101793,0.28661243847385526,15.173362107437434,10.390953928326963,12.840443671110142,9.259838812336918,5.248627762696673,8.786200671458626,3.5582686226138227,6.712511267058128,1.7613462946703262,4.026344734037025,1.0869197273554732,3.1709675684228085,0,0,0,6.191578341833315,12.35,8,9
FLECAINIDE,414.34600000000006,414.13781181999997,394.18600000000004,59.59,2,4,7,3.4407000000000014,87.51690000000005,2,1,1,1,0,0,1,1,0,1,28,11,1,0.5882352941176471,-2.17,22.12261696447685,9.351688303824279,7.829161513005718,156.92148456816147,0.6715843719947417,20.786246282559798,14.751680254511289,14.751680254511289,13.033606621681471,8.581035273521321,8.581035273521321,6.322525627729658,6.322525627729658,3.910882329270227,3.910882329270227,2.6362734967846984,2.6362734967846984,1,1,1,7.3887077970243835,17.857142857142858,2,5
FLUCONAZOLE,306.276,306.10406544399996,294.18,81.64999999999999,1,5,5,0.7357999999999993,70.29880000000001,3,3,0,1,2,0,0,0,0,0,22,9,2,0.23076923076923078,-2.6799999999999993,14.265390353023173,5.6024467573223475,2.8375736961451246,123.41948530867809,0.7515159753061997,15.579139501373252,11.342089561218637,11.342089561218637,10.566298692132577,6.394758573669304,6.394758573669304,4.8418744561459635,4.8418744561459635,3.212779920106776,3.212779920106776,2.251965416600109,2.251965416600109,0,0,0,3.632776814783281,11.772727272727273,1,7
METFORMIN,129.167,129.10144535199998,118.07900000000001,88.99000000000001,4,2,0,-1.034159999999999,36.46349999999999,0,0,0,0,0,0,0,0,0,0,9,5,0,0.5,-1.26,7.739999999999999,2.9071056558917943,3.33347181008902,53.854365920373084,0.24878483893146577,7.439157588755425,5.5245638646895845,5.5245638646895845,4.036581260209188,2.406709123344708,2.406709123344708,1.781709123344708,1.781709123344708,0.7002840785861559,0.7002840785861559,0.2393635016364836,0.2393635016364836,0,0,0,2.5001108640669427,8.222222222222221,5,5
METOCLOPRAMIDE,299.8020000000001,299.14005462399996,277.626,67.59,2,4,7,2.0023999999999997,82.53760000000004,1,1,0,1,0,0,0,0,0,0,20,6,0,0.5,-1.4600000000000002,16.593937432578212,7.968039579443504,4.28252067886105,124.57886014192627,0.7558132464087878,15.120955864630139,12.20215258175198,12.958081527770435,9.527605765303287,6.665304741423288,7.043269214432516,4.356788180024037,4.763988306764643,3.1714456944663425,3.4987725298203314,1.8780472915002753,2.0417107091772695,0,0,1,6.611057512079616,10.65,3,5
NADOLOL,309.406,309.194008344,282.19,81.95,4,5,5,0.6347999999999998,85.12110000000003,2,1,1,1,0,1,0,0,0,0,22,5,0,0.6470588235294118,-1.1400000000000001,17.217594573803684,6.959388449702855,4.678256471765859,131.4860438940334,0.641468123492022,16.328062645816686,13.542417816847687,13.542417816847687,10.25983881233692,7.788399551893129,7.788399551893129,7.03249815227613,7.03249815227613,3.8157637852440027,3.8157637852440027,2.5446736657346753,2.5446736657346753,3,3,0,5.446542218572541,23,4,5
OFLOXACIN,361.37300000000005,361.14378433999997,341.2130000000001,75.00999999999999,1,5,2,1.5439999999999998,95.04130000000004,4,2,2,1,1,0,2,1,0,1,26,8,3,0.4444444444444444,-2.61,16.8368029259421,5.979774542196717,2.4384574228435856,148.73152976640841,0.8747398264671755,18.585057479767894,14.659148439902266,14.659148439902266,12.379917853109722,8.590996602544717,8.590996602544717,6.966959135208313,6.966959135208313,5.19184167056234,5.19184167056234,3.6887701657350496,3.6887701657350496,1,1,0,3.8723186734050676,20.26923076923077,1,7
PILSICAINIDE,272.392,272.188863388,248.19999999999996,32.34,1,2,3,3.260440000000002,81.93470000000005,3,1,2,1,0,0,2,2,0,2,20,3,2,0.5882352941176471,-1.3499999999999999,13.624737496262508,5.208494713507499,2.350784995871097,120.9053220246564,0.9156896793854015,14.164925939000156,12.537260161838534,12.537260161838534,9.60579081385722,7.718416973244975,7.718416973244975,6.410258446832873,6.410258446832873,5.046308373645611,5.046308373645611,4.008007658537595,4.008007658537595,0,0,1,3.5482186611105333,20.9,1,3
PSEUDOEPHEDRINE,165.236,165.1153641,150.11599999999996,32.26,2,2,3,1.3278999999999999,49.92350000000003,1,1,0,1,0,0,0,0,0,0,12,2,0,0.4,-0.8600000000000001,9.229766606822263,4.236737214638821,2.061452680853266,73.23526751288745,0.7078187228911748,8.974691494688164,7.488665479827341,7.488665479827341,5.753218857624056,4.156916363982706,4.156916363982706,2.932871181752819,2.932871181752819,2.070042378653169,2.070042378653169,1.096760393670485,1.096760393670485,2,0,0,3.2586746387962133,15.583333333333334,2,2
PYRIDOSTIGMINE,181.21499999999997,181.09715407609,168.11099999999996,33.42,0,2,1,0.5714999999999999,47.32900000000003,1,1,0,0,1,0,0,0,0,0,13,4,1,0.3333333333333333,-1.58,9.50756567425569,3.8886672016230377,2.7399686665944647,77.35569204437924,0.5934152756520555,9.844934982691242,8.020324848686148,8.020324848686148,6.092224152875016,3.9380347352962626,3.9380347352962626,2.9675220876108694,2.9675220876108694,1.4828802491749515,1.4828802491749515,0.8128750604868012,0.8128750604868012,0,0,1,2.843981446519625,9.461538461538462,0,4
PYRIMETHAMINE,248.71700000000004,248.08287409599998,235.613,77.82,2,4,2,2.5238000000000005,70.68080000000002,2,2,0,1,1,0,0,0,0,0,17,5,1,0.16666666666666666,-1.8099999999999996,11.668871767129149,4.590610960583782,2.3134684472120433,104.64072513715435,0.8561371493463951,12.41384908344359,9.443600060333447,10.199529006351902,8.113392202930191,5.292787073519896,5.670751546529123,3.6491864911472405,4.085622271619225,2.4970179513962876,2.7489942667357727,1.7332054554924157,1.8591936131621583,0,0,0,3.151014743048807,10.470588235294118,4,4
SOTALOL,272.37,272.1194635,252.20999999999998,78.43,3,4,6,1.0895000000000001,73.00700000000005,1,1,0,1,0,0,0,0,0,0,18,6,0,0.5,-1.11,14.94920663114269,6.1727827627007485,5.482865645542789,108.2757898177038,0.7241218527557277,13.759148545064338,10.843166863215853,11.659663444143577,8.276675564742526,5.769124352448222,7.660535890506478,4.574982672303702,6.323437871487451,2.318152183760633,2.924645256054747,1.452569779277898,2.016804892891243,1,1,0,5.1265669449316285,13.61111111111111,3,5
STAVUDINE,224.21599999999998,224.079706864,212.11999999999998,84.32,2,4,2,-0.7090799999999999,56.19550000000001,2,1,1,0,1,0,1,0,0,0,16,6,2,0.4,-1.66,10.844513937877473,4.070238064132969,1.8434062253001617,90.8057122504419,0.6498890462135971,11.706742302257043,8.713030189526183,8.713030189526183,7.613392202930192,4.882808579574711,4.882808579574711,3.611230981313145,3.611230981313145,2.4045857811812636,2.4045857811812636,1.526133574358958,1.526133574358958,2,0,0,2.758734588560588,23.875,2,6
TERBUTALINE,225.288,225.136493468,206.13599999999997,72.72,4,4,3,1.5192999999999997,62.48710000000004,1,1,0,1,0,0,0,0,0,0,16,4,0,0.5,-1.2600000000000002,12.807842605156038,4.718527703418083,4.082142092621231,95.5536192460727,0.6290731330689312,12.344934982691244,9.858148644444928,9.858148644444928,7.276675564742527,5.2379401084679476,5.2379401084679476,4.9294424311890115,4.9294424311890115,2.1353803393486994,2.1353803393486994,1.3311355836319576,1.3311355836319576,1,1,0,3.7771350095904497,13.75,4,4
DIGOXIN,780.9490000000002,780.4296067280001,716.4370000000002,203.05999999999997,6,14,7,2.218100000000003,192.61079999999941,8,0,8,0,0,4,4,7,4,3,55,14,4,0.926829268292683,-1.2700000000000002,40.506602762877655,15.080660135484404,6.950374051685667,323.3224245630436,0.16221462387574462,39.189141007523446,32.904204385552106,32.904204385552106,26.010750257449796,20.940873252225263,20.940873252225263,18.815636027838842,18.815636027838842,15.951628518858236,15.951628518858236,12.762329157364425,12.762329157364425,21,0,0,11.106660172909663,55.54545454545455,6,14
LAMIVUDINE,229.261,229.052112212,218.17299999999997,90.36999999999999,2,6,2,-0.5941000000000001,56.36320000000001,2,1,1,0,1,0,1,1,0,1,15,7,2,0.5,-1.05,10.467220165322534,4.213446893102682,2.137865937402115,90.06690967616713,0.7038615838122526,10.836498814253964,7.8673505662126875,8.683847147140414,7.2027086004072345,4.4305321832250755,5.479286973205732,3.0784498632329544,4.2708999529628295,2.0444089211085625,3.1539803063209466,1.330063167672436,2.2607508790732913,2,0,0,2.9402050856666646,25.666666666666668,3,6
LEVETIRACETAM,170.212,170.105527688,156.1,63.400000000000006,1,2,3,-0.12729999999999997,44.22040000000001,1,0,1,0,0,0,1,1,0,1,12,4,1,0.75,-1.06,9.031407678244971,3.559264205416041,1.571153344803631,71.7107832423802,0.6410492145588488,9.137828201504695,7.246837839553127,7.246837839553127,5.663902460147013,4.252540475411151,4.252540475411151,3.0171012387502736,3.0171012387502736,2.2013501101063317,2.2013501101063317,1.5737475927688398,1.5737475927688398,1,0,2,2.6787638394747435,19.75,2,4
NIZATIDINE,331.4670000000001,331.1136669120001,310.29900000000004,83.33,2,8,10,1.3224999999999998,87.80680000000004,1,1,0,0,1,0,0,0,0,0,21,9,1,0.5833333333333334,-1.32,17.73081300813008,9.586301469178254,7.88095641540746,132.52193415352465,0.3799534662760676,15.664925939000156,12.45776161148077,14.090754773336222,10.007239053047545,6.436402929720506,8.47075627935465,4.527855928604028,6.575681485347466,2.366438261654426,4.241517310253439,1.4969518722018218,3.2610165683885577,0,0,0,8.09394851378868,11.714285714285714,2,7
AMPICILLIN,349.4120000000001,349.10962708799997,330.26000000000005,112.73,3,5,4,0.3181000000000002,89.02890000000005,3,1,2,1,0,0,2,2,0,2,24,8,2,0.4375,-2.0599999999999996,16.785786144559395,5.784053910830547,2.5522148388756962,143.1206585849213,0.674878289478739,17.64589989101247,13.30092304475163,14.117419625679355,11.2368879901222,7.575211293076027,8.454864104330921,6.472759659838315,8.243644799210875,4.413850051011857,5.98538064585934,3.2002018181598064,4.8255984077691325,4,0,2,4.0454121664918326,28.708333333333332,4,7
CEPHALEXIN,365.4110000000001,365.10454170800006,346.25900000000007,144.23000000000002,3,5,4,-0.37979999999999803,92.34270000000004,3,1,2,1,0,0,2,1,0,1,25,9,2,0.3125,-2.3599999999999994,18.97125191464752,7.25773741908422,3.255013763791869,147.91180898115138,0.6204265138162577,17.430356941388638,13.430679556748553,14.247176137676279,11.413591357920932,7.401373311845372,8.45012810182603,5.718510597143325,6.823503102725273,4.1003676495937675,5.5245523440363185,2.8301220631043607,4.122877966354354,3,0,2,5.507534596312419,23.12,6,8
GABAPENTIN,171.23999999999992,171.125928784,154.10399999999996,63.32000000000001,2,2,3,1.3702999999999994,46.82520000000003,1,0,1,0,0,1,0,1,1,0,12,3,0,0.8888888888888888,-0.5700000000000001,9.517489063867016,3.895613316930221,2.2058301462550474,72.94860333872568,0.6737273296978754,9.02709773749546,7.382559623459281,7.382559623459281,5.684269172402757,4.603746186412143,4.603746186412143,3.835299555531742,3.835299555531742,2.8734519894182267,2.8734519894182267,2.075644526710341,2.075644526710341,0,0,0,3.0897047617448408,22.083333333333332,3,3
PREGABALIN,159.229,159.125928784,142.093,63.32000000000001,2,2,5,1.0821,44.2522,0,0,0,0,0,0,0,0,0,0,11,3,0,0.875,-0.5700000000000001,10.430000000000001,5.129492287873465,5.854178154825026,67.58949237785829,0.6306196110552211,8.85337115112852,7.208833037092342,7.208833037092342,5.0577493102643665,3.977226324273752,3.977226324273752,3.329139463148107,3.329139463148107,1.6013667483033724,1.6013667483033724,1.1765089532696094,1.1765089532696094,1,0,0,4.863691323865477,13.454545454545455,3,3
ACYCLOVIR,225.20799999999997,225.086189212,214.11999999999998,119.04999999999998,3,6,4,-1.3318000000000003,55.59890000000001,2,2,0,0,2,0,0,0,0,0,16,8,2,0.375,-1.9300000000000002,10.5832429991603,4.289049481140565,1.8772308667996151,89.69516162363053,0.554385971786765,11.543605595440512,8.381371844866452,8.381371844866452,7.7195453528128395,4.613430051544285,4.613430051544285,3.0986930961688386,3.0986930961688386,1.9591029223873324,1.9591029223873324,1.2927101546233108,1.2927101546233108,0,0,0,2.8370033058958124,11.0625,4,8
APAZONE,300.3620000000001,300.15862588,280.202,56.220000000000006,0,4,2,2.0642199999999997,84.69100000000005,3,1,2,1,0,0,2,1,0,1,22,6,2,0.4375,-2.3699999999999997,14.562400483994145,5.119926717336136,1.9794669744097448,129.53716567319734,0.7856488020836657,16.016143379015546,13.328965602059158,13.328965602059158,10.451596160381722,7.498662278266255,7.498662278266255,5.939742374537686,5.939742374537686,3.960044698623429,3.960044698623429,2.8902438567776163,2.8902438567776163,1,1,2,3.3890192412068316,20,0,6
CANDESARTAN,440.4630000000001,440.15968850000013,420.3030000000002,118.81,2,6,7,4.028600000000002,122.01299999999999,5,5,0,3,2,0,0,0,0,0,33,9,2,0.125,-4.529999999999999,20.376998277247036,8.54138068507916,3.8011577516793493,188.2256647663815,0.39211603092631026,22.785881803630282,17.764844677386456,17.764844677386456,16.152198343190413,10.431793357197023,10.431793357197023,7.3843537881313175,7.3843537881313175,5.368645467570325,5.368645467570325,3.9097021341830134,3.9097021341830134,0,0,0,5.274172712277854,11.06060606060606,2,9
CEFPROZIL,389.4330000000001,389.104541708,370.2810000000001,132.96,4,6,5,0.7067000000000008,99.53370000000001,3,1,2,1,0,0,2,1,0,1,27,9,2,0.2777777777777778,-2.7799999999999994,18.994733071859827,7.453069069184643,3.428942242947475,159.26557050154196,0.5450750848987173,19.71481399176481,14.455243421438135,15.271740002365862,12.84544301049907,8.235022449236084,9.283777239216741,6.144267539636927,7.249260045218875,4.400645295982389,5.702821522496789,3.048311777607252,4.366851103920452,3,0,2,5.243298427233225,23.037037037037038,5,8
CIPROFLOXACIN,331.34700000000004,331.13321965599994,313.2030000000001,74.57,2,4,3,1.5833,88.47900000000006,4,2,2,1,1,1,1,2,1,1,24,7,2,0.4117647058823529,-2.41,15.137295119421712,5.592172599010578,2.4478616810646066,137.04307093590964,0.8932298763507216,16.844570503761737,13.088143604314618,13.088143604314618,11.558550648063802,8.13388326683475,8.13388326683475,6.373312034026569,6.373312034026569,4.729110360732636,4.729110360732636,3.3138575734326077,3.3138575734326077,0,0,0,3.5270986245819436,18.125,2,6
NITROFURANTOIN,238.15899999999996,238.033819292,232.11099999999996,118.05000000000001,1,6,3,0.07349999999999995,53.20110000000001,2,1,1,0,1,0,1,1,0,1,17,9,2,0.125,-2.71,10.796107985957985,4.040253449723967,2.2746039733648105,93.83084397012485,0.34574784602989994,12.41384908344359,8.322039827574615,8.322039827574615,8.0585506480638,4.456197331572841,4.456197331572841,3.0886593066695416,3.0886593066695416,1.8910596723837505,1.8910596723837505,1.160733316182176,1.160733316182176,0,0,3,2.565824266697601,15.647058823529411,1,9
PENICILLIN V,350.3960000000001,350.09364267599994,332.25200000000007,95.94000000000001,2,5,5,0.6970999999999998,87.59550000000004,3,1,2,1,0,0,2,2,0,2,24,8,2,0.4375,-2.22,16.631264146178772,6.0100027114767025,2.8151897888677238,142.8943131174155,0.759069056624305,17.48276318419594,13.261577578022788,14.078074158950514,11.309367635193635,7.510880360973086,8.39053317222798,6.245058385963449,8.015943525336011,4.104555442894086,5.676086037741568,3.026117698574494,4.651514288183821,3,0,2,4.1647476089091535,27.166666666666668,2,7
SULFISOXAZOLE,267.31,267.067762276,254.20599999999996,98.22,2,5,3,1.67444,67.63990000000003,2,2,0,1,1,0,0,0,0,0,18,7,1,0.18181818181818182,-2.0199999999999996,12.437269065941917,4.337583644907168,2.3030302240964393,104.83424387818272,0.8241959038664723,13.336498814253964,9.96695810330354,10.783454684231266,8.39868403267067,5.211929092254895,6.695092339849286,3.8966429817300456,5.579045223139565,2.574622477876861,3.921514589939969,1.3384655134836343,2.3851377194804297,0,0,0,2.9970941604299726,11.444444444444445,3,6
AMISULPRIDE,369.4870000000002,369.172227344,342.2710000000001,101.73,2,6,7,1.2851000000000006,97.73540000000006,2,1,1,1,0,0,1,1,0,1,25,8,1,0.5882352941176471,-1.8,19.52374837784304,8.052660123966941,4.243964693315342,148.9899874864918,0.7023165228263907,18.61251969619286,15.040496811697064,15.85699339262479,11.834065645098947,8.560922822736803,10.213188049056956,6.128407517004095,8.3750799440283,4.695141381205592,6.478895417545322,3.195197371991156,4.2216534358466795,1,1,1,6.288724401304836,18.28,3,7
PALIPERIDONE,426.49200000000025,426.206718944,399.2760000000002,84.39,1,6,4,3.081320000000002,113.51380000000005,5,3,2,1,2,0,2,1,0,1,31,8,4,0.5217391304347826,-2.579999999999999,20.32979285221992,8.163633643455372,3.784882514168512,179.03353084764743,0.6902887957170618,21.53480494807372,17.6812414080638,17.6812414080638,15.008040390846983,11.064631058255014,11.064631058255014,8.722993143887885,8.722993143887885,6.770434872129037,6.770434872129037,4.976742477186207,4.976742477186207,1,1,0,5.3537090610600355,20.29032258064516,1,7
ROXITHROMYCIN,837.058,836.524569732,760.45,216.88999999999996,5,17,13,2.2096000000000076,212.46599999999918,3,0,3,0,0,0,3,3,0,3,58,17,3,0.9512195121951219,-1.5800000000000005,50.77419182369555,21.476425115493377,12.072216598749993,345.0832347252334,0.07781066233799223,43.913120125584555,37.32297957928854,37.32297957928854,26.9635235980827,20.759123132963154,20.759123132963154,17.73363585802785,17.73363585802785,12.596289630220674,12.596289630220674,8.932908111750324,8.932908111750324,18,0,0,18.800829801746442,45.827586206896555,5,17
ACETAZOLAMIDE,222.251,221.988132052,216.203,115.03999999999999,2,6,2,-0.8561000000000003,45.58590000000001,1,1,0,0,1,0,0,0,0,0,13,9,1,0.25,-1.06,10.023752093802344,3.3584989230794076,2.7167362781176934,78.02145102207902,0.6318586926732331,10.060477932315068,6.513018912508858,8.14601207436431,5.892865415757243,3.032745770156533,5.395561829005821,2.0993176423790123,4.811973693691262,0.9328171861807086,3.0815095121098466,0.5258473654376647,1.9053602623835681,0,0,1,2.5895969701730865,11.23076923076923,3,7
LEVONORGESTREL,312.4530000000001,312.208930136,284.229,37.3,1,2,1,3.8826000000000036,90.49280000000006,4,0,4,0,0,4,0,3,3,0,23,2,0,0.7619047619047619,-1.07,15.457260686118481,5.214170225517998,1.9555471707233982,139.2801469135596,0.7460501574652694,16.242276208189782,14.183524531780508,14.183524531780508,11.043772185574866,9.478973511964345,9.478973511964345,8.395265548761222,8.395265548761222,8.018385648348154,8.018385648348154,6.9603098502532115,6.9603098502532115,6,0,0,3.5042081929403865,48.73913043478261,1,2
MEDROXYPROGESTERONE ACETATE,386.53200000000027,386.245709568,352.26000000000016,60.440000000000005,0,4,2,4.655200000000004,106.43500000000007,4,0,4,0,0,4,0,3,3,0,28,4,0,0.7916666666666666,-1.45,19.848667834780596,6.272007655173047,2.4498417061726503,168.01810354228854,0.6479725905950843,20.482763184195935,17.969491976109417,17.969491976109417,13.049002039601005,11.005220059218564,11.005220059218564,10.468711949682659,10.468711949682659,9.285030716961565,9.285030716961565,8.046195645461696,8.046195645461696,7,0,0,4.446107021597533,47.464285714285715,0,4
FLEROXACIN,369.3430000000002,369.130026096,351.19900000000007,65.78,1,4,4,1.6991999999999998,90.76830000000005,3,2,1,1,1,0,1,1,0,1,26,9,2,0.4117647058823529,-2.5499999999999994,18.247356811190322,6.986799011094744,3.0256462698611455,146.58994438188665,0.8887969358156733,19.007707210578264,14.136585607453778,14.136585607453778,12.345443010499073,8.1268711177512,8.1268711177512,6.266898086195343,6.266898086195343,4.604943091600363,4.604943091600363,3.2163204683940965,3.2163204683940965,0,0,0,4.9034851739814425,15.615384615384615,1,6
FEXOFENADINE,501.66700000000014,501.287908728,462.35500000000036,81,3,4,10,5.510500000000006,146.3443999999998,4,3,1,3,0,0,1,1,0,1,37,5,1,0.40625,-2.989999999999999,27.055745831636234,11.594940331257959,5.955035570194022,219.95300700648343,0.34130592103345714,26.468044558434492,21.884454447803545,21.884454447803545,17.724235880370358,13.30304947920262,13.30304947920262,10.82453399900071,10.82453399900071,8.109897200572073,8.109897200572073,5.517229509408694,5.517229509408694,1,1,0,8.478642122581173,16.43243243243243,3,5
