Drug,MaxAbsEStateIndex,MaxEStateIndex,MinAbsEStateIndex,MinEStateIndex,qed,SPS,MolWt,HeavyAtomMolWt,ExactMolWt,NumValenceElectrons,NumRadicalElectrons,MaxPartialCharge,MinPartialCharge,MaxAbsPartialCharge,MinAbsPartialCharge,FpDensityMorgan1,FpDensityMorgan2,FpDensityMorgan3,BCUT2D_MWHI,BCUT2D_MWLOW,BCUT2D_CHGHI,BCUT2D_CHGLO,BCUT2D_LOGPHI,BCUT2D_LOGPLOW,BCUT2D_MRHI,BCUT2D_MRLOW,AvgIpc,BalabanJ,BertzCT,Chi0,Chi0n,Chi0v,Chi1,Chi1n,Chi1v,Chi2n,Chi2v,Chi3n,Chi3v,Chi4n,Chi4v,HallKierAlpha,Ipc,Kappa1,Kappa2,Kappa3,LabuteASA,PEOE_VSA1,PEOE_VSA10,PEOE_VSA11,PEOE_VSA12,PEOE_VSA13,PEOE_VSA14,PEOE_VSA2,PEOE_VSA3,PEOE_VSA4,PEOE_VSA5,PEOE_VSA6,PEOE_VSA7,PEOE_VSA8,PEOE_VSA9,SMR_VSA1,SMR_VSA10,SMR_VSA2,SMR_VSA3,SMR_VSA4,SMR_VSA5,SMR_VSA6,SMR_VSA7,SMR_VSA8,SMR_VSA9,SlogP_VSA1,SlogP_VSA10,SlogP_VSA11,SlogP_VSA12,SlogP_VSA2,SlogP_VSA3,SlogP_VSA4,SlogP_VSA5,SlogP_VSA6,SlogP_VSA7,SlogP_VSA8,SlogP_VSA9,TPSA,EState_VSA1,EState_VSA10,EState_VSA11,EState_VSA2,EState_VSA3,EState_VSA4,EState_VSA5,EState_VSA6,EState_VSA7,EState_VSA8,EState_VSA9,VSA_EState1,VSA_EState10,VSA_EState2,VSA_EState3,VSA_EState4,VSA_EState5,VSA_EState6,VSA_EState7,VSA_EState8,VSA_EState9,FractionCSP3,HeavyAtomCount,NHOHCount,NOCount,NumAliphaticCarbocycles,NumAliphaticHeterocycles,NumAliphaticRings,NumAmideBonds,NumAromaticCarbocycles,NumAromaticHeterocycles,NumAromaticRings,NumAtomStereoCenters,NumBridgeheadAtoms,NumHAcceptors,NumHDonors,NumHeteroatoms,NumHeterocycles,NumRotatableBonds,NumSaturatedCarbocycles,NumSaturatedHeterocycles,NumSaturatedRings,NumSpiroAtoms,NumUnspecifiedAtomStereoCenters,Phi,RingCount,MolLogP,MolMR,fr_Al_COO,fr_Al_OH,fr_Al_OH_noTert,fr_ArN,fr_Ar_COO,fr_Ar_N,fr_Ar_NH,fr_Ar_OH,fr_COO,fr_COO2,fr_C_O,fr_C_O_noCOO,fr_C_S,fr_HOCCN,fr_Imine,fr_NH0,fr_NH1,fr_NH2,fr_N_O,fr_Ndealkylation1,fr_Ndealkylation2,fr_Nhpyrrole,fr_SH,fr_aldehyde,fr_alkyl_carbamate,fr_alkyl_halide,fr_allylic_oxid,fr_amide,fr_amidine,fr_aniline,fr_aryl_methyl,fr_azide,fr_azo,fr_barbitur,fr_benzene,fr_benzodiazepine,fr_bicyclic,fr_diazo,fr_dihydropyridine,fr_epoxide,fr_ester,fr_ether,fr_furan,fr_guanido,fr_halogen,fr_hdrzine,fr_hdrzone,fr_imidazole,fr_imide,fr_isocyan,fr_isothiocyan,fr_ketone,fr_ketone_Topliss,fr_lactam,fr_lactone,fr_methoxy,fr_morpholine,fr_nitrile,fr_nitro,fr_nitro_arom,fr_nitro_arom_nonortho,fr_nitroso,fr_oxazole,fr_oxime,fr_para_hydroxylation,fr_phenol,fr_phenol_noOrthoHbond,fr_phos_acid,fr_phos_ester,fr_piperdine,fr_piperzine,fr_priamide,fr_prisulfonamd,fr_pyridine,fr_quatN,fr_sulfide,fr_sulfonamd,fr_sulfone,fr_term_acetylene,fr_tetrazole,fr_thiazole,fr_thiocyan,fr_thiophene,fr_unbrch_alkane,fr_urea
AMPHETAMINE,5.624427437641724,5.624427437641724,0.26611111111111074,0.26611111111111074,0.6542162175383444,13,135.20999999999998,122.10599999999997,135.104799416,54,0,0.0050862390717969705,-0.32765583199596715,0.32765583199596715,0.0050862390717969705,1.3,1.9,2.4,14.592881775995139,10.090862491237761,1.9369749721827212,-2.0246159489684556,1.998310711111909,-2.1696568856277554,5.148524552240581,0.7380001730149905,1.8810140578490522,2.5872871851548136,179.17957141667623,7.397341225498538,6.248558665513929,6.248558665513929,4.787693700234704,3.583168886103056,3.583168886103056,2.6670065890781336,2.6670065890781336,1.4005021979026944,1.4005021979026944,0.9858783585471155,0.9858783585471155,-0.8200000000000001,195.6254620163014,7.288932461873639,3.3737941826863076,2.1939048454146013,61.866120159699506,5.733667477162185,0,0,0,0,0,0,0,0,0,30.33183534230805,18.90801031431363,6.041840829147961,0,0,0,0,0,5.733667477162185,19.386399651764595,0,35.89528683400505,0,0,5.733667477162185,0,0,0,6.041840829147961,6.4208216229260096,0,12.487188691387619,30.33183534230805,0,0,0,26.02,0,0,0,6.041840829147961,0,6.4208216229260096,5.563451491696996,0,25.122838405075452,12.13273413692322,5.733667477162185,0,0,0,0,6.941557067271353,0,10.564554043839758,0.9730555555555556,2.0208333333333335,0,0.3333333333333333,10,2,1,0,0,0,0,1,0,1,1,0,1,1,1,0,2,0,0,0,0,1,2.459135793786267,1,1.5763,43.79540000000002,0,0,0,0,0,0,0,0,0,0,0,0,0,0,0,0,0,1,0,0,0,0,0,0,0,0,0,0,0,0,0,0,0,0,1,0,0,0,0,0,0,0,0,0,0,0,0,0,0,0,0,0,0,0,0,0,0,0,0,0,0,0,0,0,0,0,0,0,0,0,0,0,0,0,0,0,0,0,0,0,0,0,0,0,0
ACETAMINOPHEN,10.524468537414966,10.524468537414966,0.11510204081632636,-0.11510204081632636,0.5950261967780848,9.181818181818182,151.165,142.093,151.063328528,58,0,0.22074743631242583,-0.5079643157925783,0.5079643157925783,0.22074743631242583,1.3636363636363635,1.9090909090909092,2.3636363636363638,16.25468871437964,10.28019085996475,1.928036059035984,-1.9945540738765863,2.1252475791601784,-2.044011312610289,5.880954784597921,-0.11373578338265977,1.9291266251851134,2.7362980721056545,253.2994975838911,8.267584713501616,6.164862962722325,6.164862962722325,5.1815405503520555,3.2490981480278296,3.2490981480278296,2.228060242189872,2.228060242189872,1.1876733148984595,1.1876733148984595,0.7480265991539318,0.7480265991539318,-1.5099999999999998,285.51074052739676,7.595374077976819,3.0531381005525,2.292303972882069,64.66690538413799,10.423315998847038,5.749511833283905,0,5.907179729351506,0,0,4.794537184071822,0,0,0,0,24.26546827384644,12.611123474374185,0,9.901064578912528,11.594566004035068,0,0,0,6.923737199690624,5.316788604006331,24.26546827384644,0,5.749511833283905,5.316788604006331,5.687386274683562,5.749511833283905,0,11.013707124192212,4.794537184071822,0,6.923737199690624,24.26546827384644,0,0,0,49.33,0,4.794537184071822,0,11.65669156263541,5.687386274683562,0,19.056471336613843,12.13273413692322,0,5.316788604006331,5.106527394840706,0,0,10.524468537414966,11.460032596371882,0.6900925925925929,0.07851095993953194,6.309537037037037,0,1.437358276643991,0,0.125,11,2,3,0,0,0,1,1,0,1,0,0,2,2,3,0,1,0,0,0,0,0,2.1081569077654403,1,1.3505999999999998,42.41050000000002,0,0,0,0,0,0,0,1,0,0,1,1,0,0,0,0,1,0,0,0,0,0,0,0,0,0,0,1,0,1,0,0,0,0,1,0,0,0,0,0,0,0,0,0,0,0,0,0,0,0,0,0,0,0,0,0,0,0,0,0,0,0,0,0,0,1,1,0,0,0,0,0,0,0,0,0,0,0,0,0,0,0,0,0,0
ASPIRIN,10.611948223733938,10.611948223733938,0.01601851851851821,-1.1140277777777776,0.5501217966938848,9.307692307692308,180.15899999999996,172.09499999999997,180.042258736,68,0,0.33900378687731025,-0.4775395271554559,0.4775395271554559,0.33900378687731025,1.3076923076923077,1.9230769230769231,2.4615384615384617,16.536111221254338,10.182282381035359,2.104306980957854,-2.031132091947014,2.1698345568128015,-2.063000061964293,5.913065796110133,-0.1314143424403053,2.0325369160995868,3.0435273546341013,343.22286772671646,9.844934982691242,6.9813595436500515,6.9813595436500515,6.109060905280622,3.6174536478673316,3.6174536478673316,2.3949556783206725,2.3949556783206725,1.3711546649445037,1.3711546649445037,0.8871712192374142,0.8871712192374142,-1.8399999999999999,729.6807528797516,9.249605734767023,3.7092512583454584,2.297415032519928,74.75705264447721,9.843390348640755,11.3129633249809,0,0,0,11.938610575903697,4.794537184071822,4.794537184071822,0,0,12.13273413692322,12.13273413692322,6.923737199690624,0,19.432464716784395,11.938610575903697,0,0,0,6.923737199690624,0,29.828919765543436,0,5.749511833283905,4.736862953800049,0,5.749511833283905,0,17.045137970744403,4.794537184071822,0,17.28172587545944,24.26546827384644,0,0,0,63.60000000000001,11.938610575903697,9.589074368143644,0,11.3129633249809,0,0,19.056471336613843,12.13273413692322,0,4.736862953800049,5.106527394840706,4.686898148148147,0,21.184767573696142,8.687243008314436,-0.01601851851851821,-1.575879629629629,5.978792517006803,0,1.2208635676492818,0,0.1111111111111111,13,1,4,0,0,0,0,1,0,1,0,0,3,1,4,0,2,0,0,0,0,0,2.639162439298765,1,1.3101,44.71030000000002,0,0,0,0,1,0,0,0,1,1,2,1,0,0,0,0,0,0,0,0,0,0,0,0,0,0,0,0,0,0,0,0,0,0,1,0,0,0,0,0,1,1,0,0,0,0,0,0,0,0,0,0,0,0,0,0,0,0,0,0,0,0,0,0,1,0,0,0,0,0,0,0,0,0,0,0,0,0,0,0,0,0,0,0,0
ENALAPRIL,12.698340690844748,12.698340690844748,0.2617966144472277,-0.9869719369512284,0.6358354158694681,18.74074074074074,376.45300000000026,348.2290000000001,376.19982199599997,148,0,0.32591549414003096,-0.479712131669052,0.479712131669052,0.32591549414003096,1.2962962962962963,2,2.6296296296296298,16.533931944625454,10.041588180944672,2.3646225753200794,-2.2742775260936234,2.1857737856208312,-2.5290734279907907,5.876437267606002,-0.15003572487714026,3.149920450531538,2.0070366246242646,649.031972845491,19.81119030894213,15.888863193491664,15.888863193491664,12.934759407976113,9.435378264180693,9.435378264180693,6.745158299357761,6.745158299357761,4.7781754477150775,4.7781754477150775,3.376785148056581,3.376785148056581,-2.41,1167133.7246945498,20.89651383122284,10.061420006935409,5.787080019605405,159.23680270316586,14.743300079491233,12.083681658295921,0,5.907179729351506,0,11.938610575903697,14.905862972149976,4.794537184071822,0,0,30.33183534230805,45.09421238278229,6.544756405912575,12.648722793660879,24.227001900856216,17.845790305255203,0,10.216698334856808,0,57.65628337852917,13.151638370425493,35.89528683400505,0,0,5.316788604006331,0,0,0,59.129388288815754,25.54129612894152,0,38.673390759856275,30.33183534230805,0,0,0,95.94000000000001,30.06413306334758,19.490138947056174,0,12.514061693864424,32.22804289761662,5.563451491696996,4.899909730850477,13.847474399381248,30.33183534230805,5.316788604006331,4.736862953800049,5.137459346392879,0,37.72493286830557,12.325549757249274,1.0954279680957173,-1.6830856200788,7.690491483656686,2.2880621800340273,4.087828683011313,0,0.55,27,2,7,0,1,1,1,1,0,1,3,0,5,2,7,1,9,0,1,1,0,0,7.786985271728444,2,1.6046,100.15250000000007,1,0,0,0,0,0,0,0,1,1,3,2,0,0,0,1,1,0,0,0,1,0,0,0,0,0,0,1,0,0,1,0,0,0,1,0,0,0,0,0,1,1,0,0,0,0,0,0,0,0,0,0,0,0,0,0,0,0,0,0,0,0,0,0,0,0,0,0,0,0,0,0,0,0,0,0,0,0,0,0,0,0,0,0,0
ETHINYL ESTRADIOL,10.9072088372386,10.9072088372386,0.12763963687326751,-0.9187799456202232,0.7180018360911579,42.86363636363637,296.4100000000001,272.21799999999996,296.177630008,116,0,0.1303358784852834,-0.5079560321952997,0.5079560321952997,0.1303358784852834,1.2272727272727273,2.0454545454545454,2.8181818181818183,16.286057871300546,9.531586134083424,2.6051941799842484,-2.5162824974711926,2.6362045431955865,-2.496124709659033,5.402636961818874,-0.06464647342410437,2.790408774112263,1.721704964542758,658.1613573389167,15.535169427003234,13.178519762446586,13.178519762446586,10.483112013795045,8.50334458083506,8.50334458083506,7.7980613966887375,7.7980613966887375,7.10047436372019,7.10047436372019,5.821907213476907,5.821907213476907,-1.46,148000.49097014032,14.152613321456492,4.521896298442718,1.664422092346401,132.1107921567131,10.213054789681411,11.350562644267594,0,0,0,0,0,0,0,6.423349895620259,18.910538587007878,79.53828499635745,5.414990469396779,0,10.213054789681411,0,0,0,17.250802561719567,56.967623794391756,0,29.32600418877882,0,18.093296047759807,0,0,5.749511833283905,0,15.8141056006651,6.4208216229260096,29.594586776195463,56.07265434387605,18.19910120538483,0,0,0,40.46,5.601050810983688,10.213054789681411,0,5.414990469396779,23.503229971768086,38.524929737556064,11.126902983393991,0,12.13273413692322,18.910538587007878,6.423349895620259,0,0,0,20.628043391943557,1.6918295304232813,4.817586370885208,5.874709624590577,11.772468690287052,2.2153623918703285,0,0.6,22,2,2,3,0,3,0,1,0,1,5,0,2,2,2,0,0,2,0,2,0,0,2.9089386268902366,4,3.6126000000000023,86.50660000000005,0,1,0,0,0,0,0,1,0,0,0,0,0,0,0,0,0,0,0,0,0,0,0,0,0,0,0,0,0,0,1,0,0,0,1,0,5,0,0,0,0,0,0,0,0,0,0,0,0,0,0,0,0,0,0,0,0,0,0,0,0,0,0,0,0,1,1,0,0,0,0,0,0,0,0,0,0,0,1,0,0,0,0,0,0
ETHOSUXIMIDE,11.005555555555556,11.005555555555556,0.12499999999999978,-0.4334490740740742,0.5387218646888616,32.6,141.17,130.082,141.078978592,56,0,0.23249476213906983,-0.2959410688794002,0.2959410688794002,0.23249476213906983,1.6,2.2,2.4,16.174237377385296,9.860395411970476,2.4004607912582623,-2.144420669532036,2.2918245989836055,-2.276689615265853,6.050405503290491,-0.1276959903989348,2.0903079050169886,2.8000015092487516,188.04512825117834,7.776020881938894,6.230710143300821,6.230710143300821,4.582334106738749,3.426015243430232,3.426015243430232,2.9682907381116728,2.9682907381116728,2.132179015606181,2.132179015606181,1.0419123688073615,1.0419123688073615,-0.8600000000000001,173.49555611641006,7.249409190371992,2.075496519949025,0.9162485890783432,59.795978944375534,0,0,0,11.814359458703011,0,0,14.905862972149976,0,0,0,13.847474399381248,6.4208216229260096,6.4208216229260096,5.414990469396779,9.589074368143644,11.814359458703011,0,5.316788604006331,5.414990469396779,26.689117645233267,0,0,0,0,5.316788604006331,0,0,0,11.814359458703011,9.589074368143644,5.414990469396779,26.689117645233267,0,0,0,0,46.17,5.414990469396779,9.589074368143644,0,11.814359458703011,6.4208216229260096,6.4208216229260096,0,0,13.847474399381248,5.316788604006331,0,0,0,21.701597222222222,2.2804166666666665,-0.4334490740740742,-0.26912037037036973,0,1.0762962962962965,3.7275925925925923,0,0.7142857142857143,10,1,3,0,1,1,2,0,0,0,1,0,2,1,3,1,1,0,1,1,0,1,1.5046123546303547,1,0.4491999999999999,36.164699999999996,0,0,0,0,0,0,0,0,0,0,2,2,0,0,0,0,1,0,0,0,0,0,0,0,0,0,0,2,0,0,0,0,0,0,0,0,0,0,0,0,0,0,0,0,0,0,0,0,1,0,0,0,0,0,0,0,0,0,0,0,0,0,0,0,0,0,0,0,0,0,0,0,0,0,0,0,0,0,0,0,0,0,0,0,0
IVERMECTIN,14.366099028717194,14.366099028717194,0.007077781983083842,-1.8215340798094055,0.20352458572125837,47.20967741935484,875.1060000000001,800.514,874.507857048,350,0,0.31599777375162835,-0.4615170697966652,0.4615170697966652,0.31599777375162835,0.9193548387096774,1.6290322580645162,2.3548387096774195,16.734824080729943,9.705800362778135,2.600287768291851,-2.5065403787573612,2.4795050724347263,-2.581617922104321,5.7832624820346865,-0.3403460562819206,3.58328455319233,1.1769497801111772,1675.4327452466102,44.67226867064888,38.475389203642685,38.475389203642685,29.49742567265985,23.16615509000729,23.16615509000729,19.35233439895771,19.35233439895771,14.930547104758418,14.930547104758418,10.957247763335596,10.957247763335596,-2.0500000000000003,30670300098703.2,47.899083810937256,19.816415198594797,9.734727407957774,367.77197585272893,62.6882117225226,42.03878879588659,18.367164611241023,0,0,5.9693052879518484,4.794537184071822,0,0,0,64.49587095585791,69.0917177271451,52.2416092433465,49.334646678751035,67.48274890659442,5.9693052879518484,0,0,23.671624184645573,203.97228265613745,20.826477047067986,47.099414124377205,0,0,0,0,0,0,139.3311765947463,52.16316672207231,23.671624184645573,106.75647058093307,47.099414124377205,0,0,0,170.06,90.79112424607266,20.11411936859394,0,30.836687173919223,61.50695089001738,18.414747775921285,0,40.219109695604075,19.075777413358388,40.694706105287,47.36862953800049,63.92069968323819,0,14.366099028717194,34.24910120352273,0.1879923812443578,-2.0978273354747583,0,6.53321057590761,16.280733115168715,3.2266580143426298,0.8125,62,3,14,1,6,7,0,0,0,0,20,2,14,3,14,6,8,0,5,5,1,20,15.309486006932628,7,5.601400000000006,227.39939999999916,0,3,2,0,0,0,0,0,0,0,1,1,0,0,0,0,0,0,0,0,0,0,0,0,0,0,2,0,0,0,0,0,0,0,0,0,2,0,0,0,1,10,0,0,0,0,0,0,0,0,0,0,0,0,0,2,0,0,0,0,0,0,0,0,0,0,0,0,0,0,0,0,0,0,0,0,0,0,0,0,0,0,0,0,0
METHOHEXITAL,12.391342120181406,12.391342120181406,0.14766628873771714,-1.368472222222222,0.47348972477403223,24.36842105263158,262.30899999999997,244.16499999999996,262.131742436,102,0,0.3300197179767206,-0.2765993123104263,0.3300197179767206,0.2765993123104263,1.4736842105263157,2.1052631578947367,2.6315789473684212,16.203566466657367,9.705789710688537,2.546472736343563,-2.3891684740607313,2.362525096946543,-2.6411685662057804,6.1900071371144785,-0.15227051287926535,2.381535647517022,3.29817508926682,486.6548825076385,14.629392033067417,11.447979348830442,11.447979348830442,8.911955240757193,6.142210308375784,6.142210308375784,4.483953708344957,4.483953708344957,3.3174083935435834,3.3174083935435834,2.1257798726823465,2.1257798726823465,-2.09,12293.487012482869,14.969136605558838,5.700041419282036,2.3872265141023297,112.58155187507397,0,5.414990469396779,0,11.814359458703011,0,6.031114512338072,19.80577270300045,4.794537184071822,0,12.499370002454143,18.92019162538015,13.344558822616634,19.38639965176459,0,14.383611552215466,17.845473971041084,0,10.216698334856808,11.332896515558172,26.689117645233267,7.04767198267719,12.654955790432378,0,11.840868637711289,5.316788604006331,4.794537184071822,0,0,29.79305568456875,9.589074368143644,23.17376515326946,26.689117645233267,12.654955790432378,0,0,0,66.48,29.178370486599253,14.383611552215466,0,6.4208216229260096,6.4208216229260096,4.899909730850477,13.12369208951107,6.923737199690624,6.923737199690624,23.736592925316117,0,0,0,36.95401116465104,2.2041928854875286,-1.368472222222222,4.162664162887378,-0.703390783782649,2.2908513636936254,7.19435521122029,1.349121551398337,0.5,19,1,5,0,1,1,4,0,0,0,2,0,3,1,5,1,3,0,1,1,0,2,4.490773613819805,1,1.3066,70.78670000000002,0,0,0,0,0,0,0,0,0,0,3,3,0,0,0,1,1,0,0,0,0,0,0,0,0,0,1,4,0,0,0,0,0,1,0,0,0,0,0,0,0,0,0,0,0,0,0,0,2,0,0,0,0,0,0,0,0,0,0,0,0,0,0,0,0,0,0,0,0,0,0,0,0,0,0,0,0,0,0,0,0,0,0,0,1
NORETHINDRONE,11.703982275991205,11.703982275991205,0.10255901203073803,-0.9015041047283114,0.6950885218084817,50.40909090909091,298.42600000000004,272.21799999999996,298.193280072,118,0,0.15517640199485044,-0.3770338699090017,0.3770338699090017,0.15517640199485044,1.1818181818181819,2,2.772727272727273,16.28594524194152,9.504565126919202,2.613630229980258,-2.5430195719377107,2.641221989562957,-2.5168091025743697,5.909133484026483,-0.11613076711050978,2.790408774112263,1.6520192857313454,583.0048893946201,15.535169427003234,13.47641775059396,13.47641775059396,10.483112013795045,8.918313340184524,8.918313340184524,8.303039842827467,8.303039842827467,7.690445031945482,7.690445031945482,6.433901017349552,6.433901017349552,-1.07,148000.49097014032,14.517720418011233,4.7123736531989255,1.7524204432637707,132.91520479916298,5.106527394840706,5.601050810983688,5.783244946364939,0,0,0,4.794537184071822,0,0,6.423349895620259,18.417276048615534,74.69339565196152,11.835812092322788,0,9.901064578912528,5.783244946364939,0,0,29.08661465404235,63.89136099408239,0,11.649124636903148,0,12.343784214475903,0,0,0,0,16.490823152189332,4.794537184071822,41.430398868518246,58.29031018309871,11.649124636903148,0,0,0,37.3,5.601050810983688,9.901064578912528,0,5.414990469396779,29.45486913101051,44.94575136048208,11.993926152995275,0,6.076020106833881,12.844171518546268,6.423349895620259,0,0,11.703982275991205,10.91973243502329,0.41844761747291526,5.65632548265327,0,15.73554062276375,2.2326382327622407,0,0.75,22,1,2,4,0,4,0,0,0,0,6,0,2,1,2,0,0,3,0,3,0,0,3.1096783273792834,4,3.4925000000000024,85.87580000000005,0,1,0,0,0,0,0,0,0,0,1,1,0,0,0,0,0,0,0,0,0,0,0,0,0,0,1,0,0,0,0,0,0,0,0,0,5,0,0,0,0,0,0,0,0,0,0,0,0,0,0,1,0,0,0,0,0,0,0,0,0,0,0,0,0,0,0,0,0,0,0,0,0,0,0,0,0,0,1,0,0,0,0,0,0
PHENOBARBITAL,11.97579081632653,11.97579081632653,0.29361111111111104,-1.310347222222222,0.7368838068366227,18.529411764705884,232.23899999999995,220.14299999999997,232.084792244,88,0,0.32765101857785744,-0.27652301806617985,0.32765101857785744,0.27652301806617985,1,1.5294117647058822,2,16.197587805722346,9.751795321726716,2.496212647460485,-2.327843480181021,2.2974678713209307,-2.6398485542360053,6.223891946421076,-0.1382313111044508,2.3025942842976477,2.535973053206109,461.783925345171,12.466255326250886,9.318602998526266,9.318602998526266,8.108226125916318,5.333716209998576,5.333716209998576,3.8622813159634184,3.8622813159634184,3.0262809871232013,3.0262809871232013,2.0640792113105055,2.0640792113105055,-2.17,7460.405481124379,11.319407152511545,4.008920169778624,1.5954555917347284,98.19951531969478,0,0,5.414990469396779,11.814359458703011,0,6.031114512338072,20.222651576156306,4.794537184071822,0,0,37.255572541998674,11.984273114623004,0,0,14.383611552215466,17.845473971041084,0,10.633577208012662,0,18.75954929201341,0,35.89528683400505,0,0,10.633577208012662,4.794537184071822,0,0,17.845473971041084,15.004064837540422,0,18.90801031431363,30.33183534230805,0,0,0,75.27000000000001,23.26046444043786,14.383611552215466,0,0,11.984273114623004,0,0,37.255572541998674,0,10.633577208012662,0,0,0,35.0066084026203,4.280408163265307,-0.7223842592592591,-1.1389814814814807,7.95935295414462,0.29361111111111104,1.7380517762660619,0,0.25,17,2,5,0,1,1,4,1,0,1,0,0,3,2,5,1,2,0,1,1,0,0,2.66932939080235,2,0.7004,60.092400000000026,0,0,0,0,0,0,0,0,0,0,3,3,0,0,0,0,2,0,0,0,0,0,0,0,0,0,0,4,0,0,0,0,0,1,1,0,0,0,0,0,0,0,0,0,0,0,0,0,2,0,0,0,0,0,0,0,0,0,0,0,0,0,0,0,0,0,0,0,0,0,0,0,0,0,0,0,0,0,0,0,0,0,0,0,1
THEOPHYLLINE,11.429537037037036,11.429537037037036,0,-0.3756018518518516,0.5360024354006914,10.142857142857142,198.18199999999996,188.10199999999998,198.07529018,76,0,0.33165266704855567,-0.41150952193742263,0.41150952193742263,0.33165266704855567,1.2857142857142858,1.9285714285714286,2.5714285714285716,16.161208951711014,10.505095686639354,2.084333233032255,-2.0057946223613894,1.968014094426604,-2.3646656107026125,5.680270329176691,0.7085278627973807,2.5943160605063236,9.799997966500434e-7,576.6129244530661,9.585421958697399,7.735487636617226,7.735487636617226,6.125897657686227,3.7175834945556487,3.7175834945556487,2.8055107915379596,2.8055107915379596,2.035704289978214,2.035704289978214,1.266017870441531,1.266017870441531,-1.8900000000000003,1349.0443514632882,10.192576383154416,3.1095317532882008,1.0618574497884699,77.93479684557177,10.46017035682857,5.647177220767728,5.516700717616262,0,5.559266895052007,5.689743398203474,13.928736479654532,9.778515705019029,0,0,0,0,14.09534396535438,6.3273200747645415,5.476191835881363,11.16387793838399,0,19.102156337477126,14.09534396535438,0,0,27.165404736163666,0,0,11.24901029325548,0,0,0,24.57834817335849,14.09534396535438,0,0,15.916394442908185,0,11.16387793838399,0,104.18,0,9.589074368143644,0,22.241902846753103,5.647177220767728,4.567099647791355,17.942091705233086,7.04767198267719,0,9.967957041894415,0,2.3818518518518514,0,29.37662037037037,0,-0.0011111111111095084,0,0,1.3943518518518516,0,3.0149537037037035,0.2857142857142857,14,3,7,0,0,0,0,0,2,2,0,0,3,1,7,2,0,0,0,0,0,0,2.2638671365167182,2,-1.8643999999999998,50.18950000000002,0,0,0,0,0,4,1,0,0,0,0,0,0,0,0,3,1,0,0,0,0,1,0,0,0,0,0,0,0,0,1,0,0,0,0,0,1,0,0,0,0,0,0,0,0,0,0,1,0,0,0,0,0,0,0,0,0,0,0,0,0,0,0,0,0,0,0,0,0,0,0,0,0,0,0,0,0,0,0,0,0,0,0,0,0
THIOPENTAL,12.024957482993198,12.024957482993198,0.01907407407407402,-0.96,0.5777126778981032,21.3125,242.34400000000002,224.19999999999996,242.108898816,90,0,0.24159917182915616,-0.3018990998930207,0.3018990998930207,0.24159917182915616,1.25,1.75,2.125,32.092046540119945,9.697180678488872,2.507690632484907,-2.382420534394885,2.361252624554684,-2.63807073244056,7.7991376588553445,-0.14737775399290992,2.175546730729908,3.0460336908423664,307.9462521949897,12.344934982691242,9.9234154841408575,10.739912065068584,7.484434885828627,5.654413082910466,6.062661373374329,4.252001201594507,4.66024949205837,3.385115542605425,3.5892396878373565,2.360222660594406,2.545618066543705,-0.9700000000000002,2793.4020022572017,13.096533599467731,4.908146397569112,1.9584483355799363,101.1643898327749,10.633577208012662,5.414990469396779,5.112436884724758,11.814359458703011,0,0,9.589074368143644,0,0,0,27.19203322199788,30.977422735060106,0,0,9.589074368143644,29.144669786474463,0,10.633577208012662,11.332896515558172,40.0336764678499,0,0,0,0,10.633577208012662,0,0,12.217873443046695,16.926796343427768,9.589074368143644,11.332896515558172,40.0336764678499,0,0,0,0,58.2,5.414990469396779,9.589074368143644,0,22.844702389589163,6.4208216229260096,12.841643245852019,0,0,20.771211599071872,10.633577208012662,12.217873443046695,0,4.797601122239019,24.049914965986396,5.21649470899471,-0.96,-0.49999999999999933,0,2.295448082010582,5.850541120769295,0,0.7272727272727273,16,2,4,0,1,1,2,0,0,0,1,0,3,2,5,1,4,0,1,1,0,1,4.017481512929399,1,1.3498999999999999,65.67940000000003,0,0,0,0,0,0,0,0,0,0,2,2,1,0,0,0,2,0,0,0,0,0,0,0,0,0,0,2,0,0,0,0,0,0,0,0,0,0,0,0,0,0,0,0,0,0,0,0,0,0,0,0,0,0,0,0,0,0,0,0,0,0,0,0,0,0,0,0,0,0,0,0,0,0,0,0,0,0,0,0,0,0,0,0,0
TINIDAZOLE,11.283356953892667,11.283356953892667,0.03625236205593407,-3.1260076530612246,0.5584635043283493,11.625,247.27599999999998,234.17199999999997,247.062676896,90,0,0.3423775968177724,-0.35785768021371084,0.35785768021371084,0.3423775968177724,1.5625,2.1875,2.6875,32.22782763349839,10.582216343581308,2.1895959399569764,-2.023307783471217,2.13078710979768,-2.160418076863489,7.908385115413656,-0.39169808664998434,2.570162593497426,2.8919851035891266,491.3817428453395,12.344934982691244,9.081552851568459,9.898049432496185,7.371009241333563,4.7404677367383465,6.561834941784265,3.3087284503148213,5.781467105502188,2.286813145233041,3.971048610251137,1.253078274756188,2.0024982385596233,-1.44,3179.291128156316,12.62868131868132,4.6019453326954,2.7825859160309396,93.17326768432252,10.114318268765572,12.741599977525652,15.661657634417429,0,0,5.817862777835028,0,17.9688751530675,0,0,6.923737199690624,4.923311048817671,12.676590806437414,5.752853606746789,13.341108033146607,15.65511591425253,0,9.551078168738563,0,20.392230805293824,11.505707213493578,22.135566338378574,0,0,0,5.817862777835028,0,0,34.397893415378746,16.382009542330078,17.038055468456196,12.748141697690551,6.196843571613076,0,0,0,95.1,14.760564185235172,18.53211525309451,0,23.86832639724118,5.824404497999927,6.196843571613076,4.567099647791355,13.847474399381248,0,4.983978520947208,0,23.86553335222978,0,13.844335868606702,10.624408147518267,0,0.1922302532123974,0,1.1328354119425548,3.2166646195515245,-3.1260076530612246,0.625,16,0,7,0,0,0,0,0,1,1,0,0,5,0,8,1,5,0,0,0,0,0,3.6322813157876928,1,0.5344200000000001,57.946200000000026,0,0,0,0,0,2,0,0,0,0,0,0,0,0,0,3,0,0,0,0,0,0,0,0,0,0,0,0,0,0,1,0,0,0,0,0,0,0,0,0,0,0,0,0,0,0,0,1,0,0,0,0,0,0,0,0,0,0,1,0,0,0,0,0,0,0,0,0,0,0,0,0,0,0,0,0,0,1,0,0,0,0,0,0,0
VALPROIC ACID,10.479351851851852,10.479351851851852,0.10185185185185208,-0.6354629629629625,0.6423719745530849,10.3,144.214,128.08599999999998,144.115029752,60,0,0.30598677885955755,-0.48102646388509346,0.48102646388509346,0.30598677885955755,1.3,1.7,1.9,16.366455873707064,9.988437140019897,2.1327298391200404,-2.0726526499281115,2.1220933568175253,-2.120813117644701,5.692965530989297,-0.1417604720869614,1.8734431194664496,3.6095780526829477,93.43071362054202,7.983127663125442,6.7612392798996375,6.7612392798996375,4.718744015013407,3.947116220877545,3.947116220877545,2.612511362237168,2.612511362237168,1.6235145467500236,1.6235145467500236,1.0882115674274204,1.0882115674274204,-0.53,134.88790460158438,9.47,5.270170381876186,3.4868174048208713,62.24960168084558,5.106527394840706,0,0,0,0,5.9693052879518484,4.794537184071822,0,0,0,26.689117645233267,12.841643245852019,0,5.917906046161393,9.901064578912528,5.9693052879518484,0,0,5.917906046161393,39.53076089108528,0,0,0,0,0,0,0,0,11.075832682792555,4.794537184071822,5.917906046161393,39.53076089108528,0,0,0,0,37.3,5.9693052879518484,4.794537184071822,0,5.917906046161393,0,25.683286491704038,0,0,13.847474399381248,0,5.106527394840706,0,0,10.479351851851852,8.635462962962963,0,-0.7373148148148145,0,3.583611111111111,4.038888888888889,0,0.875,10,1,2,0,0,0,0,0,0,0,0,0,1,1,2,0,5,0,0,0,0,0,4.990851351636748,0,2.2874,40.9418,1,0,0,0,0,0,0,0,1,1,1,0,0,0,0,0,0,0,0,0,0,0,0,0,0,0,0,0,0,0,0,0,0,0,0,0,0,0,0,0,0,0,0,0,0,0,0,0,0,0,0,0,0,0,0,0,0,0,0,0,0,0,0,0,0,0,0,0,0,0,0,0,0,0,0,0,0,0,0,0,0,0,0,0,0
ZONISAMIDE,10.838410336356766,10.838410336356766,0.30157407407407444,-3.5610440287226006,0.7899579227288236,12.071428571428571,212.23000000000002,204.16599999999997,212.025563116,74,0,0.21448406075669046,-0.35597872833401983,0.35597872833401983,0.21448406075669046,1.3571428571428572,2.0714285714285716,2.7857142857142856,32.233072166281154,10.20989403574779,2.12417340262391,-1.9198806200167529,2.1813727487353485,-2.142415244890833,7.87875814768009,0.448386679549692,2.4669383005242724,2.539001213297287,558.7250089212612,10.181798275874714,7.174064884490088,7.990561465417814,6.561461509579255,3.8989195169235282,5.614340973570852,2.93262554634757,4.547021478014453,1.790051102211571,2.4658570414447407,1.2327661761804283,1.822102238951968,-1.4,1818.1335274863889,9.166608996539793,3.07139221415779,1.7539787417408788,80.54400990584925,4.523094936973348,11.44678160159525,5.583020141642242,10.023291153407584,0,0,0,13.556770721936878,0,0,17.289397394048667,12.13273413692322,5.386224214464796,0,12.940891921302285,20.99253550951462,0,5.156663257125445,5.138973737607942,5.752853606746789,0,29.9593962686949,0,0,5.138973737607942,0,0,0,13.574460241454382,15.776144760154374,0,5.693927994848461,28.788563210819788,0,10.969244356107037,0,86.19000000000001,10.023291153407584,8.417796984328938,0,5.752853606746789,16.6631723509555,0,0,24.26546827384644,0,5.156663257125445,9.66206867458129,26.60172808012094,0,0,9.236725245653815,0.9113425925925935,-0.30157407407407444,7.029488851095994,0,0,-3.5610440287226006,0.125,14,2,5,0,0,0,0,1,1,2,0,0,4,1,6,1,2,0,0,0,0,0,2.011017964442934,2,0.6163,50.820200000000014,0,0,0,0,0,1,0,0,0,0,0,0,0,0,0,1,0,1,0,0,0,0,0,0,0,0,0,0,0,0,0,0,0,0,1,0,1,0,0,0,0,0,0,0,0,0,0,0,0,0,0,0,0,0,0,0,0,0,0,0,0,0,0,0,1,0,0,0,0,0,0,0,1,0,0,0,1,0,0,0,0,0,0,0,0
ALPRAZOLAM,6.228015890512583,6.228015890512583,0.4973875661375662,0.4973875661375662,0.6893709827759431,13.090909090909092,308.77200000000005,295.668,308.082874096,108,0,0.15887442374152158,-0.2809619790225386,0.2809619790225386,0.15887442374152158,1.0454545454545454,1.8636363636363635,2.6818181818181817,35.495691449250764,10.003234109533196,2.2106126728794817,-2.1242430328006843,2.2742505175643033,-2.077654606578125,6.311216547878007,0.8615117676938029,2.815638728024337,2.0133815691934758,880.9295253951269,15.104083527755582,11.992727789712616,12.748656735731071,10.737183443017884,7.049121653850143,7.42708612685937,5.191182528867209,5.6276183093391925,3.7723156901806956,4.0074127929684344,2.7926563810206866,2.9647594049735533,-2.459999999999999,194436.7480024486,13.220144300303355,5.0704066487242425,2.036578034945077,132.66005687193478,0,12.369160903912501,5.824404497999927,0,0,0,9.559504380427022,0,0,10.197363616602075,41.932775232540564,25.122838405075452,16.149536297135317,11.399071277454265,0,17.312624893003218,0,14.76446326439343,4.992404732635668,13.4684936056032,0,76.32928184082806,0,5.687386274683562,0,0,0,11.600939890232516,20.476148267164135,6.544756405912575,6.923737199690624,22.775711979393844,53.52334128032855,5.022633313741326,5.687386274683562,0,43.07,0,0,0,0,11.567389719653901,34.17478325684811,0,0,47.889039258251636,22.330097753525294,16.593344622868184,2.0467283950617285,6.228015890512583,4.765246913580247,9.09958664021164,4.021050957420005,1.6898960170487949,15.983042363035748,0,2.4442106009070295,0,0.11764705882352941,22,0,4,0,1,1,0,2,1,3,0,0,3,0,5,2,1,0,0,0,0,0,3.046886707152365,4,3.5801200000000017,86.89100000000002,0,0,0,0,0,3,0,0,0,0,0,0,0,0,1,4,0,0,0,0,0,0,0,0,0,0,0,0,0,0,1,0,0,0,2,0,3,0,0,0,0,0,0,0,1,0,0,0,0,0,0,0,0,0,0,0,0,0,0,0,0,0,0,0,0,0,0,0,0,0,0,0,0,0,0,0,0,0,0,0,0,0,0,0,0
AMITRIPTYLINE,2.41962962962963,2.41962962962963,1.0882955404383976,1.0882955404383976,0.8136783893547587,13.571428571428571,277.411,254.22699999999992,277.183049736,108,0,0.0010137632931433646,-0.30909168874709037,0.30909168874709037,0.0010137632931433646,0.8571428571428571,1.380952380952381,1.9047619047619047,15.0440662028348,9.930624394136352,2.1631799508064744,-2.1293354612925843,2.330580395741881,-2.116618274548752,5.834086983311606,0.4170871354139322,2.6503485522006267,2.0659497027232017,602.8929198710237,14.656489770562878,12.971793142952784,12.971793142952784,10.254020195423491,7.769385701641229,7.769385701641229,6.024044450132914,6.024044450132914,4.2035214253293,4.2035214253293,3.1035522228824806,3.1035522228824806,-1.8599999999999994,89136.52250761147,14.093099980398282,6.275955030244733,3.0846273208160424,127.47243372522377,4.899909730850477,0,0,0,0,0,0,0,0,0,54.60695665452676,61.18471933098965,6.544756405912575,0,0,5.5731045300692665,0,4.899909730850477,0,19.26246486877803,20.640100371266954,76.86076262131475,0,0,0,0,0,0,25.54001010211743,12.841643245852019,0,28.67462758971399,54.60695665452676,0,5.5731045300692665,0,3.24,0,0,0,0,0,25.807221274690605,27.82691049685725,0,0,73.60221035073162,0,0,0,2.2416378495842784,0,7.206081821617537,0,17.747497637944065,5.782145849080372,1.091104969765684,4.264865205341396,0.3,21,0,1,1,0,1,0,2,0,2,0,0,1,0,1,0,3,0,0,0,0,0,4.2117934149391685,3,4.168600000000003,90.54200000000006,0,0,0,0,0,0,0,0,0,0,0,0,0,0,0,1,0,0,0,0,0,0,0,0,0,0,0,0,0,0,2,0,0,0,2,0,2,0,0,0,0,0,0,0,0,0,0,0,0,0,0,0,0,0,0,0,0,0,0,0,0,0,0,0,0,0,0,0,0,0,0,0,0,0,0,0,0,0,0,0,0,0,0,0,0
AMLODIPINE,12.881264408541194,12.881264408541194,0.10921910430839032,-0.7519198790627366,0.5023259105130484,16.678571428571427,408.88200000000006,383.68200000000013,408.14519958,152,0,0.33634453534939074,-0.4655800511614499,0.4655800511614499,0.33634453534939074,1.2142857142857142,1.9285714285714286,2.5357142857142856,35.49569203410382,9.799282563688532,2.3911782597584668,-2.3131493695824004,2.413419207541808,-2.3463666871086053,6.312473447445303,-0.13868854407369305,2.6736740578423714,2.6736251384965306,803.5407141752966,20.6814337969452,16.211734665212493,16.967663611230947,13.455126120231858,8.94203664689839,9.320001119907618,6.063742103008157,6.470942229748763,4.270333073683513,4.614539121589248,3.1184859688048063,3.3633282895030043,-2.349999999999999,1412967.2240441893,21.9445555794135,10.264345352315052,4.729428437226229,169.0122544992623,25.261044942568663,0,0,0,0,11.938610575903697,0,9.589074368143644,0,0,29.800041095617345,25.477292959539852,17.264429032709735,49.691597854172045,23.79966322954379,23.539550466136212,0,5.316788604006331,5.733667477162185,19.76538044554264,33.47519984072886,57.39184076553496,0,0,11.050456081168516,0,0,11.600939890232516,45.41381041663256,23.79966322954379,0,25.328831937239634,46.80575596009664,5.022633313741326,0,0,99.88000000000001,17.85651662206509,9.589074368143644,0,18.786868459095103,40.70490633204474,0,7.109797541277533,38.112942673227685,0,5.316788604006331,31.54519622879485,15.78355673306972,6.4224429370088325,25.46096425955598,3.5215790606366006,7.700858032760089,-1.8641272728227076,7.045455442775518,0,4.415478869135827,1.2915697156579191,0.4,28,3,7,0,1,1,0,1,0,1,1,0,7,2,8,1,8,0,0,0,0,1,8.044517752506154,2,2.266300000000001,105.57710000000003,0,0,0,0,0,0,0,0,0,0,2,2,0,0,0,0,1,1,0,0,0,0,0,0,0,0,1,0,0,0,0,0,0,0,1,0,0,0,1,0,2,3,0,0,1,0,0,0,0,0,0,0,0,0,0,1,0,0,0,0,0,0,0,0,0,0,0,0,0,0,0,0,0,0,0,0,0,0,0,0,0,0,0,0,0
AMOXAPINE,6.204052395649618,6.204052395649618,0.6908708900226761,0.6908708900226761,0.8093498766353519,16.954545454545453,313.788,297.66,313.09818981199993,112,0,0.15264513990783043,-0.45432313146931597,0.45432313146931597,0.15264513990783043,1.0454545454545454,1.8636363636363635,2.727272727272727,35.49569146024638,10.127116865560865,2.234639585561514,-2.3011285039725506,2.382724740774779,-2.462464876055595,6.3073451711810264,0.35745070463725337,2.71985613612413,1.8840897775171102,738.4339512236613,14.940946820939052,12.05051896354658,12.806447909565035,10.809663088089318,7.422997374340849,7.8009618473500755,5.382726484697242,5.8191622651692265,3.9105674387483513,4.14566454153609,2.8122574839958574,2.984360507948725,-2.0399999999999996,209135.1780188566,13.611106605640474,5.629587732114244,2.4456707425611706,133.92337538654567,14.953561288656857,17.272517893724736,5.749511833283905,0,0,0,0,4.992404732635668,0,0,23.733674027155736,30.33183534230805,31.201658937391628,5.563451491696996,4.736862953800049,23.123945950673345,0,10.216698334856808,4.992404732635668,0,26.1790256236503,53.05065428466959,0,11.49902366656781,10.05365155780638,5.687386274683562,11.49902366656781,11.600939890232516,36.914555140258045,0,0,5.563451491696996,47.456974211866935,5.022633313741326,0,0,36.86,0,0,0,0,5.022633313741326,54.764506842355935,0,0,42.46456947923127,10.216698334856808,21.330207576668233,6.0629675296044345,6.204052395649618,7.165216049382716,4.060823316466505,1.7999584278155711,2.5062866118669698,13.553123075361833,0,3.7586837049634667,0,0.23529411764705882,22,1,4,0,2,2,0,2,0,2,0,0,4,1,5,2,0,0,1,1,0,0,3.482950853073307,4,3.4292000000000025,88.60770000000004,0,0,0,0,0,0,0,0,0,0,0,0,0,0,1,2,1,0,0,0,0,0,0,0,0,0,0,0,1,0,0,0,0,0,2,0,2,0,0,0,0,1,0,0,1,0,0,0,0,0,0,0,0,0,0,0,0,0,0,0,0,0,0,0,2,0,0,0,0,0,1,0,0,0,0,0,0,0,0,0,0,0,0,0,0
BUPIVACAINE,12.69273478835979,12.69273478835979,0.04565381708238769,0.04565381708238769,0.891012713024742,19.476190476190474,288.43500000000006,260.21099999999996,288.22016351599996,116,0,0.2412445175266546,-0.32423494936901764,0.32423494936901764,0.2412445175266546,1.2857142857142858,2,2.6666666666666665,16.151220403484235,9.999267213554528,2.2803411780662626,-2.344092124979458,2.228077099288143,-2.470556617424073,5.957482551450279,-0.12202125960671543,2.4887575491955327,2.065054948314816,463.85671226495913,15.242276208189782,13.61461043102816,13.61461043102816,10.1302289553358,8.242825709114285,8.242825709114285,6.157161444194027,6.157161444194027,4.444516845696183,4.444516845696183,3.134886313422913,3.134886313422913,-1.35,57281.24375228438,16.02802883290633,7.599376898652427,4.068068371596222,128.27609529258223,5.316788604006331,0,0,5.907179729351506,0,0,9.694446914922299,0,0,0,37.964481650927475,57.326355063378415,5.687386274683562,6.041840829147961,4.794537184071822,11.594566004035068,0,4.899909730850477,0,58.91716054284987,18.406301415831482,29.32600418877882,0,0,5.316788604006331,5.687386274683562,0,0,29.938443101175093,4.794537184071822,13.847474399381248,50.15474829771466,18.19910120538483,0,0,0,32.34,0,4.794537184071822,0,11.949020558499466,0,42.74544531575472,19.26246486877803,0,6.06636706846161,43.120644070851895,0,0,0,15.06370701058201,3.1740077003023432,3.265787273242631,0.1696324640967497,6.189656214146202,5.721966308319573,8.41524302931049,0,0.6111111111111112,21,1,3,0,1,1,1,1,0,1,1,0,2,1,3,1,5,0,1,1,0,1,5.800144383034446,2,3.8965400000000026,88.66570000000006,0,0,0,0,0,0,0,0,0,0,1,1,0,0,0,1,1,0,0,0,1,0,0,0,0,0,0,1,0,1,2,0,0,0,1,0,0,0,0,0,0,0,0,0,0,0,0,0,0,0,0,0,0,0,0,0,0,0,0,0,0,0,0,0,1,0,0,0,0,1,0,0,0,0,0,0,0,0,0,0,0,0,0,1,0
BUPRENORPHINE,12.194759175275049,12.194759175275049,0.029393424036281646,-0.9086152053413961,0.686738022566705,43.88235294117647,467.6500000000003,426.32200000000023,467.303558792,186,0,0.1652409550221425,-0.5042466597391788,0.5042466597391788,0.1652409550221425,1.1470588235294117,1.911764705882353,2.588235294117647,16.55646216729653,9.328571939882968,2.8194708447066215,-2.751901221556286,2.77594236868227,-2.8281295837999414,5.629743748826203,-0.3121217760294736,3.527215640157224,1.4741729986745256,1056.9457048800473,23.888540578131746,21.48620001324428,21.48620001324428,16.016587629811113,13.553134539386745,13.553134539386745,13.79486419769349,13.79486419769349,11.856819890287959,11.856819890287959,9.580256519994688,9.580256519994688,-1.3,83988563.2839924,21.940390200909402,6.330274445991157,2.250287558095378,203.36547646305274,19.68678069728151,11.70501719873199,11.49902366656781,0,0,0,4.899909730850477,0,0,0,26.83757866753348,81.37696004180205,42.007733252990015,5.601050810983688,19.68678069728151,0,0,4.899909730850477,22.665793031116344,101.40359946750499,20.199310353102685,23.259637120317212,0,11.49902366656781,4.736862953800049,0,11.49902366656781,0,58.6601837124982,16.57267504612284,22.665793031116344,77.34678151971255,12.13273413692322,0,0,0,62.16,11.202101621967376,10.213054789681411,0,34.016355675383934,11.791352662431866,44.566770566704015,30.513302635158585,0,20.099901809429767,31.73748839838396,9.473725907600098,13.455822494121104,0,2.821183390022676,23.157680023041,0.7827245002939447,1.8023116522843705,4.46035013542454,7.63507901651886,10.805137723694724,1.829711064598781,0.7931034482758621,34,2,5,5,2,7,0,1,0,1,7,4,5,2,5,2,4,4,1,5,2,0,4.084961512467399,8,4.413800000000004,130.19960000000003,0,1,0,0,0,0,0,1,0,0,0,0,0,0,0,1,0,0,0,0,1,0,0,0,0,0,0,0,0,0,0,0,0,0,1,0,2,0,0,0,0,2,0,0,0,0,0,0,0,0,0,0,0,0,0,1,0,0,0,0,0,0,0,0,0,1,1,0,0,1,0,0,0,0,0,0,0,0,0,0,0,0,0,0,0
BUPROPION,12.053441358024692,12.053441358024692,0.06706018518518553,-0.20975308641975343,0.8204937720146613,13.5625,239.746,221.60199999999995,239.107691876,88,0,0.17900807689284562,-0.3026453602253642,0.3026453602253642,0.17900807689284562,1.375,2,2.5,35.4956911343665,10.014412516066177,2.2000852988527857,-2.2480075374033333,2.130845894602246,-2.455587992800109,6.305475399656066,0.09355142583304055,2.1359882485994954,2.784739067926244,381.76413832846157,12.344934982691242,10.17296410942122,10.928893055439676,7.293512317148133,5.369174125161716,5.7471385981709435,4.990623522420323,5.427059302892308,2.1519374104478235,2.387034513235562,1.6068132037424059,1.7971010518816062,-0.86,2302.595331990256,13.206050198150596,4.980637186859673,3.950731413547198,102.00064843080672,5.316788604006331,0,5.783244946364939,0,0,0,4.794537184071822,0,0,0,23.733674027155736,39.827682935685715,16.12501005782167,6.041840829147961,4.794537184071822,17.384184836597456,0,5.316788604006331,0,39.275714880293805,0,34.85155307928476,0,0,5.316788604006331,0,0,11.600939890232516,17.364011027896243,0,0,38.05293747453131,24.26546827384644,5.022633313741326,0,0,29.1,0,4.794537184071822,0,17.364011027896243,10.586084805438322,0,0,24.26546827384644,27.694948798762496,5.316788604006331,11.600939890232516,0,5.85407392972621,12.053441358024692,3.835665627362056,0.5740261243386244,0.06706018518518553,6.83126523526077,0,7.9789119845469045,0,0.46153846153846156,16,1,2,0,0,0,0,1,0,1,1,0,2,1,3,0,3,0,0,0,0,1,4.110909044277776,1,3.2993000000000023,68.13320000000003,0,0,0,0,0,0,0,0,0,0,1,1,0,0,0,0,1,0,0,0,0,0,0,0,0,0,0,0,0,0,0,0,0,0,1,0,0,0,0,0,0,0,0,0,1,0,0,0,0,0,0,1,1,0,0,0,0,0,0,0,0,0,0,0,0,0,0,0,0,0,0,0,0,0,0,0,0,0,0,0,0,0,0,0,0
CAFFEINE,11.672037037037038,11.672037037037038,0.3165740740740737,-0.35999999999999965,0.5384628262372215,11.071428571428571,194.194,184.114,194.08037556,74,0,0.3317034326359888,-0.3278634660994821,0.3317034326359888,0.3278634660994821,1.1428571428571428,1.7857142857142858,2.4285714285714284,16.1612823158608,10.488187986922162,2.1102552164294255,-2.021517497066592,2.0118198978857027,-2.3696654059207374,5.691604588780553,0.7054356050886174,2.53868764707295,3.221281081084589,616.5285919942219,10.455665446700477,8.182701232117184,8.182701232117184,6.536581260209186,4.107927642957933,4.107927642957933,3.2334489655756182,3.2334489655756182,2.3165128954882372,2.3165128954882372,1.4711798853237632,1.4711798853237632,-1.8499999999999999,1876.0901711869099,8.73523326923911,2.5679479011227926,0.8757741627139433,79.02895701814933,4.567099647791355,0,11.16387793838399,0,5.559266895052007,5.689743398203474,13.928736479654532,9.778515705019029,0,0,0,0,21.143015948031568,6.3273200747645415,0,11.16387793838399,0,18.685277464321274,21.143015948031568,0,0,27.165404736163666,0,0,11.24901029325548,0,0,0,18.685277464321274,21.143015948031568,0,0,15.916394442908185,0,11.16387793838399,0,61.82,0,9.589074368143644,0,11.24901029325548,11.16387793838399,4.567099647791355,17.942091705233086,18.662443613145733,0,4.983978520947208,0,4.039537037037037,0,27.154448223733937,0,0.18009259259259403,0,0,1.5193518518518518,0,4.773236961451247,0.375,14,0,6,0,0,0,0,0,2,2,0,0,3,0,6,2,0,0,0,0,0,0,1.6022588528257544,2,-1.0293,51.19600000000001,0,0,0,0,0,4,0,0,0,0,0,0,0,0,0,4,0,0,0,0,0,0,0,0,0,0,0,0,0,0,2,0,0,0,0,0,1,0,0,0,0,0,0,0,0,0,0,1,0,0,0,0,0,0,0,0,0,0,0,0,0,0,0,0,0,0,0,0,0,0,0,0,0,0,0,0,0,0,0,0,0,0,0,0,0
CHLORAMPHENICOL,11.304786365163348,11.304786365163348,0.13230142983119153,-1.3258233558702537,0.4090709280478973,13.85,323.13199999999995,311.03599999999994,322.01232684400003,110,0,0.26894513302429995,-0.3941232075520646,0.3941232075520646,0.26894513302429995,1.35,1.9,2.3,35.5391685283398,10.022917884622352,2.24358156331895,-2.22313853758828,2.2031486267989813,-2.435885090624682,6.530354842931759,-0.3844532808687233,2.4316702479283396,2.821158149823159,480.20675753303044,15.284092571446669,10.070873269423847,11.582731161460758,9.362279762904677,5.48271598351556,6.355587544459529,3.8918314138637067,4.988096073409549,2.549103929777519,2.945495981288462,1.495665801296222,1.6216539589659646,-1.4099999999999997,20854.00404623344,16.64379236148467,7.392954608862727,4.309031435917423,123.81547365578696,15.529843393687743,6.103966387748303,4.836269690250055,0,11.594566004035068,0,14.908855452837393,0,0,0,23.20187978046503,17.696185628620217,12.13273413692322,17.57203384247855,19.930903022570906,34.7964457845001,0,5.316788604006331,0,16.98207690714632,6.606881964512918,39.94323803430901,0,0,5.316788604006331,5.687386274683562,0,23.20187978046503,38.52853805176152,4.794537184071822,10.114318268765572,11.6674178794453,24.26546827384644,0,0,0,112.70000000000002,34.41944964982841,20.0153828476781,0,5.687386274683562,5.563451491696996,0,24.26546827384644,0,0,5.316788604006331,28.30840717530574,0,10.701515153828765,19.911924964098485,31.946182154335563,0.16922162383471995,-0.7561620265390101,4.0536671005850895,-1.2529283194759382,-0.5511984284454523,0,0.36363636363636365,20,3,7,0,0,0,1,1,0,1,2,0,5,3,9,0,6,0,0,0,0,0,6.1523400723896176,1,0.9089999999999998,72.56670000000003,0,2,2,0,0,0,0,0,0,0,1,1,0,0,0,1,1,0,0,0,0,0,0,0,0,2,0,1,0,0,0,0,0,0,1,0,0,0,0,0,0,0,0,0,2,0,0,0,0,0,0,0,0,0,0,0,0,0,1,1,1,0,0,0,0,0,0,0,0,0,0,0,0,0,0,0,0,0,0,0,0,0,0,0,0
CHLORPROMAZINE,6.20938393207077,6.20938393207077,0.7975376879146723,0.7975376879146723,0.7918053413291345,13.238095238095237,318.8730000000001,299.721,318.09574728800004,110,0,0.05673003115117899,-0.33955085067145824,0.33955085067145824,0.05673003115117899,1.0476190476190477,1.8095238095238095,2.619047619047619,35.495691726739324,10.174862677663207,2.2241997898206933,-2.3283288852105017,2.4811491281815785,-2.2486457719493744,7.993773600916317,0.4021486092750615,2.464688558179496,1.9437632658356148,642.4372765270094,14.819626477379408,12.343412182360032,13.915837709306214,10.147867045540844,7.136710986404238,8.331172040341192,5.490300683775358,7.010513420734169,3.574794941917979,4.940160423539641,2.5884116965055552,3.8308620729095892,-1.1599999999999997,72649.15994089883,14.763801473252023,6.304372410382191,3.203270439286252,135.25342033666848,9.799819461700954,0,0,0,0,0,0,0,0,0,35.49555897654685,57.39275733650101,21.358356670689453,11.374772549367124,0,34.73759738899076,0,4.899909730850477,0,16.21178857396156,32.08476650803001,47.487202792972596,0,0,4.899909730850477,11.374772549367124,0,23.36282483962363,32.08476650803001,0,0,6.4208216229260096,52.25553643026682,5.022633313741326,0,0,6.48,0,0,0,0,0,24.53296774849249,21.165739500402672,0,17.828252017852726,60.29336583782499,11.600939890232516,0,8.033371581142744,7.222372037806893,0.7975376879146723,2.5147952884857654,0,14.766852306766328,1.12297052154195,2.088099568531116,4.231778785588309,0.29411764705882354,21,0,2,0,1,1,0,2,0,2,0,0,3,0,4,1,4,0,0,0,0,0,4.432214413349048,3,4.894400000000004,92.19400000000006,0,0,0,0,0,0,0,0,0,0,0,0,0,0,0,2,0,0,0,0,0,0,0,0,0,0,0,0,0,2,0,0,0,0,2,0,2,0,0,0,0,0,0,0,1,0,0,0,0,0,0,0,0,0,0,0,0,0,0,0,0,0,0,0,1,0,0,0,0,0,0,0,0,0,0,0,0,0,0,0,0,0,0,0,0
CLEMASTINE,6.482111678004536,6.482111678004536,0.4553327349458298,-0.4553327349458298,0.7227145221154114,20.875,343.898,317.68999999999994,343.170292132,128,0,0.11526225596111901,-0.3657745483551897,0.3657745483551897,0.11526225596111901,1.0833333333333333,1.75,2.375,35.49569154371338,9.876295923603129,2.3036918033540714,-2.3209350616874804,2.341557249892182,-2.3104536314815816,6.300924794781851,-0.011671215110991699,3.0106700482585884,1.7824946153031798,642.6481375315341,16.993353063746344,14.542462956802048,15.298391902820503,11.593172145670254,8.751969156091917,9.129933629101146,6.819963237005305,7.25639901747729,5.233065452892165,5.485041768231651,3.6005427914898576,3.7265309491596,-1.3499999999999996,408006.0049400039,17.47230332155244,7.689383736353432,3.826164180769678,149.9437903281932,9.636772684650527,5.601050810983688,0,0,0,0,0,0,0,0,54.06550936946379,63.03826757737562,17.671356107402204,0,4.736862953800049,11.600939890232516,0,4.899909730850477,0,37.8290937086003,20.199310353102682,70.74683991328982,0,0,0,0,0,11.600939890232516,31.14106091310112,10.337913764783737,0,37.31310505186264,54.59730361615449,5.022633313741326,0,0,12.47,5.601050810983688,0,0,0,6.041840829147961,23.61378839287725,24.94985114346159,0,18.19910120538483,55.269521323987945,16.337802844032566,6.482111678004536,6.067916594872312,2.44990824291149,0.7516130479969769,1.8548297745023945,0,19.100274143739902,3.656422263575192,4.115838619653555,2.215530079188088,0.42857142857142855,24,0,2,0,1,1,0,2,0,2,2,0,2,0,3,1,6,0,1,1,0,0,5.597968541557474,3,5.104400000000005,100.56900000000006,0,0,0,0,0,0,0,0,0,0,0,0,0,0,0,1,0,0,0,0,1,0,0,0,0,0,0,0,0,0,0,0,0,0,2,0,0,0,0,0,0,1,0,0,1,0,0,0,0,0,0,0,0,0,0,0,0,0,0,0,0,0,0,0,0,0,0,0,0,0,0,0,0,0,0,0,0,0,0,0,0,0,0,0,0
CLINDAMYCIN,12.900963325144874,12.900963325144874,0.147484882842025,-1.3619375064202812,0.4382730169795818,39.925925925925924,424.9910000000001,391.72700000000015,424.179870836,158,0,0.23721736515719324,-0.3875084408731224,0.3875084408731224,0.23721736515719324,1.3333333333333333,2,2.5555555555555554,35.495745431875534,9.924324004662008,2.480349009435061,-2.436722434381373,2.307969255060372,-2.6468306022085386,7.986428886294425,-0.20472532401996746,2.9865070936692497,2.0940996593497245,498.3724409623958,20.300600429391718,16.416143273853475,17.988568800799655,12.704815018005776,9.578734509045027,11.30307139123577,7.734255416479904,9.358687649788187,5.630970274445807,6.75701471757682,4.1133872348697516,4.999021620212108,-0.09000000000000005,784871.9832588409,23.191500616007254,10.093723701555763,5.291161799986219,170.3254453577105,25.373233742328495,29.851863922562288,0,5.907179729351506,0,0,9.694446914922299,0,0,23.36282483962363,13.344558822616634,38.98672765789263,6.544756405912575,17.460769526501647,24.85098232239399,29.27000456897514,0,10.216698334856808,5.917906046161393,80.4225727172232,19.84819757210117,0,0,0,5.316788604006331,0,0,23.36282483962363,93.2875026658892,9.53140013787187,5.917906046161393,33.10993926815928,0,0,0,0,102.26,41.27079261991597,20.11411936859394,0,11.949020558499466,5.917906046161393,25.807221274690605,11.761884949391115,13.179506383202028,11.947581713527667,12.240525803696954,16.337802844032566,5.794234216260731,7.548110585943435,14.949648342361638,33.024404647343616,-0.7024930619758367,0.34972527641043216,-0.9336548878810798,-0.09796415605098963,4.739755500358751,1.9393446483404095,0.9444444444444444,27,4,7,0,2,2,1,0,0,0,9,0,7,4,9,2,7,0,2,2,0,0,8.669948127497685,2,0.3895000000000004,106.87510000000006,0,3,3,0,0,0,0,0,0,0,1,1,0,0,0,1,1,0,0,1,1,0,0,0,0,1,0,1,0,0,0,0,0,0,0,0,0,0,0,0,0,1,0,0,1,0,0,0,0,0,0,0,0,0,0,0,0,0,0,0,0,0,0,0,0,0,0,0,0,0,0,0,0,0,0,1,0,0,0,0,0,0,0,0,0
CLOMIPRAMINE,6.27193117318944,6.27193117318944,0.8155006508776352,0.8155006508776352,0.8178744322781549,13.727272727272727,314.86,291.676,314.154976416,116,0,0.04579088671103561,-0.34094803317763084,0.34094803317763084,0.04579088671103561,1,1.7272727272727273,2.5,35.49569144150641,10.048907034195459,2.1985063164704335,-2.274176228728986,2.368796610379777,-2.2353011613162312,6.304793042855347,0.4023406458078742,2.646322321750239,1.9836353241232163,651.6334849101904,15.526733258565956,13.349377454269264,14.10530640028772,10.647867045540844,7.935569477126923,8.31353395013615,6.21021388658908,6.646649667061065,4.271276175731693,4.5063732785194315,3.1702873745895728,3.336630929630869,-1.5099999999999993,125552.11623311834,15.388161151015984,6.719552325532733,3.2857132602320616,137.86019454009644,9.799819461700954,0,0,0,0,0,0,0,0,0,35.866408164078955,69.2285694288238,22.942162269021026,0,0,22.97571243959964,0,4.899909730850477,0,19.26246486877803,32.08476650803001,58.614105776366586,0,0,4.899909730850477,11.374772549367124,0,11.600939890232516,32.08476650803001,12.841643245852019,0,17.54772460632,42.46456947923127,5.022633313741326,0,0,6.48,0,0,0,0,0,37.37461099434451,22.501675532761116,0,6.06636706846161,60.29336583782499,11.600939890232516,0,6.27193117318944,4.6901349346322885,0.8155006508776352,5.4338958175862935,0,15.07083378824781,3.3015575396825394,2.108235622952885,4.252354917275552,0.3684210526315789,22,0,2,0,1,1,0,2,0,2,0,0,2,0,3,1,4,0,0,0,0,0,4.7000706385446325,3,4.528400000000004,95.47900000000006,0,0,0,0,0,0,0,0,0,0,0,0,0,0,0,2,0,0,0,0,0,0,0,0,0,0,0,0,0,2,2,0,0,0,2,0,2,0,0,0,0,0,0,0,1,0,0,0,0,0,0,0,0,0,0,0,0,0,0,0,0,0,0,0,1,0,0,0,0,0,0,0,0,0,0,0,0,0,0,0,0,0,0,0,0
CLONAZEPAM,11.74134054547745,11.74134054547745,0.06643439783320737,-0.4888756613756615,0.682474275950086,13.681818181818182,315.716,305.636,315.04106886,110,0,0.2697570973628335,-0.32383342583259583,0.32383342583259583,0.2697570973628335,1.1818181818181819,1.9545454545454546,2.6818181818181817,35.49569170947701,9.997052493142634,2.2165599148606376,-2.1052088073345545,2.2883002792144884,-2.1297836519198796,6.357609915873265,-0.3844352269864182,2.6533174745998953,2.2335991802431643,817.4300132341527,15.689869965382487,11.245695200914662,12.001624146933116,10.558550648063802,6.440633646418937,6.818598119428165,4.679853688351676,5.087053815092281,3.2529341739387494,3.582522394978795,2.259996757888712,2.4852334053314937,-2.7299999999999995,116788.42196198899,14.217519400971987,5.572723046505113,2.5586032534213317,130.14044123411497,5.316788604006331,6.544756405912575,0,5.907179729351506,5.687386274683562,0,19.901260185473063,0,0,0,29.800041095617345,12.13273413692322,28.282270434058535,16.322382326271935,9.717848232889493,34.594577171721845,0,0,4.992404732635668,0,11.861545009918906,68.72842404513216,0,0,5.316788604006331,11.374772549367124,0,11.600939890232516,23.086932186852454,4.794537184071822,10.114318268765572,11.126902983393991,47.456974211866935,5.022633313741326,0,0,84.6,4.923311048817671,14.908855452837393,0,18.139322409947642,27.54860757458958,0,18.19910120538483,24.26546827384644,0,10.309193336642,11.600939890232516,0,6.196042174071274,26.526502643752973,14.153697387391171,1.9718860229276909,-0.2804105253212392,11.276494472789114,0,-0.06643439783320737,0,0.06666666666666667,22,1,6,0,1,1,1,2,0,2,0,0,4,1,7,1,2,0,0,0,0,0,3.601377183178644,3,3.037700000000001,83.6841,0,0,0,0,0,0,0,0,0,0,1,1,0,0,1,2,1,0,0,0,0,0,0,0,0,0,0,1,0,1,0,0,0,0,2,1,1,0,0,0,0,0,0,0,1,0,0,0,0,0,0,0,0,0,0,0,0,0,1,1,1,0,0,0,0,0,0,0,0,0,0,0,0,0,0,0,0,0,0,0,0,0,0,0,0
CODEINE,10.55421343537415,10.55421343537415,0.08055555555555549,-0.5385534769463345,0.7981444096668123,41.04545454545455,299.3700000000001,278.202,299.152143532,116,0,0.16548052094753984,-0.4928574808156397,0.4928574808156397,0.16548052094753984,1.3636363636363635,2.227272727272727,3.0454545454545454,16.53491525341726,9.531106567762471,2.63683038601725,-2.5601900472424948,2.6186110464315053,-2.64314997910882,5.616731157018942,-0.04529641824196351,2.8761242741534874,1.8223654238415257,685.154996148535,15.060113453385565,12.951046269004294,12.951046269004294,10.663869018582144,8.102093592364024,8.102093592364024,7.113244797870749,7.113244797870749,6.354309691044521,6.354309691044521,5.388740830926851,5.388740830926851,-1.52,226722.00040724524,12.968359178093896,4.059867674858224,1.2776232367596778,129.87893872736822,19.48016303329128,12.207932775496605,11.49902366656781,0,0,0,0,0,0,0,18.218407282129373,38.06389019460039,22.93818883640313,7.109797541277533,14.580253302440804,0,0,4.899909730850477,5.917906046161393,36.50640731989336,20.7022259298673,35.411677333984976,0,11.49902366656781,9.473725907600098,0,11.49902366656781,0,48.95843666020304,11.835812092322788,5.917906046161393,17.547724606320003,24.284774350590983,0,0,0,41.93,6.103966387748303,5.106527394840706,0,11.518956857145081,11.959746875309353,30.885423318332407,11.126902983393991,7.109797541277533,12.142387175295491,24.089968888823158,9.473725907600098,11.834056358654573,0,2.4724038643235073,10.55421343537415,2.6029629629629634,2.0899187452758885,4.700383125472411,5.535754913076341,1.053250425170068,3.9070561696900983,0.5555555555555556,22,1,4,2,2,4,0,1,0,1,5,2,4,1,4,2,1,0,1,1,1,0,2.3931737374133806,5,1.5010999999999999,82.46380000000003,0,1,1,0,0,0,0,0,0,0,0,0,0,0,0,1,0,0,0,1,1,0,0,0,0,0,0,0,0,0,0,0,0,0,1,0,0,0,0,0,0,2,0,0,0,0,0,0,0,0,0,0,0,0,0,1,0,0,0,0,0,0,0,0,0,0,0,0,0,1,0,0,0,0,0,0,0,0,0,0,0,0,0,0,0
COLCHICINE,12.642141291331857,12.642141291331857,0.16671081086755657,-0.3320351473922909,0.8325220081385356,14.724137931034482,399.4430000000002,374.24300000000017,399.16818752,154,0,0.22021569346160344,-0.49270383913776233,0.49270383913776233,0.22021569346160344,0.9655172413793104,1.6551724137931034,2.2413793103448274,16.53054166732698,9.952597444431262,2.2893992513055696,-2.192854692801227,2.496969227878802,-2.261989175810116,5.830914725244943,-0.11927673673034506,2.947694769244235,2.4141279799484034,1001.3949196223746,21.129027554137906,17.250454651104402,17.250454651104402,13.942620665475822,9.262274124396015,9.262274124396015,6.750545770836781,6.750545770836781,5.098020717230943,5.098020717230943,3.8620647041129392,3.8620647041129392,-3.22,3026041.5485159773,20.512615256870166,8.426176651903862,3.721770404485165,169.10472006325654,24.264240419206526,0,17.248535499851716,17.08548195453595,0,0,9.589074368143644,0,0,0,6.06636706846161,47.731098926327846,12.487188691387619,34.48103099425809,23.741988999272017,5.907179729351506,0,5.316788604006331,0,25.807221274690605,28.439190165110134,45.6156988332128,0,34.12495031652961,29.693030811107068,0,22.99804733313562,0,34.34636989446164,11.21535880699783,0,30.513302635158585,29.060005457918262,0,11.126902983393991,0,83.09,0,9.589074368143644,0,23.127322783683912,35.65363023740073,16.690354475090988,20.099901809429767,27.39575969229421,12.13273413692322,5.316788604006331,18.947451815200196,21.99559367922508,0,24.480584714257603,2.9640846245905768,3.0102698780129336,1.6049147560258685,6.569938350340136,1.2685517447719827,1.4642636159402032,6.141798636835613,0.36363636363636365,29,1,7,1,0,1,1,2,0,2,1,0,6,1,7,0,5,0,0,0,0,0,5.960100680928495,3,2.871600000000001,109.23470000000006,0,0,0,0,0,0,0,0,0,0,1,1,0,0,0,0,1,0,0,0,0,0,0,0,0,0,0,1,0,0,1,0,0,0,1,0,3,0,0,0,0,4,0,0,0,0,0,0,0,0,0,0,0,0,0,4,0,0,0,0,0,0,0,0,0,0,0,0,0,0,0,0,0,0,0,0,0,0,0,0,0,0,0,0,0
COTININE,11.263326247165534,11.263326247165534,0.23041950113378684,0.23041950113378684,0.647200855723837,22.384615384615383,176.21900000000002,164.123,176.094963004,68,0,0.22241381239750826,-0.3386463313109148,0.3386463313109148,0.22241381239750826,1.6153846153846154,2.4615384615384617,3,16.153563502816418,10.081087421380056,2.28013334810711,-2.188468829493929,2.2969564646509153,-2.219027846454267,5.782092296903355,-0.1272223836197584,2.494104956937373,2.236360159695857,309.96060133940625,9.259148545064338,7.603640389785005,7.603640389785005,6.287693700234704,4.444034959231595,4.444034959231595,3.345475184399548,3.345475184399548,2.5617311779403185,2.5617311779403185,1.767362672120297,1.767362672120297,-1.38,1536.3686534734218,8.22879895318728,3.1656496783528167,1.414422843770367,77.3912862891444,4.899909730850477,0,0,5.907179729351506,0,0,9.778515705019029,0,0,0,6.06636706846161,18.050640183084614,25.862180748829353,6.041840829147961,4.794537184071822,5.907179729351506,0,9.883888251797686,0,18.88348407499998,7.04767198267719,30.08987277184637,0,0,0,0,0,0,22.83873996382638,4.794537184071822,0,24.446935566696975,24.526421280149375,0,0,0,33.2,0,4.794537184071822,0,11.949020558499466,6.4208216229260096,11.984273114623004,0,11.096753302463554,25.377249691213486,4.983978520947208,0,0,0,17.11669359410431,0,1.1350462962962966,0.23041950113378684,4.166523998488285,5.163816609977324,0,1.8541666666666667,0.4,13,0,3,0,1,1,1,0,1,1,1,0,2,0,3,2,1,0,1,1,0,0,2.003807289183639,2,1.3749,48.982000000000035,0,0,0,0,0,1,0,0,0,0,1,1,0,0,0,2,0,0,0,0,1,0,0,0,0,0,0,1,0,0,0,0,0,0,0,0,0,0,0,0,0,0,0,0,0,0,0,0,0,0,0,0,0,0,0,0,0,0,0,0,0,0,0,0,0,0,0,0,0,0,0,0,0,1,0,0,0,0,0,0,0,0,0,0,0
DESIPRAMINE,3.2441748551272362,3.2441748551272362,1.0563827475434617,1.0563827475434617,0.8516371541172786,13.55,266.388,244.21199999999993,266.178298704,104,0,0.044296111782877574,-0.34099097117761645,0.34099097117761645,0.044296111782877574,0.9,1.45,2,15.140357995536812,10.049505827618914,2.1871862692893584,-2.2657710630785415,2.351822711997713,-2.224930534235804,5.705274992621487,0.7227045894976056,2.6554311444917134,1.9961712661354012,529.6358349258871,13.7862462825598,12.101549654949705,12.101549654949705,9.898178147766926,7.47880207167587,7.47880207167587,5.3661694071584245,5.3661694071584245,4.0369967569332985,4.0369967569332985,3.0250641369973614,3.0250641369973614,-1.7999999999999994,64665.059230662206,13.195490638172728,6.101275951557094,2.5649296894273723,120.98201471222283,10.216698334856808,0,0,0,0,0,0,0,0,0,36.39820241076966,56.11453037768501,17.9195289552797,0,0,11.374772549367124,0,5.316788604006331,0,19.26246486877803,25.037094525352817,59.65783953108687,0,0,10.216698334856808,11.374772549367124,0,0,20.13718479450234,12.841643245852019,0,17.54772460632,48.53093654769288,0,0,0,15.27,0,0,0,0,0,32.351977680603184,22.501675532761116,0,7.04767198267719,58.74763488254968,0,0,0,2.4950462962962963,3.2441748551272362,5.697612433862435,0,17.669697499370116,3.4212276392038294,2.1207345993953135,2.018173343411439,0.3333333333333333,20,1,2,0,1,1,0,2,0,2,0,0,2,1,2,1,4,0,0,0,0,0,4.025466484984002,3,3.5328000000000026,85.84170000000005,0,0,0,0,0,0,0,0,0,0,0,0,0,0,0,1,1,0,0,0,0,0,0,0,0,0,0,0,0,2,2,0,0,0,2,0,2,0,0,0,0,0,0,0,0,0,0,0,0,0,0,0,0,0,0,0,0,0,0,0,0,0,0,0,2,0,0,0,0,0,0,0,0,0,0,0,0,0,0,0,0,0,0,0,0
DIAZEPAM,12.024468379944572,12.024468379944572,0.028237433862433825,-0.028237433862433825,0.79164533623487,14.6,284.74600000000004,271.642,284.07164071600005,100,0,0.2479172797428264,-0.31319991842941763,0.31319991842941763,0.2479172797428264,1.15,1.9,2.65,35.495691346131835,10.002162858539638,2.2189739987398718,-2.1763231292707426,2.2811616705424735,-2.272793041662881,6.3153321933578885,-0.11644584596312761,2.584083638685152,2.229963444415006,694.8779897536325,14.11251969619286,11.006548889176562,11.762477835195018,9.66470379794645,6.329639001332097,6.707603474341325,4.645086508323747,5.081522288795732,3.368833542284992,3.6039306450727304,2.305497236422558,2.4776002603754255,-2.129999999999999,50100.213586827726,12.881278899155532,5.097712849630266,2.207528872522681,122.06237911260713,4.899909730850477,6.544756405912575,0,5.907179729351506,0,0,9.786941916707491,0,0,0,41.932775232540564,18.19910120538483,23.197208279812507,11.399071277454265,4.794537184071822,28.907190897038284,0,0,4.992404732635668,0,18.49233811944024,64.6804728448282,0,0,4.899909730850477,5.687386274683562,0,11.600939890232516,25.21129312071197,4.794537184071822,0,11.126902983393991,53.523341280328545,5.022633313741326,0,0,32.67,0,4.794537184071822,0,12.45193613526408,5.022633313741326,22.525974260848255,0,18.013948781989278,42.46456947923127,4.992404732635668,11.600939890232516,0,6.108365947201925,18.12866591080877,0.6343797241118674,3.5106201184177386,-0.028237433862433825,15.349031697040955,0,0.14585978835978808,1.7624253590325019,0.125,20,0,3,0,1,1,1,2,0,2,0,0,2,0,4,1,1,0,0,0,0,0,3.283253048194818,3,3.153800000000002,81.81000000000004,0,0,0,0,0,0,0,0,0,0,1,1,0,0,1,2,0,0,0,1,0,0,0,0,0,0,0,1,0,1,0,0,0,0,2,1,1,0,0,0,0,0,0,0,1,0,0,0,0,0,0,0,0,0,0,0,0,0,0,0,0,0,0,0,0,0,0,0,0,0,0,0,0,0,0,0,0,0,0,0,0,0,0,0,0
DOTHIEPIN,2.406296296296296,2.406296296296296,1.0537770061728393,1.0537770061728393,0.8088707188299813,15.666666666666666,295.451,274.28299999999996,295.139470672,108,0,0.023787208221658345,-0.3090916887314984,0.3090916887314984,0.023787208221658345,1,1.7142857142857142,2.5238095238095237,32.16653598143515,9.934120357376894,2.1684662535074097,-2.1246402266077338,2.3943901058755395,-2.1164961467563748,7.982342690462889,0.4170817324219243,2.6503485522006267,2.0659497027232017,608.6208590133427,14.656489770562878,12.672934652230099,13.489431233157825,10.254020195423491,7.4086315908747,8.394230150528188,5.651731947012883,6.6689086218299565,3.792715741036061,4.915057742563291,2.7115302451163505,3.782554206057051,-1.5099999999999998,89136.52250761147,14.428222481005053,6.50379711452785,3.2240662322812885,131.2306016361924,4.899909730850477,0,0,0,0,0,0,0,0,11.761884949391115,48.54058958606515,48.84599166190225,17.19309348817714,0,0,17.334989479460383,0,4.899909730850477,0,17.069158705190574,20.640100371266954,71.29731112961775,0,0,0,0,0,11.761884949391115,25.54001010211743,5.752853606746789,0,23.111176098016994,59.50244013004453,0,5.5731045300692665,0,3.24,0,0,0,0,0,18.718431635585375,27.15894248067803,0,11.761884949391115,73.60221035073162,0,0,1.944481476232468,3.6297656840513985,0,5.613671579743009,1.0537770061728393,17.598701341647768,3.4853325774754342,1.0843022486772487,4.256634752666499,0.2631578947368421,21,0,1,0,1,1,0,2,0,2,0,0,2,0,2,1,3,0,0,0,0,0,4.468487225701263,3,4.675700000000004,92.69500000000005,0,0,0,0,0,0,0,0,0,0,0,0,0,0,0,1,0,0,0,0,0,0,0,0,0,0,0,0,0,0,0,0,0,0,2,0,2,0,0,0,0,0,0,0,0,0,0,0,0,0,0,0,0,0,0,0,0,0,0,0,0,0,0,0,0,0,0,0,0,0,0,0,0,0,0,1,0,0,0,0,0,0,0,0,0
DOXEPIN,5.981337159863946,5.981337159863946,0.6371103395061729,0.6371103395061729,0.8428637069733037,15.285714285714286,279.383,258.2149999999999,279.162314292,108,0,0.12714334349175693,-0.4882394427370874,0.4882394427370874,0.12714334349175693,1,1.7142857142857142,2.5238095238095237,16.47774792519373,9.933811218592362,2.173856967080796,-2.1162639644114445,2.3608857771093503,-2.116210179291511,5.843927321317251,0.3070189998095129,2.6503485522006267,2.0659497027232017,608.6208590133427,14.656489770562878,12.672934652230099,12.672934652230099,10.254020195423491,7.4086315908747,7.4086315908747,5.651731947012883,5.651731947012883,3.792715741036061,3.792715741036061,2.7115302451163505,2.7115302451163505,-2.0599999999999996,89136.52250761147,13.901814763425588,6.146844081766772,3.006125990520758,126.22103684033402,9.636772684650527,12.356393797796823,0,0,0,0,0,0,0,0,48.54058958606515,43.28254017020525,12.10820789760957,0,4.736862953800049,5.5731045300692665,0,4.899909730850477,0,13.027703587438928,20.640100371266954,71.29731112961775,0,5.749511833283905,4.736862953800049,0,5.749511833283905,0,25.54001010211743,6.606881964512918,0,23.111176098016994,54.60695665452676,0,5.5731045300692665,0,12.47,0,0,0,0,6.606881964512918,18.71508986212249,22.263459005160254,0,6.06636706846161,67.53584328227001,4.736862953800049,5.981337159863946,0,2.2103878495842784,0,5.034967876039305,0.976669501133787,16.85471986016629,3.3723696145124715,1.6873989827412448,4.215482489292013,0.2631578947368421,21,0,2,0,1,1,0,2,0,2,0,0,2,0,2,1,3,0,0,0,0,0,4.069156562113357,3,3.9624000000000033,87.46600000000005,0,0,0,0,0,0,0,0,0,0,0,0,0,0,0,1,0,0,0,0,0,0,0,0,0,0,0,0,0,0,0,0,0,0,2,0,2,0,0,0,0,1,0,0,0,0,0,0,0,0,0,0,0,0,0,0,0,0,0,0,0,0,0,0,1,0,0,0,0,0,0,0,0,0,0,0,0,0,0,0,0,0,0,0,0
DULOXETINE,6.34462962962963,6.34462962962963,0.10023715041572134,0.10023715041572134,0.7159243797705694,12.428571428571429,297.423,278.2709999999999,297.11873522800005,108,0,0.13404433011018987,-0.4842004762157794,0.4842004762157794,0.13404433011018987,1.0476190476190477,1.9047619047619047,2.7142857142857144,32.13347399932689,10.102148016695878,2.1492285984203674,-2.189380571249988,2.320087228631786,-2.1516690009482087,7.095301683145957,0.20116726902875107,3.0564837074338524,1.9028725223173684,688.0195251327873,14.493353063746348,12.081563104386708,12.898059685314434,10.381341395361318,7.206838633214242,8.086491444469138,4.991425816450355,5.9706981246128095,3.5359058956771525,4.500263501424251,2.460887731980953,3.2500365058227065,-1.8399999999999992,130768.59893884994,14.112237163246272,6.74349609375,3.25673052665814,128.93370099840905,10.05365155780638,11.853478221032208,0,0,0,0,0,0,0,11.336785877934735,42.46456947923127,36.491449510443694,16.684193031092107,0,4.736862953800049,22.109234306864327,0,5.316788604006331,0,12.524788010674312,13.592428388589765,64.85451358032171,0,5.749511833283905,10.05365155780638,0,5.749511833283905,11.336785877934735,13.592428388589765,0,0,17.40193520437561,59.9773663866204,0,10.772448428929591,0,21.259999999999998,0,0,0,6.103966387748303,0,18.71508986212249,15.64959562263089,11.336785877934735,7.04767198267719,65.29415499062674,4.736862953800049,6.34462962962963,1.7533271657428402,1.2760964663643237,7.701506939195432,0,0.960743575207861,18.824803818132192,1.0588031462585028,0.9378301366843035,1.9755924561182499,0.2222222222222222,21,1,2,0,0,0,0,2,1,3,1,0,3,1,3,1,6,0,0,0,0,0,4.5317055325916575,3,4.630900000000003,90.17970000000005,0,0,0,0,0,0,0,0,0,0,0,0,0,0,0,0,1,0,0,0,0,0,0,0,0,0,0,0,0,0,0,0,0,0,2,0,1,0,0,0,0,1,0,0,0,0,0,0,0,0,0,0,0,0,0,0,0,0,0,0,0,0,0,0,0,0,0,0,0,0,0,0,0,0,0,0,0,0,0,0,0,0,1,0,0
ESCITALOPRAM,13.367320213056146,13.367320213056146,0.2497774355507938,-0.5624711829176114,0.8388667572429986,19.291666666666668,324.39900000000006,303.231,324.16379151200005,124,0,0.12273124998647017,-0.36083984954317194,0.36083984954317194,0.12273124998647017,1.2083333333333333,1.9583333333333333,2.625,19.14214331715539,9.813481569168353,2.4089585720653814,-2.308290620349742,2.451029144890413,-2.283202890529862,5.474587311082876,-0.01395637277142715,2.939911705364029,2.018403095211889,764.1985832338869,17.156489770562878,14.05051896354658,14.05051896354658,11.547679167567427,8.132551129043144,8.132551129043144,6.513142221613115,6.513142221613115,4.5881904390397406,4.5881904390397406,3.40870910235363,3.40870910235363,-2.2199999999999998,348132.58450238686,16.631264146178772,6.721078415843811,3.0558017290424,141.8336970713098,9.636772684650527,11.418271652029581,0,0,0,0,0,4.39041504767482,5.261891554738487,0,18.19910120538483,74.4375663660564,0,18.239554769002186,9.127278001474869,0,5.261891554738487,4.899909730850477,0,25.049576021348624,20.640100371266954,70.53559628706515,0,6.069221312792274,0,4.39041504767482,0,0,25.54001010211743,16.944795729296654,17.148333708576654,35.09544921264,42.46456947923127,0,0,0,36.26,5.601050810983688,4.39041504767482,0,5.817220841045894,12.170333456209914,36.07675412685558,12.13273413692322,12.13273413692322,32.29444517073921,10.96913104364275,9.998754508538536,19.635224597031957,0,2.1458368115637234,9.111023379928954,3.17526378915764,-0.2497774355507938,14.458154620051266,1.7773119803476947,1.4326499905517762,4.09764560025112,0.35,24,0,3,0,1,1,0,2,0,2,1,0,3,0,4,1,5,0,0,0,0,0,4.657501270044967,3,3.812980000000003,90.91400000000006,0,0,0,0,0,0,0,0,0,0,0,0,0,0,0,2,0,0,0,0,0,0,0,0,0,0,0,0,0,0,0,0,0,0,2,0,1,0,0,0,0,1,0,0,1,0,0,0,0,0,0,0,0,0,0,0,0,1,0,0,0,0,0,0,0,0,0,0,0,0,0,0,0,0,0,0,0,0,0,0,0,0,0,0,0
FLUOXETINE,12.56453067748883,12.56453067748883,0.2033456160241882,-4.329868979425258,0.8517964099245682,12.909090909090908,309.33099999999996,291.18699999999995,309.134048856,118,0,0.4159140545758245,-0.4856952913159903,0.4856952913159903,0.4159140545758245,1,1.6363636363636365,2.1818181818181817,19.4131766254967,10.065353429387228,2.2968623533702344,-2.197061998944737,2.313482897120942,-2.1595702951070237,5.297204084945334,-0.137149112299627,2.5164737412640332,2.130456050091155,566.707963548519,16.001789232183626,12.2298579637609,12.2298579637609,10.503349863289461,7.0393007383621145,7.0393007383621145,4.931541664038123,4.931541664038123,3.2878685536430825,3.2878685536430825,2.1235066311368174,2.1235066311368174,-2.0099999999999993,84553.51770647151,16.362054933938236,7.312920644092164,4.4948540227076474,127.47322151943769,10.05365155780638,11.853478221032208,0,0,0,6.176298517443475,0,0,13.171245143024459,0,30.33183534230805,43.4213481541332,6.4208216229260096,5.563451491696996,17.908108096824506,0,0,5.316788604006331,0,18.701086528117788,13.592428388589765,65.72420659954848,0,5.749511833283905,10.05365155780638,13.171245143024459,5.749511833283905,0,13.592428388589765,6.176298517443475,0,23.651690994068304,54.59730361615449,0,0,0,21.259999999999998,11.73975000914047,13.171245143024459,0,6.103966387748303,5.749511833283905,30.6617636574588,12.13273413692322,0,37.37950732498524,5.316788604006331,4.736862953800049,43.556507754310786,0,0,3.053965293047634,0.32313322782816845,0.4286630763416479,14.432939648451464,-3.809468965252923,0.7501940822625349,1.8473992163440216,0.29411764705882354,22,1,2,0,0,0,0,2,0,2,1,0,2,1,5,0,6,0,0,0,0,1,5.438836786643953,2,4.435000000000003,79.79870000000004,0,0,0,0,0,0,0,0,0,0,0,0,0,0,0,0,1,0,0,0,0,0,0,0,0,3,0,0,0,0,0,0,0,0,2,0,0,0,0,0,0,1,0,0,3,0,0,0,0,0,0,0,0,0,0,0,0,0,0,0,0,0,0,0,0,0,0,0,0,0,0,0,0,0,0,0,0,0,0,0,0,0,0,0,0
FLUVOXAMINE,12.57384005233229,12.57384005233229,0.26607717624086713,-4.342906387493779,0.432027738820179,12.5,318.339,297.171,318.155512572,124,0,0.41591023166640145,-0.3942247432230937,0.41591023166640145,0.3942247432230937,1.1363636363636365,1.8181818181818181,2.3636363636363638,19.413177946350846,10.028573472594555,2.2959997980667572,-2.0964095831264786,2.2889819838618815,-2.0945416032552986,5.997521586371574,-0.1371321966608557,2.4896586651809254,2.7832054113468665,458.8505183043104,16.424438962994,12.526995628522782,12.526995628522782,10.485711773084422,7.041895138855419,7.041895138855419,4.684895194043451,4.684895194043451,2.9413736260678456,2.9413736260678456,1.809394085756957,1.809394085756957,-1.6,60369.24331330708,18.449019607843134,9.423875114784204,6.444981257809245,127.62883049920973,15.308119014698867,6.606881964512918,0,0,0,6.176298517443475,0,0,13.171245143024459,0,17.28844686367376,36.958650497398246,20.26143591170303,11.275136494467699,22.74569668056114,5.711685002770702,0,0,10.889380203912726,25.438763386221503,26.868317876215947,35.392371257240434,0,0,5.733667477162185,13.171245143024459,0,0,32.58000287898665,15.750750054980156,0,30.38936785217202,29.421181000596977,0,0,0,56.84,11.73975000914047,13.171245143024459,0,6.606881964512918,30.8475964878192,24.974377382775238,12.13273413692322,7.109797541277533,0,5.15571272675054,15.308119014698867,42.689936891076485,0,5.063387542517007,3.9877787226001513,5.865387410792804,0,4.902226788863693,-2.1008229360576496,1.2218459788134213,1.6202596013940918,0.5333333333333333,22,2,4,0,0,0,0,1,0,1,0,0,4,1,7,0,9,0,0,0,0,0,7.902784398841761,1,3.201500000000001,78.71440000000003,0,0,0,0,0,0,0,0,0,0,0,0,0,0,0,1,0,1,0,0,0,0,0,0,0,3,0,0,0,0,0,0,0,0,1,0,0,0,0,0,0,1,0,0,3,0,0,0,0,0,0,0,0,0,0,1,0,0,0,0,0,0,0,1,0,0,0,0,0,0,0,0,0,0,0,0,0,0,0,0,0,0,0,1,0
HYDRALAZINE,5.263408919123205,5.263408919123205,0.6047222222222224,0.6047222222222224,0.48055416610873897,10.083333333333334,160.17999999999998,152.11599999999999,160.074896256,60,0,0.17003337450292852,-0.30645386568112576,0.30645386568112576,0.17003337450292852,1.25,2.0833333333333335,2.9166666666666665,15.292367089102902,10.175665404167173,1.980067958476283,-2.0074697485363573,2.1699584694603486,-2.0891872328538215,5.900450412121618,1.0386763045322178,2.16854290746428,2.7909670297392646,393.68492278413083,8.38890505706126,6.358528806137672,6.358528806137672,5.91501490017253,3.5865062258763922,3.5865062258763922,2.4247643124082683,2.4247643124082683,1.7071845668031875,1.7071845668031875,1.1345267220211275,1.1345267220211275,-1.6799999999999997,902.1138495051405,6.99549850790995,2.7488119763581453,0.9807788404338078,69.38070608238566,5.425791397110385,0,5.817862777835028,0,0,0,0,5.842670270266239,5.098681808301038,5.098681808301038,24.26546827384644,0,10.772448428929591,6.196843571613076,0,16.59031120676462,0,10.197363616602075,5.842670270266239,0,5.425791397110385,30.462311845459514,0,0,11.268461667376624,5.817862777835028,0,0,10.197363616602075,0,0,0,30.462311845459514,0,10.772448428929591,0,63.83,0,0,0,0,5.817862777835028,10.772448428929591,0,6.196843571613076,24.26546827384644,15.62315501371246,5.842670270266239,0,0,0,9.640092592592593,2.4963425925925926,5.868131141345428,7.79089663643235,1.704537037037037,0,0,0,12,3,4,0,0,0,0,1,1,2,0,0,4,2,4,1,1,0,0,0,0,0,1.6024425065948673,2,0.9153999999999998,47.34810000000002,0,0,0,1,0,2,0,0,0,0,0,0,0,0,0,2,1,1,0,0,0,0,0,0,0,0,0,0,0,1,0,0,0,0,1,0,1,0,0,0,0,0,0,0,0,1,0,0,0,0,0,0,0,0,0,0,0,0,0,0,0,0,0,0,0,0,0,0,0,0,0,0,0,0,0,0,0,0,0,0,0,0,0,0,0
HYDROMORPHONE,12.492664399092972,12.492664399092972,0.1724537037037035,-0.3659259259259262,0.7869335307088955,39.857142857142854,285.34299999999996,266.1909999999999,285.136493468,110,0,0.17375545647821175,-0.5042464427919625,0.5042464427919625,0.17375545647821175,1.4285714285714286,2.2857142857142856,3.142857142857143,16.509273490855225,9.515167103719909,2.649719069657719,-2.565294355354766,2.623548972292436,-2.6494471760200105,5.887251004643322,-0.1377059877789723,2.827160578068894,1.8330360876486917,670.2442212037415,14.353006672199017,12.133209023808512,12.133209023808512,10.125864216121359,7.876396692221595,7.876396692221595,7.099754521277423,7.099754521277423,6.385909370548719,6.385909370548719,5.520443558618369,5.520443558618369,-1.55,132503.36197293294,12.04000459172308,3.609883762957393,1.2019387356524531,123.25157651569276,14.743300079491231,0,23.38623500068105,0,0,0,4.794537184071822,0,0,0,6.06636706846161,50.402617863687794,23.441104413167746,0,14.637927532712578,5.783244946364939,0,4.899909730850477,5.917906046161393,43.24408417799708,13.592428388589765,23.259637120317212,0,11.49902366656781,4.736862953800049,0,11.49902366656781,0,41.52791767754214,16.63034927639461,5.917906046161393,30.38936785217202,12.13273413692322,0,0,0,49.77,0,9.901064578912528,0,23.051713636793927,24.13008033151927,31.3706727663876,5.563451491696996,6.06636706846161,6.06636706846161,11.947581713527667,4.736862953800049,6.038806689342404,0,14.947588340891913,10.198565444696396,2.2606018518518525,1.4951010959939537,4.256612339380196,3.1837471655328793,1.0028202947845803,2.1994901108591582,0.5882352941176471,21,1,4,2,2,4,0,1,0,1,4,2,4,1,4,2,0,1,1,2,1,0,2.0696674800758856,5,1.6302999999999999,76.67080000000004,0,0,0,0,0,0,0,1,0,0,1,1,0,0,0,1,0,0,0,1,1,0,0,0,0,0,0,0,0,0,0,0,0,0,1,0,0,0,0,0,0,1,0,0,0,0,0,0,0,0,0,1,1,0,0,0,0,0,0,0,0,0,0,0,0,1,1,0,0,1,0,0,0,0,0,0,0,0,0,0,0,0,0,0,0
HYDROXYCHLOROQUINE,9.021901772623966,9.021901772623966,0.22937285200518454,0.22937285200518454,0.7317801043771166,12.73913043478261,335.8790000000001,309.671,335.176440132,126,0,0.0737050348968934,-0.3950445723161837,0.3950445723161837,0.0737050348968934,1.3043478260869565,2.130434782608696,2.869565217391304,35.495691502156916,10.11098984748123,2.0769845004899254,-2.210296395470434,2.2482818922385075,-2.283446699468414,6.308866912567793,0.19904723052447007,2.535748642022221,1.914106434394462,620.2382291388919,16.656489770562878,13.926347561766145,14.6822765077846,11.134560252985372,8.277121803144688,8.655086276153915,5.865465663102048,6.3019014435740335,4.081594676579745,4.316691779367483,2.775269670050694,2.94161322509199,-1.3599999999999994,148135.89991829614,17.985553072207168,9.062254640025788,5.341836349421254,143.0243904946372,15.323225729697512,0,0,0,0,0,4.983978520947208,0,0,0,18.524677089923138,57.12036153121423,34.8796846095633,12.123582682129179,5.106527394840706,28.191251096997135,0,9.883888251797686,0,32.730958474381225,31.557939786256973,35.48494515920084,0,0,5.316788604006331,5.687386274683562,0,11.600939890232516,47.27340765803699,0,0,26.689117645233267,30.462311845459514,5.022633313741326,10.902924932081056,0,48.39,0,0,0,6.606881964512918,11.064474142889287,49.06622367035436,0,0,30.462311845459514,29.048151255185264,16.70746728507322,0,6.031460883001679,6.6464611659125135,14.402662239656287,2.010811506765241,0,8.191121800543316,4.003935507139121,7.324658008092952,0,0.5,23,2,4,0,0,0,0,1,1,2,1,0,4,2,5,1,9,0,0,0,0,1,7.086507034001715,2,3.783000000000002,98.27150000000005,0,1,1,0,0,1,0,0,0,0,0,0,0,0,0,2,1,0,0,1,0,0,0,0,0,0,0,0,0,1,0,0,0,0,1,0,1,0,0,0,0,0,0,0,1,0,0,0,0,0,0,0,0,0,0,0,0,0,0,0,0,0,0,0,0,0,0,0,0,0,0,0,0,1,0,0,0,0,0,0,0,0,0,0,0
IMIPRAMINE,2.5150462962962963,2.5150462962962963,1.0756018518518518,1.0756018518518518,0.8384623265941307,13.761904761904763,280.415,256.22299999999996,280.193948768,110,0,0.044296112924446567,-0.3409908117121986,0.3409908117121986,0.044296112924446567,0.8571428571428571,1.380952380952381,1.9047619047619047,15.147531914684095,10.049505827618907,2.189329576644005,-2.2716774216562916,2.3525137923940163,-2.234606219613945,5.705300109069743,0.4023405666092387,2.6503485522006267,1.946085728189517,556.5202782227694,14.656489770562878,13.048763250449664,13.048763250449664,10.254020195423491,7.835903638099349,7.835903638099349,6.065891941848764,6.065891941848764,4.215547540145039,4.215547540145039,3.1561689443320082,3.1561689443320082,-1.7999999999999994,89136.52250761147,14.150516197935207,6.314843310189529,3.108345481049562,127.55692831321477,9.799819461700954,0,0,0,0,0,0,0,0,0,36.39820241076966,63.162202360362194,17.9195289552797,0,0,11.374772549367124,0,4.899909730850477,0,19.26246486877803,32.08476650803001,59.65783953108687,0,0,4.899909730850477,11.374772549367124,0,0,32.08476650803001,12.841643245852019,0,17.54772460632,48.53093654769288,0,0,0,6.48,0,0,0,0,0,25.931156057677168,28.92249715568712,0,0,72.42609997474823,0,0,0,4.7746008125472414,0,5.7217762660619815,0,17.73370134164777,3.448812515747039,2.2014290438397577,4.286346686822878,0.3684210526315789,21,0,2,0,1,1,0,2,0,2,0,0,2,0,2,1,4,0,0,0,0,0,4.255156788012367,3,3.8750000000000027,90.46900000000007,0,0,0,0,0,0,0,0,0,0,0,0,0,0,0,2,0,0,0,0,0,0,0,0,0,0,0,0,0,2,2,0,0,0,2,0,2,0,0,0,0,0,0,0,0,0,0,0,0,0,0,0,0,0,0,0,0,0,0,0,0,0,0,0,2,0,0,0,0,0,0,0,0,0,0,0,0,0,0,0,0,0,0,0,0
ISONIAZID,10.749537037037037,10.749537037037037,0.3033333333333328,-0.3033333333333328,0.31657867877201074,8.9,137.142,130.08599999999998,137.058911844,52,0,0.26478275072462537,-0.2901429275077938,0.2901429275077938,0.26478275072462537,1.5,2.1,2.6,16.151963272363115,10.252677242961711,1.9847168343840504,-1.9497178966473734,1.9276778864040718,-2.293492748437582,5.929347212978663,0.09533133419927506,2.0481673906012667,2.8526279288191434,221.69435494406167,7.397341225498538,5.2422132319119505,5.2422132319119505,4.842535255101096,2.7532139951773598,2.7532139951773598,1.7093504426241088,1.7093504426241088,1.0736035943040487,1.0736035943040487,0.586622195880962,0.586622195880962,-1.42,237.58741730974694,6.6965501165501164,2.9319034022891572,1.2945922692541976,58.03740421573957,0,0,0,0,5.907179729351506,0,15.204307102129414,5.842670270266239,0,0,0,12.13273413692322,17.957138634923147,0,4.794537184071822,5.907179729351506,0,10.409769918057592,5.842670270266239,0,0,30.08987277184637,0,0,11.268461667376624,0,0,0,10.891158250298712,0,0,10.357988675768818,24.52642128014937,0,0,0,68.00999999999999,0,4.794537184071822,0,5.907179729351506,5.563451491696996,0,12.393687143226153,12.13273413692322,5.425791397110385,4.983978520947208,5.842670270266239,0,0,14.490795540438398,0,2.5261111111111116,4.5807785336356766,3.1710185185185185,3.0646296296296294,0,0,0,10,3,4,0,0,0,1,0,1,1,0,0,3,2,4,1,1,0,0,0,0,0,1.963363807031314,1,-0.3149000000000006,35.89060000000001,0,0,0,1,0,1,0,0,0,0,1,1,0,0,0,1,1,1,0,0,0,0,0,0,0,0,0,1,0,0,0,0,0,0,0,0,0,0,0,0,0,0,0,0,0,1,0,0,0,0,0,0,0,0,0,0,0,0,0,0,0,0,0,0,0,0,0,0,0,0,0,0,0,1,0,0,0,0,0,0,0,0,0,0,0
LEVODOPA,10.418623551272361,10.418623551272361,0.11425925925925906,-1.099477040816326,0.5125069246930146,12.357142857142858,197.18999999999997,186.10199999999995,197.068807832,76,0,0.32031552163797705,-0.5042598930844389,0.5042598930844389,0.32031552163797705,1.3571428571428572,2,2.5,16.367725722742637,10.064056512726951,2.1227788923257105,-2.0648184175949447,2.246488790153777,-2.3165470820827965,5.731199195975059,-0.1379995368714779,2.10922326203371,2.7772680269131413,350.6652327975252,10.71517847069432,7.343747204098415,7.343747204098415,6.502907755397974,3.9967885591797376,3.9967885591797376,2.9719215653681355,2.9719215653681355,1.812638001675133,1.812638001675133,1.037227028910416,1.037227028910416,-1.75,1115.7791056158326,10.331632653061224,3.972117202268431,2.366714454376792,80.41034351633131,21.0532496616843,6.041840829147961,11.49902366656781,0,0,5.9693052879518484,4.794537184071822,0,0,0,6.06636706846161,24.117007251546223,0,0,20.11411936859394,5.9693052879518484,0,0,5.733667477162185,12.462662452073971,0,23.762552697081826,0,11.49902366656781,5.733667477162185,0,11.49902366656781,0,27.330728301621924,11.21535880699783,0,5.563451491696996,18.19910120538483,0,0,0,103.78000000000002,12.011146117099809,4.794537184071822,0,17.919845289493818,5.563451491696996,0,18.19910120538483,0,0,0,21.0532496616843,0,0,10.418623551272361,26.633114921894684,5.857960128495844,-1.6154629629629613,3.0915051020408155,0.11425925925925906,0,0,0.2222222222222222,14,5,5,0,0,0,0,1,0,1,1,0,4,4,5,0,3,0,0,0,0,0,2.93131827062448,1,0.052200000000000135,49.08680000000002,1,0,0,0,0,0,0,2,1,1,1,0,0,0,0,0,0,1,0,0,0,0,0,0,0,0,0,0,0,0,0,0,0,0,1,0,0,0,0,0,0,0,0,0,0,0,0,0,0,0,0,0,0,0,0,0,0,0,0,0,0,0,0,0,0,2,2,0,0,0,0,0,0,0,0,0,0,0,0,0,0,0,0,0,0
MAPROTILINE,3.3093399628369866,3.3093399628369866,0.262685185185185,0.262685185185185,0.8254375445230729,25.476190476190474,277.41100000000006,254.22699999999992,277.183049736,108,0,0.020917908670118817,-0.31975136809052407,0.31975136809052407,0.020917908670118817,1,1.619047619047619,2.238095238095238,14.794734524611593,9.537137323408743,2.4667713976464647,-2.495011279378489,2.57360066071593,-2.400726488652625,5.584036788943882,0.3414579136353052,2.5597837814598803,1.8805976481796658,610.8929198710235,14.2862462825598,12.731686328639373,12.731686328639373,10.366138617215372,8.20095926981256,8.20095926981256,6.554975452027931,6.554975452027931,5.593670330364824,5.593670330364824,4.7183355274118455,4.7183355274118455,-1.5999999999999996,130037.01609816191,13.090051020408161,4.993710782028756,1.8023658294971152,126.94623411728348,5.316788604006331,0,0,0,0,0,0,0,0,0,48.53093654769288,61.529520847081784,11.332896515558172,0,0,0,0,5.316788604006331,0,37.01618300726221,13.592428388589765,70.78474251448087,0,0,5.316788604006331,0,0,0,13.592428388589765,5.414990469396779,0,53.85499850465341,48.53093654769288,0,0,0,12.03,0,0,0,5.414990469396779,5.917906046161393,6.544756405912575,25.683286491704038,22.253805966787983,0,60.895397134376395,0,0,0,0,3.3093399628369866,6.6570568783068795,0.6283103164105146,18.36932712899975,5.126398573318216,1.1066591080876793,2.0529080320399764,0.4,21,1,1,3,0,3,0,2,0,2,0,2,1,1,1,0,4,0,0,0,0,0,3.1127585199008925,5,4.211400000000004,87.90170000000006,0,0,0,0,0,0,0,0,0,0,0,0,0,0,0,0,1,0,0,0,0,0,0,0,0,0,0,0,0,0,0,0,0,0,2,0,1,0,0,0,0,0,0,0,0,0,0,0,0,0,0,0,0,0,0,0,0,0,0,0,0,0,0,0,0,0,0,0,0,0,0,0,0,0,0,0,0,0,0,0,0,0,0,0,0
METHADONE,13.174413265306125,13.174413265306125,0.2811111111111111,-0.5823842592592592,0.7601212787758543,13.08695652173913,309.45300000000003,282.237,309.209264484,122,0,0.147084625141916,-0.3066668841509179,0.3066668841509179,0.147084625141916,0.9565217391304348,1.391304347826087,1.7391304347826086,16.13945990460939,9.665988695923513,2.413100301745346,-2.372467607315075,2.389217885703717,-2.424775565350264,5.93339081798403,-0.12311672744200466,2.598135394373267,2.661361390026637,579.304533673046,16.872032720186702,14.620528409422803,14.620528409422803,11.018909728439276,8.327929553051508,8.327929553051508,6.430867505534363,6.430867505534363,4.8134421176679085,4.8134421176679085,3.2109886899973206,3.2109886899973206,-1.9299999999999993,150691.85287364948,17.424270887888333,7.560773919248965,3.532758370521064,139.6943321253776,4.899909730850477,5.783244946364939,0,0,0,0,4.794537184071822,0,0,0,67.58740788430673,38.566805771365004,12.462662452073971,5.414990469396779,4.794537184071822,5.783244946364939,0,4.899909730850477,0,38.14594894377801,14.09534396535438,71.7905736680101,0,0,0,0,0,0,30.82033947171776,10.209527653468601,0,37.81602062862726,60.6636706846161,0,0,0,20.310000000000002,5.414990469396779,4.794537184071822,0,5.783244946364939,12.462662452073971,17.54772460632,0,0,43.321939610460284,50.18445916974192,0,0,0,15.358510487528347,0,1.596782407407408,0.2811111111111111,20.748548752834466,1.3101558956916102,4.145694444444445,4.142530234315949,0.38095238095238093,23,0,2,0,0,0,0,2,0,2,1,0,2,0,2,0,7,0,0,0,0,1,5.727868386568484,2,4.292000000000004,96.72800000000007,0,0,0,0,0,0,0,0,0,0,1,1,0,0,0,1,0,0,0,0,0,0,0,0,0,0,0,0,0,0,0,0,0,0,2,0,0,0,0,0,0,0,0,0,0,0,0,0,0,0,0,1,1,0,0,0,0,0,0,0,0,0,0,0,0,0,0,0,0,0,0,0,0,0,0,0,0,0,0,0,0,0,0,0,0
METHYLPHENIDATE,11.9494708994709,11.9494708994709,0.14296296296296296,-0.17916666666666736,0.8123400616112664,21.823529411764707,233.31099999999995,214.15899999999996,233.141578848,92,0,0.3142368078169382,-0.46850297660643403,0.46850297660643403,0.3142368078169382,1.3529411764705883,2.1176470588235294,2.7058823529411766,16.52415815307306,9.863907213319527,2.3082010223971428,-2.294791686264418,2.258426542839825,-2.41731512927662,5.786308772959967,-0.14295356054731215,2.4109386743184644,2.2116443428545427,357.7447760896648,12.08757566981053,10.1863755900013,10.1863755900013,8.325698502695488,6.188340601625595,6.188340601625595,4.467913375421887,4.467913375421887,3.36460787137259,3.36460787137259,2.4832871382242985,2.4832871382242985,-1.35,10608.130167001244,12.11605163722281,5.823540847729735,2.8560737857453966,102.1700383942993,10.05365155780638,0,0,0,0,5.9693052879518484,4.794537184071822,0,0,0,36.75265696523406,24.94985114346159,6.041840829147961,13.027703587438927,9.53140013787187,5.9693052879518484,0,5.316788604006331,0,31.22221174408738,13.65455394719011,35.89528683400505,0,0,5.316788604006331,0,0,0,25.66570006428992,9.53140013787187,0,30.74382240663642,30.33183534230805,0,0,0,38.33,0,4.794537184071822,0,17.929052163261204,0,18.52902952053558,19.951440787129552,0,30.33183534230805,5.316788604006331,4.736862953800049,4.941058201058201,0,11.9494708994709,3.432055933484505,1.0405092592592595,-0.3221296296296303,10.099975749559082,3.4085692239858907,0.9910659958427815,1.4594243669690097,0.5,17,1,3,0,1,1,0,1,0,1,2,0,3,1,3,1,3,0,1,1,0,2,4.150489507209986,2,2.0852999999999997,66.84070000000004,0,0,0,0,0,0,0,0,0,0,1,1,0,0,0,0,1,0,0,0,0,0,0,0,0,0,0,0,0,0,0,0,0,0,1,0,0,0,0,0,1,1,0,0,0,0,0,0,0,0,0,0,0,0,0,1,0,0,0,0,0,0,0,0,0,0,0,0,0,1,0,0,0,0,0,0,0,0,0,0,0,0,0,0,0
METOPROLOL,9.72607924092502,9.72607924092502,0.3027160493827161,-0.4902148835378455,0.7135696186852984,12.68421052631579,267.36899999999997,242.16899999999995,267.18344366,108,0,0.11895622189073653,-0.4908491126928612,0.4908491126928612,0.11895622189073653,1.2105263157894737,1.894736842105263,2.473684210526316,16.48946813728686,10.146387684130548,2.054607869587601,-2.147215659427634,2.1244708228944336,-2.346722650044871,5.269081377689811,0.10444239528749887,2.41338216918104,2.285695819256649,337.7488527229999,14.08757566981053,12.056238916311631,12.056238916311631,9.113392202930195,6.736267834766839,6.736267834766839,4.914526399758236,4.914526399758236,2.722324032776904,2.722324032776904,1.5953428232140634,1.5953428232140634,-1.1,16005.550546008659,15.955865921787705,8.908256708575717,7.1546480807002135,115.28706854388426,19.897041906447136,18.460360185545127,0,0,0,0,0,0,0,0,25.980208536304467,24.117007251546223,19.69639477633807,6.606881964512918,14.580253302440804,0,0,5.316788604006331,0,32.41410323920352,26.868317876215947,29.828919765543436,0,5.749511833283905,10.05365155780638,0,5.749511833283905,0,44.12065248795291,11.157684576726059,0,19.410925891078243,24.26546827384644,0,0,0,50.72,6.103966387748303,5.106527394840706,0,0,19.193479199573453,18.777215420722833,5.563451491696996,7.109797541277533,38.11294267322769,5.316788604006331,9.473725907600098,10.568141544202149,0,0,12.895984623836634,1.2187249207789435,0.782188681027967,8.260365096363474,0.4102944713749186,5.665825091731929,1.6984755706839871,0.6,19,2,4,0,0,0,0,1,0,1,1,0,4,2,4,0,9,0,0,0,0,1,7.480997349415789,1,1.6132,76.66250000000005,0,1,1,0,0,0,0,0,0,0,0,0,0,0,0,0,1,0,0,0,0,0,0,0,0,0,0,0,0,0,0,0,0,0,1,0,0,0,0,0,0,2,0,0,0,0,0,0,0,0,0,0,0,0,0,1,0,0,0,0,0,0,0,0,0,0,0,0,0,0,0,0,0,0,0,0,0,0,0,0,0,0,0,0,0
METRONIDAZOLE,10.373000755857898,10.373000755857898,0.08189814814814778,-0.5181944444444442,0.5158680082581498,10.166666666666666,171.15599999999998,162.08399999999997,171.064391148,66,0,0.3424297029647619,-0.3922869346517497,0.3922869346517497,0.3424297029647619,1.8333333333333333,2.5,3,16.630262510960268,10.562928593516476,2.152011127459893,-1.981668147592207,2.1181933303125815,-2.070075066573735,5.179812928339299,-0.39184077908585596,2.3383205921062333,3.032858934158134,294.2284590462867,9.137828201504695,6.59691479449028,6.59691479449028,5.663902460147014,3.438905119045677,3.438905119045677,2.295965920471114,2.295965920471114,1.5446954127239922,1.5446954127239922,0.9783682928544701,0.9783682928544701,-1.43,563.5352626976022,8.664607379375592,3.310964147709046,1.42412717427458,68.61221882593873,15.220845663606278,12.741599977525652,5.824404497999927,0,0,5.817862777835028,0,9.551078168738563,0,0,0,4.923311048817671,6.923737199690624,6.606881964512918,10.029838443658377,5.817862777835028,0,9.551078168738563,0,13.4684936056032,6.606881964512918,22.135566338378577,0,0,0,5.817862777835028,0,0,26.187798576909856,6.544756405912575,17.038055468456196,5.824404497999927,6.196843571613076,0,0,0,81.19,4.923311048817671,10.114318268765572,0,18.969501148260523,5.824404497999927,0,10.763943219404432,6.923737199690624,0,4.983978520947208,5.106527394840706,1.3611111111111112,0,13.621426681783824,18.97051776266062,0,0.45583333333333376,0,1.1855092592592593,1.7389351851851849,0,0.5,12,1,6,0,0,0,0,0,1,1,0,0,4,1,6,1,3,0,0,0,0,0,2.390683698923985,1,0.09201999999999994,40.704200000000014,0,1,1,0,0,2,0,0,0,0,0,0,0,0,0,3,0,0,0,0,0,0,0,0,0,0,0,0,0,0,1,0,0,0,0,0,0,0,0,0,0,0,0,0,0,0,0,1,0,0,0,0,0,0,0,0,0,0,1,0,0,0,0,0,0,0,0,0,0,0,0,0,0,0,0,0,0,0,0,0,0,0,0,0,0
MIANSERIN,2.6122685185185186,2.6122685185185186,0.4940740740740739,0.4940740740740739,0.7212588245608211,21.65,264.372,244.21199999999993,264.16264864,102,0,0.06723468289128035,-0.3616606726822643,0.3616606726822643,0.06723468289128035,0.9,1.65,2.55,15.276961301209527,9.960272617577717,2.3118516474668294,-2.4139247742086796,2.3812749732253993,-2.4646248825995722,5.602512715597482,0.26905971694672204,2.6141296973388872,1.9017661245550799,634.8202783238603,13.526733258565956,11.919006738452742,11.919006738452742,9.826499840494925,7.436433325672088,7.436433325672088,5.975738149618502,5.975738149618502,4.679497501823577,4.679497501823577,3.6398866710785605,3.6398866710785605,-1.7999999999999994,76322.13064350616,11.97999288002848,4.637130177514793,1.831999373482653,120.18615504528893,9.799819461700954,0,0,0,0,0,0,0,0,0,42.46456947923127,36.225215149155794,25.32165549242129,6.041840829147961,0,5.687386274683562,0,4.899909730850477,0,12.462662452073971,31.581850931265393,65.22129102278387,0,0,4.899909730850477,5.687386274683562,0,0,31.581850931265393,6.4208216229260096,0,22.73219530423895,48.53093654769288,0,0,0,6.48,0,0,0,0,6.041840829147961,26.055090840663734,22.37774074977455,0,0,65.37842799207102,0,0,0,5.062546296296297,0,5.8951880196523065,0,18.370962537792895,1.0585922146636433,3.379824499244142,2.232886432350718,0.3333333333333333,20,0,2,0,2,2,0,2,0,2,1,0,2,0,2,2,0,0,1,1,0,1,2.7776393255196212,4,3.0839000000000016,83.27400000000006,0,0,0,0,0,0,0,0,0,0,0,0,0,0,0,2,0,0,0,1,0,0,0,0,0,0,0,0,0,1,0,0,0,0,2,0,5,0,0,0,0,0,0,0,0,0,0,0,0,0,0,0,0,0,0,0,0,0,0,0,0,0,0,0,1,0,0,0,0,0,1,0,0,0,0,0,0,0,0,0,0,0,0,0,0
MINOXIDIL,11.189173437893675,11.189173437893675,0.0874319727891153,-0.0874319727891153,0.49592964212759716,16.666666666666668,209.25300000000001,194.13299999999998,209.12766009999999,82,0,0.34563350470272264,-0.7540037244649248,0.7540037244649248,0.34563350470272264,1.2666666666666666,1.9333333333333333,2.533333333333333,16.472476828003156,10.131170425692469,2.1632464104522415,-2.263980858873388,2.1826917134943824,-2.376001496894556,5.4645774013377295,-0.5764492883826058,2.262866989782502,2.27402509492688,338.5154908716173,10.836498814253964,8.517473790465354,8.517473790465354,7.181540550352055,5.087764244997879,5.087764244997879,3.7394902178371865,3.7394902178371865,2.6287276967384807,2.6287276967384807,1.8032239980413536,1.8032239980413536,-1.72,3149.9108497772427,9.820608400222834,3.7990994713070263,1.8790306939202912,88.08743730234191,21.574497709952137,0,11.635725555670057,0,0,5.948339280986494,0,4.7304076419062255,0,0,4.983978520947208,19.26246486877803,13.08951281182515,6.06636706846161,4.7304076419062255,17.58406483665655,0,4.983978520947208,0,19.26246486877803,29.456757496999998,11.2736200932389,0,0,21.09765232708107,17.58406483665655,0,0,18.073491332772356,0,5.20725302477729,19.26246486877803,6.06636706846161,0,0,0,95.11,0,5.20725302477729,0,11.766202058821523,10.548270419741254,25.93115605767717,6.4208216229260096,6.06636706846161,0,9.883888251797686,11.46733495432437,0.43794288548752824,0,6.13875,11.189173437893675,10.992762188208616,0.71800642479214,1.5780555555555555,3.5390585632401113,1.9062509448223734,0,0.5555555555555556,15,4,6,0,1,1,0,0,1,1,0,0,5,2,6,2,1,0,1,1,0,0,2.4872978787466606,2,-0.13029999999999975,58.08580000000001,0,0,0,2,0,2,0,0,0,0,0,0,0,0,0,3,0,2,0,0,0,0,0,0,0,0,0,0,0,3,0,0,0,0,0,0,0,0,0,0,0,0,0,0,0,0,0,0,0,0,0,0,0,0,0,0,0,0,0,0,0,0,0,0,0,0,0,0,0,1,0,0,0,0,0,0,0,0,0,0,0,0,0,0,0
MORPHINE,10.440693027210886,10.440693027210886,0.1597222222222221,-0.5943924792139081,0.7033474919154648,42.57142857142857,285.343,266.1909999999999,285.136493468,110,0,0.16524289095962236,-0.5042466595879944,0.5042466595879944,0.16524289095962236,1.3333333333333333,2.1904761904761907,3.0476190476190474,16.51685310209996,9.531136512605777,2.6361114611355156,-2.5601210424889134,2.617132894412909,-2.6431440356017624,5.612054247185544,-0.04529371357624174,2.827160578068894,1.8445254467475665,670.2442212037415,14.353006672199017,11.99001157404039,11.99001157404039,10.125864216121359,7.713327954418207,7.713327954418207,6.930110293573662,6.930110293573662,6.149738248658419,6.149738248658419,5.238415570709245,5.238415570709245,-1.52,132503.36197293294,12.066927436884919,3.6226846881803887,1.2071641349925186,123.19468513566073,19.84982747433194,12.207932775496605,11.49902366656781,0,0,0,0,0,0,0,18.218407282129373,38.06389019460039,22.938188836403132,0,14.94991774348146,0,0,4.899909730850477,5.917906046161393,36.50640731989336,13.592428388589765,35.411677333984976,0,11.49902366656781,4.736862953800049,0,11.49902366656781,0,46.95516651376621,11.835812092322788,5.917906046161393,17.54772460632,24.284774350590983,0,0,0,52.93000000000001,6.103966387748303,10.213054789681411,0,17.26846869042899,17.70925870859326,19.386399651764595,11.126902983393991,6.06636706846161,12.142387175295491,18.02360182036155,4.736862953800049,6.087093726379441,0,2.4333413643235073,20.648517731166542,2.2901388888888894,1.1891723356009072,4.225751606198035,5.177912887377173,1.0100425170068026,2.188028943058705,0.5294117647058824,21,2,4,2,2,4,0,1,0,1,5,2,4,2,4,2,0,0,1,1,1,0,2.081651107570801,5,1.1981,77.57660000000003,0,1,1,0,0,0,0,1,0,0,0,0,0,0,0,1,0,0,0,1,1,0,0,0,0,0,0,0,0,0,0,0,0,0,1,0,0,0,0,0,0,1,0,0,0,0,0,0,0,0,0,0,0,0,0,0,0,0,0,0,0,0,0,0,0,1,1,0,0,1,0,0,0,0,0,0,0,0,0,0,0,0,0,0,0
NALTREXONE,12.711546857940705,12.711546857940705,0.045410052910052734,-0.9397222222222221,0.8536215236957835,41.4,341.4070000000001,318.22300000000007,341.162708216,132,0,0.17396302076852344,-0.5042464328896997,0.5042464328896997,0.17396302076852344,1.28,2.12,2.92,16.511456241639255,9.486892743226605,2.726725699505237,-2.621803447155019,2.6440535667198675,-2.7623381570392485,5.8958279036873416,-0.18842867942706523,3.3230461229939956,1.5787879801585996,803.131046572162,16.974327015758657,14.201742962868114,14.201742962868114,12.043478875583263,9.555734298676121,9.555734298676121,8.715981650209665,8.715981650209665,7.5583796866491895,7.5583796866491895,6.263575745735651,6.263575745735651,-1.59,1400624.0642884932,14.56607894211588,4.383338659775405,1.5578790284498225,146.1348054575494,14.94991774348146,0,23.386235000681054,0,0,0,9.694446914922299,0,0,0,6.06636706846161,56.19658912686262,24.570870349683542,11.016041280380467,19.744454927553285,5.783244946364939,0,4.899909730850477,5.917906046161393,61.686778234832786,13.08951281182515,23.259637120317212,0,11.49902366656781,4.736862953800049,0,11.49902366656781,0,51.732580306601925,16.63034927639461,5.917906046161393,43.23101109802404,12.13273413692322,0,0,0,70,17.12000766812877,15.007591973753234,0,17.574597608796804,18.591155079135923,42.97596508723255,12.841643245852019,6.06636706846161,6.06636706846161,4.899909730850477,4.736862953800049,6.0374559870244395,0,15.187304133072981,22.29678568305192,0.453679138321996,1.3885130070546738,3.690139518770471,4.327120737541012,1.952335128495843,0,0.65,25,2,5,3,2,5,0,1,0,1,4,2,5,2,5,2,2,2,1,3,1,0,2.553922277932679,6,1.5253999999999999,89.79760000000005,0,1,0,0,0,0,0,1,0,0,1,1,0,0,0,1,0,0,0,0,1,0,0,0,0,0,0,0,0,0,0,0,0,0,1,0,0,0,0,0,0,1,0,0,0,0,0,0,0,0,0,1,1,0,0,0,0,0,0,0,0,0,0,0,0,1,1,0,0,1,0,0,0,0,0,0,0,0,0,0,0,0,0,0,0
NICOTINE,4.137037037037037,4.137037037037037,0.6099074074074073,0.6099074074074073,0.6261518225795569,24.583333333333332,162.236,148.12399999999997,162.115698448,64,0,0.03602966651698951,-0.2993071487901656,0.2993071487901656,0.03602966651698951,1.5833333333333333,2.5,3.0833333333333335,15.14357761039824,10.081262748767085,2.214113355948108,-2.182860478290448,2.286229481365833,-2.16835154644054,5.143791621517544,0.3167124208320246,2.53042684663605,2.194591657785846,245.27530899395384,8.38890505706126,7.4024988805076894,7.4024988805076894,5.877010097711745,4.478978391673248,4.478978391673248,3.4249925387477815,3.4249925387477815,2.5896294359397087,2.5896294359397087,1.9044874511330439,1.9044874511330439,-0.89,1072.9009829736851,7.743335629015882,3.2329339260923793,1.344570624512911,73.229764189100635,0,0,0,0,0,0,9.883888251797686,0,0,0,6.06636706846161,38.06389019460039,18.435527972374114,0,0,0,0,9.883888251797686,0,18.88348407499998,13.592428388589765,30.08987277184637,0,0,0,0,0,0,23.47631664038745,0,0,24.446935566696975,24.526421280149375,0,0,0,16.130000000000003,0,0,0,0,6.041840829147961,0,24.94985114346159,0,18.460054211687762,22.997927302936485,0,0,0,6.536851851851852,0,1.3587962962962965,0,4.791435185185184,6.405944822373394,1.2217866591080877,2.185185185185185,0.5,12,0,2,0,1,1,0,0,1,1,1,0,2,0,2,2,1,0,1,1,0,0,2.0861410380137766,2,1.8483,48.842000000000034,0,0,0,0,0,1,0,0,0,0,0,0,0,0,0,2,0,0,0,0,1,0,0,0,0,0,0,0,0,0,0,0,0,0,0,0,0,0,0,0,0,0,0,0,0,0,0,0,0,0,0,0,0,0,0,0,0,0,0,0,0,0,0,0,0,0,0,0,0,0,0,0,0,1,0,0,0,0,0,0,0,0,0,0,0
NORTRIPTYLINE,3.2262581884605694,3.2262581884605694,1.0216605253212394,1.0216605253212394,0.8299677542138636,13.35,263.38399999999996,242.21599999999992,263.167399672,102,0,-0.0016939398476161739,-0.3194434756330369,0.3194434756330369,0.0016939398476161739,0.9,1.45,2,14.791675764254558,9.930954941541069,2.161802849667322,-2.115568652480487,2.3297427520011094,-2.0601156495251383,5.834063353231971,0.8081827313483438,2.6554311444917134,2.1133271211644953,575.6683055943938,13.7862462825598,12.024579547452825,12.024579547452825,9.898178147766926,7.4122841352177495,7.4122841352177495,5.324321915442575,5.324321915442575,4.0215459522531685,4.0215459522531685,2.9973099616446386,2.9973099616446386,-1.8599999999999994,64665.059230662206,13.1383245385578,6.06175238086963,2.5432784027273465,120.89752012423182,5.316788604006331,0,0,0,0,0,0,0,0,0,54.60695665452676,60.681803754225044,0,0,0,5.5731045300692665,0,5.316788604006331,0,19.26246486877803,13.592428388589765,76.86076262131475,0,0,5.316788604006331,0,0,0,13.592428388589765,12.841643245852019,0,28.67462758971399,54.60695665452676,0,5.5731045300692665,0,12.03,0,0,0,0,0,25.807221274690605,27.82691049685725,0,7.04767198267719,59.92374525853309,0,0,0,0,3.2262581884605694,7.17117724867725,0,17.683493795666415,5.7233109725371625,1.0216605253212394,2.007432602670698,0.2631578947368421,20,1,1,1,0,1,0,2,0,2,0,0,1,1,1,0,3,0,0,0,0,0,3.9820635026120312,3,3.826400000000003,85.91470000000005,0,0,0,0,0,0,0,0,0,0,0,0,0,0,0,0,1,0,0,0,0,0,0,0,0,0,0,0,0,0,2,0,0,0,2,0,2,0,0,0,0,0,0,0,0,0,0,0,0,0,0,0,0,0,0,0,0,0,0,0,0,0,0,0,0,0,0,0,0,0,0,0,0,0,0,0,0,0,0,0,0,0,0,0,0
PAROXETINE,13.170417006584485,13.170417006584485,0.19366267224284184,-0.19366267224284184,0.9339413767145557,22.375,329.3710000000001,309.21100000000007,329.14272171999994,126,0,0.23080373898038667,-0.4930883683108535,0.4930883683108535,0.23080373898038667,1.0833333333333333,1.9166666666666667,2.7916666666666665,19.142144241523468,9.814218951394308,2.2691112246881073,-2.320999672476008,2.3591662206129804,-2.3805064673083303,5.464122693412558,0.17303890044833328,3.086260324767813,1.4430472633559428,704.2581301134379,16.355160383312146,13.33439567304019,13.33439567304019,11.79282633568371,8.280641273249634,8.280641273249634,6.236995097747859,6.236995097747859,4.713948190352601,4.713948190352601,3.4167809845682955,3.4167809845682955,-2.2699999999999996,664545.9181703045,15.26898251541231,6.690274020416143,3.1696483131854296,140.0874630943337,19.527377465406477,11.5667326743298,11.49902366656781,6.792942306099827,0,0,0,4.39041504767482,0,0,12.13273413692322,48.712403840543416,18.529029520535577,6.606881964512918,18.60100390907497,0,0,5.316788604006331,5.917906046161393,12.338727669087403,26.489337082437896,53.845241811974155,0,17.248535499851716,19.527377465406477,4.39041504767482,17.248535499851716,0,26.489337082437896,0,11.735126887207286,17.9021791607844,42.46456947923127,0,0,0,39.72,0,4.39041504767482,0,12.610163147145721,18.442694056835705,36.75886993460288,17.696185628620217,0,30.33183534230805,5.316788604006331,14.210588861400147,29.86350895460806,0,0,3.42512831212732,1.1779506277819773,2.786337192064174,12.48058742010221,1.028569433946418,2.7379180593698367,0,0.3684210526315789,24,1,4,0,2,2,0,2,0,2,2,0,4,1,5,2,4,0,1,1,0,0,4.256403210043804,4,3.326500000000002,88.17770000000006,0,0,0,0,0,0,0,0,0,0,0,0,0,0,0,0,1,0,0,0,0,0,0,0,0,0,0,0,0,0,0,0,0,0,2,0,1,0,0,0,0,3,0,0,1,0,0,0,0,0,0,0,0,0,0,0,0,0,0,0,0,0,0,0,0,0,0,0,0,1,0,0,0,0,0,0,0,0,0,0,0,0,0,0,0
PEFLOXACIN,14.598862906273618,14.598862906273618,0.10382175401024596,-1.298469998983166,0.9243839877881742,15.875,333.36300000000006,313.20300000000003,333.14886972,128,0,0.34072285060215646,-0.4774970240990653,0.4774970240990653,0.34072285060215646,1.25,1.9166666666666667,2.5,19.142215522075098,10.0910487473459,2.207411151080732,-2.339829678554005,2.2577446823627905,-2.4441570201269682,5.931148937336719,0.06945631342278599,2.556383584788097,2.183159031345674,854.2600816822633,17.43035694138864,13.750900149438403,13.750900149438403,11.417922655570505,7.955084689710336,7.955084689710336,6.074159375342378,6.074159375342378,4.563823088297221,4.563823088297221,3.1030483978794545,3.1030483978794545,-2.41,254288.58794604157,16.447862009987272,6.238342898078794,2.752992314352158,138.25887357603418,19.473446504333015,11.38067233274289,0,5.428790391900541,0,5.9693052879518484,4.794537184071822,9.184952231746642,0,0,0,26.104143319291033,44.306849815640746,11.204086992299825,14.291479626587348,22.559616494716465,0,9.467009378641832,0,13.4684936056032,38.126607337177965,39.933577617251544,0,0,10.328700122751018,10.077801322358383,0,0,53.76953966776187,6.544756405912575,5.817220841045894,17.28172587545944,23.124114892608116,0,10.902924932081056,0,65.78,17.215316520898284,19.086016810659167,0,10.949675706161791,30.838356210037553,13.08951281182515,12.263210640074686,10.633466716252965,18.871318913218293,4.899909730850477,0,16.278622921390777,0,27.723143033362255,9.281541917637211,0.03261838390085181,-1.7898173156876256,2.829798752834467,1.3320101095993953,5.454675995334364,2.0240728682949656,0.4117647058823529,24,1,6,0,1,1,0,1,1,2,0,0,4,1,7,2,3,0,1,1,0,0,4.275308464941004,3,1.6105000000000003,90.50930000000004,0,0,0,0,1,1,0,0,1,1,1,0,0,0,0,3,0,0,0,1,0,0,0,0,0,0,0,0,0,1,1,0,0,0,1,0,1,0,0,0,0,0,0,0,1,0,0,0,0,0,0,0,0,0,0,0,0,0,0,0,0,0,0,0,0,0,0,0,0,0,1,0,0,1,0,0,0,0,0,0,0,0,0,0,0
PREDNISOLONE,12.350397931051566,12.350397931051566,0.009117208273729194,-1.5617481051062398,0.6946116752943167,49.88461538461539,360.4500000000002,332.22600000000006,360.1936739959999,142,0,0.1896291629209311,-0.3927606978408493,0.3927606978408493,0.1896291629209311,1.3076923076923077,2.0384615384615383,2.730769230769231,16.315819434137406,9.459423513952318,2.674347466184647,-2.5913597157968513,2.6651162133456157,-2.6127850314118537,6.008041431475011,-0.17805995894918936,2.86203587147837,1.7472814479871785,723.9130815015496,18.90541291500631,15.44222993887427,15.44222993887427,12.170504622625403,9.660624318644738,9.660624318644738,9.191954693584504,9.191954693584504,8.252706604226965,8.252706604226965,6.919333408949082,6.919333408949082,-1.3,715692.1381653671,18.081485487885935,5.599719839148237,2.0792514525694963,153.34130809395182,15.319582184522117,12.207932775496605,11.566489892729878,0,0,0,9.589074368143644,0,0,0,25.496599036284394,56.09196042062061,16.747886984954953,6.103966387748303,24.90865655266576,11.566489892729878,0,0,28.583699077277736,57.656599712743294,6.606881964512918,23.80116485057091,0,0,0,0,0,0,45.1979712404969,9.589074368143644,28.583699077277736,45.95158251401131,23.80116485057091,0,0,0,94.83,29.51013457900663,24.90865655266576,0,28.951953554245897,12.841643245852019,24.835569398847294,0,12.152040213667762,12.999757306524504,6.923737199690624,0,0,0,24.158988557469677,31.668515003942392,-1.5414459850298141,-0.22653882987870144,0,7.682001817676871,3.3418127691529116,0,0.7142857142857143,26,3,5,4,0,4,0,0,0,0,7,0,5,3,5,0,2,3,0,3,0,0,3.8942789618379154,4,1.5575999999999999,95.04840000000004,0,3,2,0,0,0,0,0,0,0,2,2,0,0,0,0,0,0,0,0,0,0,0,0,0,0,4,0,0,0,0,0,0,0,0,0,5,0,0,0,0,0,0,0,0,0,0,0,0,0,0,2,1,0,0,0,0,0,0,0,0,0,0,0,0,0,0,0,0,0,0,0,0,0,0,0,0,0,0,0,0,0,0,0,0
PROPRANOLOL,9.843953766691861,9.843953766691861,0.2993329554043842,-0.4987329931972795,0.8375057924076362,12.842105263157896,259.34900000000005,238.18099999999995,259.157228912,102,0,0.1267586916535054,-0.4901950231232891,0.4901950231232891,0.1267586916535054,1.105263157894737,1.8421052631578947,2.6315789473684212,16.489516152072355,10.110876783104924,2.0714360516187775,-2.154917035299032,2.245590993589873,-2.346909974736161,5.8764155064904475,0.10525035922746905,2.4242917581827936,1.9779417823071141,519.6427894422644,13.664925939000156,11.465827871043551,11.465827871043551,9.16470379794645,6.685791019114888,6.685791019114888,5.0050612108958275,5.0050612108958275,2.9425786417040287,2.9425786417040287,1.9381932675812228,1.9381932675812228,-1.5799999999999996,22327.72709286353,13.84252142964087,6.547124220490315,3.9447395719001546,113.76036150292278,15.160178952647087,18.460360185545124,0,0,0,0,0,0,0,0,50.245676810150904,11.452591282926406,17.97282144952533,0,9.843390348640755,10.772448428929591,0,5.316788604006331,0,25.993281616277514,13.151638370425493,42.46456947923127,0,5.749511833283905,10.05365155780638,0,5.749511833283905,0,30.40397298216246,0,0,13.847474399381248,42.46456947923127,0,10.772448428929591,0,41.489999999999995,6.103966387748303,5.106527394840706,0,0,19.193479199573453,16.521960262213497,0,0,30.33183534230805,31.296997140310797,4.736862953800049,5.723354119425549,0,0,15.258388238011253,0,0.8210156840513985,14.411528118963636,-0.4987329931972795,4.951113499412111,0,0.375,19,2,3,0,0,0,0,2,0,2,1,0,3,2,3,0,6,0,0,0,0,1,4.769931964455682,2,2.5775000000000006,78.58850000000005,0,1,1,0,0,0,0,0,0,0,0,0,0,0,0,0,1,0,0,0,0,0,0,0,0,0,0,0,0,0,0,0,0,0,2,0,1,0,0,0,0,1,0,0,0,0,0,0,0,0,0,0,0,0,0,0,0,0,0,0,0,0,0,0,0,0,0,0,0,0,0,0,0,0,0,0,0,0,0,0,0,0,0,0,0
QUININE,11.151855158730157,11.151855158730157,0.17754724111866937,-0.503544973544974,0.8776016184783941,30.25,324.4240000000001,300.232,324.183778008,126,0,0.11912444576873175,-0.4967429396078586,0.4967429396078586,0.11912444576873175,1.4166666666666667,2.2916666666666665,3,16.465326529228705,9.733491935974545,2.417618062118934,-2.502699692920638,2.417007461998577,-2.5441325749655315,5.834889374235317,-0.04444143492917721,2.6616583780599465,1.6870853618182944,760.3873010425311,16.681433796945207,14.058925674792736,14.058925674792736,11.707039898056808,8.682990361275793,8.682990361275793,6.97439365893587,6.97439365893587,5.8194843766095925,5.8194843766095925,4.44430603425086,4.44430603425086,-1.9099999999999997,512499.65903706464,15.60801064990268,6.187607918654215,2.5024063339993896,142.3134262032049,9.843390348640755,5.749511833283905,0,0,0,0,9.883888251797686,0,0,6.578935683598497,6.076020106833881,61.051131509630814,24.169665021138407,18.730464646642098,9.843390348640755,10.902924932081056,0,9.883888251797686,11.835812092322787,24.987450462748285,20.199310353102682,48.68071912758889,0,5.749511833283905,4.736862953800049,0,5.749511833283905,0,41.23156682888903,0,11.835812092322787,24.509061125297315,43.11726763589189,0,10.902924932081056,0,45.59,6.103966387748303,5.106527394840706,0,6.041840829147961,11.835812092322787,41.72622269181311,6.4208216229260096,13.30664111289061,24.26546827384644,22.538844042230064,4.736862953800049,5.3495717015634945,0,6.858526575753758,12.13080666834635,1.8461944391954317,2.0068593648815507,7.95765726390546,5.620374760237224,6.068442171961847,1.661567054154883,0.45,24,1,4,0,3,3,0,1,1,2,5,2,4,1,4,4,4,0,3,3,0,1,4.024010428824048,5,3.1732000000000014,95.02680000000007,0,1,1,0,0,1,0,0,0,0,0,0,0,0,0,2,0,0,0,0,0,0,0,0,0,0,0,0,0,0,0,0,0,0,1,0,4,0,0,0,0,1,0,0,0,0,0,0,0,0,0,0,0,0,0,1,0,0,0,0,0,0,0,0,0,0,0,0,0,3,0,0,0,1,0,0,0,0,0,0,0,0,0,0,0
RISPERIDONE,13.391455125428823,13.391455125428823,0.16054179316354622,-0.30288331320204875,0.6577452185749303,18.066666666666666,410.4930000000003,383.27700000000016,410.211804324,158,0,0.2564803735497416,-0.355890958706732,0.355890958706732,0.2564803735497416,1.2,2.033333333333333,2.8666666666666667,19.142148142069527,9.912007692616625,2.254503461461032,-2.30903430361653,2.323602509376713,-2.3688536158765086,5.794442161089757,0.2107944098849608,3.1679844987412777,1.2328492308842516,1128.1689101168888,20.66456146007064,17.363784324560765,17.363784324560765,14.597356788324023,10.963062134042449,10.963062134042449,8.580102500215455,8.580102500215455,6.694743712192054,6.694743712192054,4.943831929390462,4.943831929390462,-2.539999999999999,12434275.79786954,19.42507820908214,7.945993904374621,3.5548338156190753,174.23929709545143,9.423004667823825,11.64162533904582,5.583020141642242,0,5.559266895052007,0,9.361636831863176,9.374393568622027,0,0,5.156663257125445,64.25009226306904,48.138211250384416,5.693927994848461,8.913509984648169,10.969244356107037,0,19.607651156714486,0,57.911329389320656,19.634269217737724,57.14583810494839,0,0,5.559266895052007,4.39041504767482,0,0,39.241920374452214,19.386399651764595,12.740958040736519,54.37690451725928,27.51673332643,0,10.969244356107037,0,64.16,0,9.184952231746642,0,11.3764877360979,11.500926187803636,92.86589155506502,12.13273413692322,6.06636706846161,11.49083684748198,10.056572987975922,9.507073457920555,20.61639405905525,0,20.05844080987514,5.145664014026554,3.380492052384917,0.9737534052999743,4.627242259171112,5.810256603119455,5.554423463734266,0,0.5217391304347826,30,0,6,0,2,2,0,1,2,3,0,0,5,0,7,4,4,0,1,1,0,0,5.145051768045565,5,3.5904200000000026,112.25800000000005,0,0,0,0,0,3,0,0,0,0,0,0,0,0,0,4,0,0,0,0,1,0,0,0,0,0,0,0,0,0,2,0,0,0,1,0,2,0,0,0,0,0,0,0,1,0,0,0,0,0,0,0,0,0,0,0,0,0,0,0,0,0,0,0,0,0,0,0,0,1,0,0,0,0,0,0,0,0,0,0,0,0,0,0,0
SUMATRIPTAN,11.617422752311821,11.617422752311821,0.011647376543209909,-3.23126930324599,0.8445712183265353,12.4,295.408,274.24,295.135447912,110,0,0.2150252819796549,-0.36088894817480094,0.36088894817480094,0.2150252819796549,1.3,2.05,2.7,32.23322662882131,10.081574263372342,2.1059655603534746,-2.0836489615807823,2.210651020618739,-2.1983617219759832,7.881932122730708,0.4139788979588965,2.781535896714449,2.293411510347588,689.5069699952306,14.750712376627062,12.102679887209694,12.91917646813742,9.409815381593782,6.559278492265592,8.211543718585748,5.210335183288201,7.136754360554008,3.3278797192314253,4.663261348185828,2.157824550963068,2.92055269010132,-1.37,31461.95252773713,15.027158953632522,5.948317132030925,3.592166601280715,119.58235250485261,9.883888251797686,0,0,10.023291153407584,0,0,0,13.139891848781026,0,0,6.06636706846161,50.82347469127478,23.64452490960671,5.752853606746789,8.417796984328938,20.92621608548864,0,14.605983116249774,0,12.1736752296728,27.687772353944144,35.5228477603919,0,0,4.722094864452088,0,0,0,45.989457590070764,22.196966383080383,0,11.126902983393991,24.395944776997908,0,10.902924932081056,0,65.2,10.023291153407584,8.417796984328938,0,5.752853606746789,0,29.43195445261664,12.611123474374185,0,38.49128874235229,14.605983116249774,0,25.578971566702897,0,5.365425301293357,1.1070861678004538,3.068815192743765,0.011647376543209909,5.754139266817838,2.9441949326026706,0.9642808720710506,2.2887726567580913,0.42857142857142855,20,2,5,0,0,0,0,1,1,2,0,0,3,2,6,1,6,0,0,0,0,0,4.469315352482212,2,1.3211999999999997,82.24020000000004,0,0,0,0,0,1,1,0,0,0,0,0,0,0,0,1,2,0,0,1,0,1,0,0,0,0,0,0,0,0,0,0,0,0,1,0,1,0,0,0,0,0,0,0,0,0,0,0,0,0,0,0,0,0,0,0,0,0,0,0,0,0,0,0,0,0,0,0,0,0,0,0,0,0,0,0,1,0,0,0,0,0,0,0,0
TEMAZEPAM,12.10548689846309,12.10548689846309,0.46805224867724804,-1.4200170068027227,0.879421465403288,18.047619047619047,300.74500000000006,287.641,300.066555336,106,0,0.27805646025180286,-0.36412628307786404,0.36412628307786404,0.27805646025180286,1.1904761904761905,1.9047619047619047,2.619047619047619,35.4956914077177,10.002047241840083,2.279803682276589,-2.183376631743537,2.291685440223768,-2.3395925797320967,6.315610889968904,-0.12531339318866236,2.590656325456055,2.2716729569381777,728.3117647975776,14.982763184195939,11.324005972679599,12.079934918698054,10.075387400469408,6.4649307588111204,6.842895231820348,4.776126255531088,5.2125620360030736,3.4251441634208657,3.6602412662086046,2.3554435284670134,2.5275465524198806,-2.169999999999999,74196.39716106141,13.796676031583202,5.313400174373422,2.435662020065429,126.85661286480315,10.006437125691182,0,0,6.22790117073487,5.907179729351506,0,4.794537184071822,4.992404732635668,0,0,41.932775232540564,18.19910120538483,23.197208279812507,11.399071277454265,9.901064578912528,28.907190897038284,0,0,4.992404732635668,6.22790117073487,11.947581713527667,64.6804728448282,0,0,4.899909730850477,5.687386274683562,0,11.600939890232516,30.00096528037497,4.794537184071822,0,11.126902983393991,53.523341280328545,5.022633313741326,0,0,52.900000000000006,12.135080900086376,9.901064578912528,0,0,16.42170459119559,11.126902983393991,4.899909730850477,25.24677318806202,30.33183534230805,4.992404732635668,11.600939890232516,0,6.082253418857254,17.686536281179137,10.54018046107332,2.7695553036029237,-0.46805224867724804,14.641146209512609,-1.4200170068027227,0,1.6128420256991685,0.125,21,1,4,0,1,1,1,2,0,2,1,0,3,1,5,1,1,0,0,0,0,1,3.4908219443803707,3,2.4722,82.94980000000002,0,1,1,0,0,0,0,0,0,0,1,1,0,0,1,2,0,0,0,1,0,0,0,0,0,0,0,1,0,1,0,0,0,0,2,1,1,0,0,0,0,0,0,0,1,0,0,0,0,0,0,0,0,0,0,0,0,0,0,0,0,0,0,0,0,0,0,0,0,0,0,0,0,0,0,0,0,0,0,0,0,0,0,0,0
TIMOLOL,9.946664304610733,9.946664304610733,0.025666754164680006,-0.5801257663559254,0.790985307512128,17.80952380952381,316.4270000000002,292.23500000000007,316.156911628,120,0,0.27045924102168106,-0.4715971466666149,0.4715971466666149,0.27045924102168106,1.380952380952381,2.0952380952380953,2.761904761904762,32.14068250360465,10.102367689689988,2.205332599858665,-2.2672893868568256,2.2577480674421784,-2.421922911091918,6.991050422833855,0.097461445242087,2.9129600854633653,1.8158752867915076,429.2960174181891,15.29468245099708,12.833590209700336,13.650086790628063,9.955308359696607,7.166822707238256,7.897119450578478,6.088132381806424,6.616580069662079,3.033390983629014,3.535449742992379,1.89313673304818,2.413376358959236,-0.9600000000000002,59622.46702926416,16.411192297127325,7.347621671258034,5.385438987782126,129.13279449954695,24.796951637297614,12.71084835226122,0,5.817862777835028,5.879988336435371,0,0,0,4.3735399814164495,4.3735399814164495,0,20.771211599071872,25.17319447012107,24.94195127422445,14.580253302440804,17.54605012303364,0,14.06386856683923,0,32.41410323920352,44.35482484212695,0,0,5.879988336435371,14.953561288656857,5.817862777835028,5.879988336435371,11.728187345198613,64.95141410908172,4.736862953800049,0,20.771211599071872,0,0,0,0,79.74,6.103966387748303,5.106527394840706,0,12.145807216896262,25.638508671373785,30.635562934858793,0,0,0,39.734989896761576,9.473725907600098,19.394052351413933,1.1244011925757955,2.0993237433862433,13.186005032025054,-0.025666754164680006,1.2462863362937773,0,-0.5801257663559254,9.805723864825806,0,0.8461538461538461,21,2,7,0,1,1,0,0,1,1,1,0,8,2,8,2,6,0,1,1,0,0,5.742058674931222,2,0.5024999999999997,82.19850000000004,0,1,1,0,0,2,0,0,0,0,0,0,0,1,0,3,1,0,0,0,0,0,0,0,0,0,0,0,0,1,0,0,0,0,0,0,0,0,0,0,0,2,0,0,0,0,0,0,0,0,0,0,0,0,0,0,1,0,0,0,0,0,0,0,0,0,0,0,0,0,0,0,0,0,0,0,0,0,0,0,0,0,0,0,0
TRIPROLIDINE,4.53630574452003,4.53630574452003,1.0136746504157217,1.0136746504157217,0.8424584892829,16.333333333333332,278.399,256.22299999999996,278.178298704,108,0,0.07047373653584182,-0.29965158492313515,0.29965158492313515,0.07047373653584182,1.0952380952380953,1.8571428571428572,2.5238095238095237,15.127570918687601,10.00212921644499,2.1132969735418734,-2.1373020268940066,2.2223030905527534,-2.1873221041996422,5.775558967804387,0.37737637024637816,3.0364011161097646,1.9000053066067313,593.223297077164,14.493353063746348,12.62611351963929,12.62611351963929,10.326499840494924,7.7374547502470605,7.7374547502470605,5.706517539928642,5.706517539928642,4.055710350972486,4.055710350972486,2.8110881125361886,2.8110881125361886,-1.9299999999999997,126994.4402801748,14.026132168654264,6.682521574073874,3.586721213848961,126.69208170617026,0,0,0,0,0,0,9.883888251797686,0,0,0,41.97130694083893,50.551078885988005,18.314704507594918,5.693927994848461,0,5.5731045300692665,0,9.883888251797686,0,19.765380445542643,19.634269217737724,71.5582641359207,0,0,0,0,0,0,29.51815746953541,0,6.923737199690624,29.662474224094474,54.737433157678225,0,5.5731045300692665,0,16.130000000000003,0,0,0,0,0,12.238684400761036,42.631163571140426,0,12.263210640074686,59.28184796909184,0,0,0,7.0473474111866965,0,4.83352843915344,0,14.843465346014948,6.861231946865063,5.581093523446517,0,0.3157894736842105,21,0,2,0,1,1,0,1,1,2,0,0,2,0,2,2,4,0,1,1,0,0,4.463330038944938,3,3.9175200000000032,88.16900000000005,0,0,0,0,0,1,0,0,0,0,0,0,0,0,0,2,0,0,0,0,1,0,0,0,0,0,0,0,0,0,1,0,0,0,1,0,0,0,0,0,0,0,0,0,0,0,0,0,0,0,0,0,0,0,0,0,0,0,0,0,0,0,0,0,0,0,0,0,0,0,0,0,0,1,0,0,0,0,0,0,0,0,0,0,0
VENLAFAXINE,11.101926886495338,11.101926886495338,0.17009826152683227,-0.5584241543839756,0.8976823731418612,19.85,277.4079999999999,250.19199999999995,277.204179104,112,0,0.11837813255948945,-0.49676821574830976,0.49676821574830976,0.11837813255948945,1.15,1.75,2.25,16.465295305048528,9.723569294088588,2.3829439768978364,-2.4047604985956736,2.4008479006290617,-2.4241303120885016,5.311261691006078,-0.027725883804691244,2.4535201270100093,2.2507375789507775,407.50311001590353,14.58757566981053,12.932067514531196,12.932067514531196,9.548660601927534,7.560706736348482,7.560706736348482,6.2522245832248435,6.2522245832248435,4.433918253019514,4.433918253019514,3.2994143959316062,3.2994143959316062,-1.06,32347.209354499963,15.331143339748435,6.59472130944262,3.52569093341468,122.10754787623671,14.743300079491233,5.749511833283905,0,0,0,0,0,0,0,0,31.395199005701247,44.63317283982662,12.462662452073968,12.710848352261221,9.843390348640755,0,0,4.899909730850477,0,43.623064971775136,27.74989791254449,29.828919765543436,0,5.749511833283905,4.736862953800049,0,5.749511833283905,0,43.357385849219355,0,0,43.58546565248844,24.26546827384644,0,0,0,32.7,5.601050810983688,5.106527394840706,0,5.917906046161393,0,37.97755473090052,11.984273114623004,7.109797541277533,12.13273413692322,31.127987833128078,4.736862953800049,5.227714632149156,0,2.1681294879062736,11.101926886495338,0.6535202900604691,1.038604759805156,8.174118008314437,5.349052659835489,0.8778063586545729,5.825793583445774,0.6470588235294118,20,1,3,1,0,1,0,1,0,1,1,0,3,1,3,0,5,1,0,1,0,1,5.055230884037915,2,3.0356000000000014,82.32380000000005,0,1,0,0,0,0,0,0,0,0,0,0,0,0,0,1,0,0,0,1,0,0,0,0,0,0,0,0,0,0,0,0,0,0,1,0,0,0,0,0,0,1,0,0,0,0,0,0,0,0,0,0,0,0,0,1,0,0,0,0,0,0,0,0,0,0,0,0,0,0,0,0,0,0,0,0,0,0,0,0,0,0,0,0,0
VERAPAMIL,10.242105340554598,10.242105340554598,0.16451030641364595,-0.5796218690994228,0.41990487617646394,12.848484848484848,454.6110000000002,416.30700000000024,454.28315769599993,180,0,0.16054431752689396,-0.4928699786635633,0.4928699786635633,0.16054431752689396,0.8484848484848485,1.4242424242424243,1.9696969696969697,16.512200901098854,9.694752867535856,2.3593277045457053,-2.3227917977454795,2.4007298107357347,-2.323057175160695,5.471867144281714,0.2922567453199411,2.840656625635782,2.023333418849267,938.2039770028955,24.432510652501765,21.10440614311549,21.10440614311549,15.842432787502407,11.379315865652575,11.379315865652575,8.653784144576882,8.653784144576882,6.4248752849762125,6.4248752849762125,4.225326818167964,4.225326818167964,-2.9099999999999997,15777873.299051952,26.343179198047235,12.362155765232773,6.326433951969804,198.5692233112098,23.847361546050674,0,22.99804733313562,0,0,0,0,0,5.261891554738487,0,25.98020853630447,74.16517056076962,6.544756405912575,39.92340194729918,18.947451815200196,0,5.261891554738487,4.899909730850477,5.917906046161393,38.52492973755606,48.576374959612465,47.52510539416365,0,29.067268645927893,18.947451815200196,0,22.99804733313562,0,53.47628469046295,11.835812092322788,17.249018913692154,37.81602062862726,36.39820241076966,0,0,0,63.95,5.414990469396779,5.261891554738487,0,5.917906046161393,11.49902366656781,49.41445283886799,5.563451491696996,28.439190165110134,30.33183534230805,37.9306444941628,18.947451815200196,21.583324082126502,0,2.3132679568741077,10.242105340554598,1.604647476298846,2.987343778726826,14.511702267869502,2.611084525448425,6.060729342286188,8.669128563148337,0.5185185185185185,33,0,6,0,0,0,0,2,0,2,1,0,6,0,6,0,13,0,0,0,0,1,9.86843892720302,2,5.093080000000005,131.65600000000003,0,0,0,0,0,0,0,0,0,0,0,0,0,0,0,2,0,0,0,1,0,0,0,0,0,0,0,0,0,0,0,0,0,0,2,0,0,0,0,0,0,4,0,0,0,0,0,0,0,0,0,0,0,0,0,4,0,1,0,0,0,0,0,0,0,0,0,0,0,0,0,0,0,0,0,0,0,0,0,0,0,0,0,0,0
ZIDOVUDINE,11.70027415595868,11.70027415595868,0.26456065759637215,-0.6706481481481485,0.4454004294146897,26.105263157894736,267.245,254.14099999999996,267.096753896,102,0,0.3299584893561765,-0.3936655723867071,0.3936655723867071,0.3299584893561765,1.6842105263157894,2.4210526315789473,3.0526315789473686,16.528974578410416,10.135600219652757,2.352318860344147,-2.143695619269721,2.291623575053565,-2.330716339132777,5.019191038624533,-0.02711456484104217,2.770402711217943,2.3418569370217903,629.5425620141572,13.991199352633217,10.18442748802298,10.18442748802298,9.062080607913938,5.690837383582931,5.690837383582931,4.298380370431165,4.298380370431165,3.0401842974485507,3.0401842974485507,2.0380975383013538,2.0380975383013538,-2.09,22562.15968015893,13.344207765672458,5.268544354094518,2.525949955530779,106.62903730140096,9.843390348640755,6.22790117073487,0,0,5.559266895052007,5.689743398203474,14.345615352810384,4.794537184071822,0,0,5.114250125629398,12.454866198475877,23.092828333488544,18.75268918140918,9.843390348640755,0,0,9.551078168738563,5.114250125629398,31.718267210247767,6.606881964512918,43.041220370746906,0,0,11.24901029325548,0,0,0,33.41029474498845,4.736862953800049,6.923737199690624,18.212174285357875,20.900168065386115,0,10.442840646037716,0,133.07999999999998,29.622718680886614,9.589074368143644,0,13.027703587438928,5.563451491696996,0,10.763943219404432,6.923737199690624,0,15.009940293829068,15.374519347426006,6.692031368102797,0,27.83457096843686,12.671790412152514,7.755911625835418,0,-0.5424683484504917,0.32880149281934923,1.2593624811035524,0,0.6,19,2,9,0,1,1,0,0,1,1,3,0,5,2,9,2,3,0,1,1,0,0,3.7002394991419916,2,-0.19628000000000012,64.60650000000003,0,1,1,0,0,2,1,0,0,0,0,0,0,0,0,4,1,0,0,0,0,1,0,0,0,0,0,0,0,0,1,1,0,0,0,0,0,0,0,0,0,1,0,0,0,0,0,0,0,0,0,0,0,0,0,0,0,0,0,0,0,0,0,0,0,0,0,0,0,0,0,0,0,0,0,0,0,0,0,0,0,0,0,0,0
ZOLPIDEM,12.261272570756697,12.261272570756697,0.07098870412362501,0.07098870412362501,0.7446971593088008,10.956521739130435,307.39700000000005,286.22900000000004,307.168462292,118,0,0.22758857712955768,-0.3484847598327436,0.3484847598327436,0.22758857712955768,1.0434782608695652,1.6956521739130435,2.347826086956522,16.152093157172157,10.065564161186726,2.175524269517211,-2.1123534292086523,2.256947579763778,-2.2391176365187,5.80939581518383,-0.12752749537760658,2.85788372521158,2.190011179114441,860.2021521816745,16.560113453385565,13.998447742477667,13.998447742477667,10.952397498181153,7.702616938079144,7.702616938079144,6.172722899541878,6.172722899541878,4.007823471620387,4.007823471620387,2.61242805207846,2.61242805207846,-2.62,190014.97312186752,15.282399930999288,5.875869234240426,2.97220473110977,135.93731415834662,9.30060433711227,5.647177220767728,0,5.907179729351506,0,0,4.794537184071822,4.983978520947208,0,0,35.89528683400505,25.477292959539852,25.855639028664452,17.80867761262293,4.794537184071822,11.554356950119233,0,14.28458285805948,0,20.268296022307258,14.09534396535438,59.41587696062519,0,11.257379486545457,0,0,0,0,34.287106552765366,11.21535880699783,13.847474399381248,16.82083097824245,42.595045982382736,0,16.904556707313183,0,37.61000000000001,0,4.794537184071822,0,5.907179729351506,6.4208216229260096,28.16193619385864,5.563451491696996,18.995253696204855,29.654009514488717,31.18920547353706,4.983978520947208,2.033654572940287,0,18.638739082052574,0,6.075442649281936,0.07098870412362501,12.306497123540774,2.3741333616780045,4.106974022633745,3.560237150415722,0.2631578947368421,23,0,4,0,0,0,1,1,2,3,0,0,2,0,4,2,3,0,0,0,0,0,3.9042340686920314,3,3.2488400000000013,92.50000000000003,0,0,0,0,0,2,0,0,0,0,1,1,0,0,0,3,0,0,0,1,0,0,0,0,0,0,0,1,0,0,2,0,0,0,1,0,1,0,0,0,0,0,0,0,0,0,0,1,0,0,0,0,0,0,0,0,0,0,0,0,0,0,0,0,0,0,0,0,0,0,0,0,0,1,0,0,0,0,0,0,0,0,0,0,0
ABACAVIR,9.257136034727123,9.257136034727123,0.16224537037037035,0.16224537037037035,0.7272302824304794,24.80952380952381,286.33900000000006,268.19499999999994,286.154209196,110,0,0.22361307716644327,-0.39576253916630044,0.39576253916630044,0.22361307716644327,1.3333333333333333,2.1904761904761907,2.9047619047619047,16.251019687994113,10.10401050220746,2.2567356376180854,-2.1276903641210527,2.3225435841429527,-2.0998531664929465,5.841249213414534,0.24441428155493922,3.007394698504424,1.7339568373952159,704.7972989715104,14.396976746569035,11.605946986573365,11.605946986573365,10.241514740667453,7.301056943267136,7.301056943267136,5.803680855058162,5.803680855058162,4.098384016973035,4.098384016973035,2.7921243136477862,2.7921243136477862,-2.1500000000000004,128289.44304880172,12.580123737360514,4.696423830473371,2.2293171590176106,121.45834382482485,20.724083123800575,0,16.98174071621902,5.948339280986494,0,0,0,4.983978520947208,9.967957041894415,0,12.152040213667762,19.26246486877803,18.566628839822272,12.369160903912501,5.106527394840706,22.930079997205514,0,19.51903521063298,5.917906046161393,31.34614652707395,17.657338045681435,18.479360288432304,0,0,11.050456081168516,11.766202058821523,0,0,37.27428539913457,0,5.917906046161393,25.30430569792599,18.479360288432304,0,11.16387793838399,0,101.88,0,5.106527394840706,0,24.514968120808767,6.041840829147961,36.24420558499705,0,6.3273200747645415,10.643119754625236,26.344744273681833,5.733667477162185,2.0115192743764174,0,13.083932350718065,12.615718958637428,7.3497308830939785,1.183530617493911,0.646315480138081,9.104055755018056,0.17186334719072827,0,0.5,21,4,7,2,0,2,0,0,2,2,2,0,6,3,7,2,4,1,0,1,0,0,2.813409186211602,4,1.0922999999999998,79.74990000000001,0,1,1,1,0,4,0,0,0,0,0,0,0,0,0,4,1,1,0,0,0,0,0,0,0,0,1,0,0,2,0,0,0,0,0,0,1,0,0,0,0,0,0,0,0,0,0,1,0,0,0,0,0,0,0,0,0,0,0,0,0,0,0,0,0,0,0,0,0,0,0,0,0,0,0,0,0,0,0,0,0,0,0,0,0
APIXABAN,13.632785789680632,13.632785789680632,0.10905265747010828,-0.6663765859915538,0.6307445123645382,15.911764705882353,459.5060000000003,434.3060000000003,459.19065428,174,0,0.2768288967031389,-0.49676586634876047,0.49676586634876047,0.2768288967031389,0.8823529411764706,1.5294117647058822,2.1470588235294117,16.465335972448393,10.018143051268495,2.3432667529445963,-2.29426341646131,2.3061964202344827,-2.389374567094676,6.09331030804944,-0.11906101978223893,3.258192617422268,1.490393719188536,1263.7081799817347,23.81926199844989,18.8606406536812,18.8606406536812,16.47356554823633,11.260964313548314,11.260964313548314,8.375518044050278,8.375518044050278,6.363494382159523,6.363494382159523,4.605828052080912,4.605828052080912,-4.14,79350127.26686567,21.692447215855985,8.659759666570226,3.6844657360340016,196.24825339255113,20.27034989266319,11.443439828132366,5.693927994848461,5.907179729351506,11.814359458703011,0,14.383611552215466,4.681802935145184,5.098681808301038,0,0,67.79340141647091,36.44855847581528,12.797183815961095,19.120474506015512,29.09631173742164,0,9.780484743446221,5.733667477162185,25.683286491704038,29.99912981480364,65.4822440290868,0,11.436898107967467,20.27034989266319,11.374772549367124,5.749511833283905,0,47.70133428460341,11.21535880699783,0,45.80284671831559,48.53093654769288,0,5.687386274683562,0,110.75999999999999,5.907179729351506,14.383611552215466,0,17.50828745355147,54.312819926873644,18.52902952053558,4.681802935145184,41.17508527682493,24.26546827384644,5.098681808301038,10.470530430962235,6.6900459277176125,0,41.39548691171482,4.388878756743045,8.727562659095746,-0.1394687066009226,14.513339814867384,2.916838696460001,1.1007298839893416,1.5732527226796433,0.28,34,2,9,0,2,2,3,2,1,3,0,0,5,1,9,3,5,0,1,1,0,0,5.525040572619801,5,2.699600000000001,126.66040000000002,0,0,0,0,0,2,0,0,0,0,3,3,0,0,0,4,0,1,0,0,0,0,0,0,0,0,0,3,0,2,0,0,0,0,2,0,1,0,0,0,0,1,0,0,0,0,0,0,0,0,0,0,0,0,0,1,0,0,0,0,0,0,0,0,0,0,0,0,0,1,0,1,0,0,0,0,0,0,0,0,0,0,0,0,0
BUDESONIDE,13.22687894012186,13.22687894012186,0.01252884332745463,-1.2007990310321661,0.7124527920741569,50.354838709677416,430.5410000000002,396.2690000000002,430.2355388079999,170,0,0.1927450200905938,-0.392760680919268,0.392760680919268,0.1927450200905938,1.3225806451612903,2.096774193548387,2.806451612903226,16.744628256918226,9.45885544880539,2.7517818840498136,-2.593456940420031,2.692420130323596,-2.631933922776378,6.008194216652842,-0.20002559714269053,3.199900200493744,1.5536140768455642,862.0735282455938,22.181433796945203,18.673320243867835,18.673320243867835,14.707527990726081,11.80697355342905,11.80697355342905,10.725167506633191,10.725167506633191,9.371349774061866,9.371349774061866,8.122912201539377,8.122912201539377,-1.34,11435336.15109527,21.502813864413955,7.077732320442025,2.6509012112996055,183.22810210482677,19.68678069728151,6.606881964512918,23.45756743304878,0,0,0,9.589074368143644,0,0,0,38.84115785890103,56.091960420620595,16.747886984954953,12.207932775496605,29.275855065425155,11.566489892729878,0,0,28.583699077277736,83.39515165244345,6.606881964512918,23.80116485057091,0,0,0,0,0,0,52.485436962739705,19.06280027574374,28.583699077277736,59.296141336627926,23.80116485057091,0,0,0,93.06,36.1208827497252,19.802129157825057,0,34.735198500610835,19.26246486877803,24.835569398847294,0,12.152040213667762,6.076020106833881,20.771211599071872,9.473725907600098,12.663810702885378,0,25.208902687328237,21.409031293408894,-1.0469771787655986,0.027438757376094358,0,8.313972413546814,5.673821324220179,0,0.76,31,2,6,4,1,5,0,0,0,0,9,0,6,2,6,1,4,3,1,4,0,1,4.90939227963263,5,2.7168000000000014,112.86660000000005,0,2,2,0,0,0,0,0,0,0,2,2,0,0,0,0,0,0,0,0,0,0,0,0,0,0,4,0,0,0,0,0,0,0,0,0,7,0,0,0,0,2,0,0,0,0,0,0,0,0,0,2,1,0,0,0,0,0,0,0,0,0,0,0,0,0,0,0,0,0,0,0,0,0,0,0,0,0,0,0,0,0,0,0,0
DOXAZOSIN,12.991396627675694,12.991396627675694,0.08339983186442268,-0.651427246076486,0.6334640734356928,17.696969696969695,451.4830000000003,426.28300000000024,451.1855689,172,0,0.2668914804037658,-0.4928420722519821,0.4928420722519821,0.2668914804037658,1.0303030303030303,1.7272727272727273,2.4545454545454546,16.57544827238361,10.172546963635495,2.3281907951376284,-2.367973356785786,2.343332429757809,-2.5400887274380493,5.914687662154379,-0.14105360785506127,2.868323091673,1.2831493867179924,1195.3208218040518,22.94901851044682,18.484431893768896,18.484431893768896,16.067213243362943,10.685695919867305,10.685695919867305,7.809754065513631,7.809754065513631,5.876953047095289,5.876953047095289,4.079722081105177,4.079722081105177,-3.9499999999999997,45997301.068288095,20.925167364351914,8.530792550820328,3.8791095225649475,190.357535597191,34.48093875406334,12.424744742347947,22.99804733313562,12.052305668734796,5.907179729351506,0,4.794537184071822,4.983978520947208,4.983978520947208,0,12.13273413692322,18.19910120538483,37.63161690657671,19.736295800171327,23.741988999272017,28.576306720254085,0,14.867866772744893,0,6.103966387748303,57.63907987873095,36.39820241076966,0,22.99804733313562,29.58102902321286,11.766202058821523,22.99804733313562,0,73.88451556056297,4.794537184071822,0,0,36.39820241076966,0,10.902924932081056,0,112.27000000000001,6.103966387748303,4.794537184071822,0,12.514061693864424,71.84619994768849,0,0,37.318606018790376,23.099010936235306,9.967957041894415,24.681119292362382,22.29180629950053,0,25.96591199217413,0.6943909803843622,6.888474894031282,3.183564411056672,10.919660076752763,-0.651427246076486,2.3979243978490907,3.1430275276609914,0.34782608695652173,33,2,10,0,2,2,1,2,1,3,1,0,9,1,10,3,4,0,1,1,0,1,5.409341268984302,5,1.7177999999999993,122.20040000000006,0,0,0,1,0,2,0,0,0,0,1,1,0,0,0,4,0,1,0,0,0,0,0,0,0,0,0,1,0,2,0,0,0,0,2,0,2,0,0,0,0,4,0,0,0,0,0,0,0,0,0,0,0,0,0,2,0,0,0,0,0,0,0,0,2,0,0,0,0,0,1,0,0,0,0,0,0,0,0,0,0,0,0,0,0
ESTRADIOL,10.372486615016376,10.372486615016376,0.08827338960275477,-0.08827338960275477,0.757169743555686,42.7,272.3879999999999,248.19599999999994,272.177630008,108,0,0.1153706182642203,-0.5079560321952997,0.5079560321952997,0.1153706182642203,1.15,2,2.85,16.2691371777685,9.552114097841626,2.5378422381153785,-2.4966273038731734,2.603738953521028,-2.4342116515199104,5.396715522090725,-0.022575026859025897,2.7412569097074844,1.7111998765070118,538.2198018097884,13.905412915006313,12.178519762446586,12.178519762446586,9.593172145670254,8.092631572702832,8.092631572702832,7.436274352474407,7.436274352474407,6.660103851837375,6.660103851837375,5.541204479556272,5.541204479556272,-1.02,62569.18896407333,12.700482099286223,4.2366779154371,1.604791759224291,120.38168253606061,10.213054789681411,5.749511833283905,0,0,0,0,0,0,0,0,12.990104268152233,84.95327546575423,0,6.103966387748303,10.213054789681411,0,0,0,17.250802561719567,57.47053937115639,0,29.32600418877882,0,5.749511833283905,0,0,5.749511833283905,0,16.317021177429716,6.4208216229260096,17.250802561719567,56.07265434387607,18.19910120538483,0,0,0,40.46,0,10.213054789681411,0,11.518956857145081,17.585323925606694,25.18037091493942,30.38936785217202,0,12.13273413692322,12.990104268152233,0,0,0,0,20.0496733276644,2.991817090262031,2.488895646993365,5.955254314688839,6.780339821113632,2.3173531326110695,0,0.6666666666666666,20,2,2,3,0,3,0,1,0,1,5,0,2,2,2,0,0,2,0,2,0,0,2.6903926012725075,4,3.6092000000000026,78.73060000000005,0,1,1,0,0,0,0,1,0,0,0,0,0,0,0,0,0,0,0,0,0,0,0,0,0,0,0,0,0,0,1,0,0,0,1,0,5,0,0,0,0,0,0,0,0,0,0,0,0,0,0,0,0,0,0,0,0,0,0,0,0,0,0,0,0,1,1,0,0,0,0,0,0,0,0,0,0,0,0,0,0,0,0,0,0
ALCOHOL,7.569444444444445,7.569444444444445,0.25,0.25,0.4068079656553945,6,46.069,40.021,46.041864812,20,0,0.040220581749086416,-0.3966637147812598,0.3966637147812598,0.040220581749086416,2,2,2,16.248991329327918,10.90816803508637,1.3402935186707778,-1.52235869276019,1.2962426382141041,-1.568363547035574,3.835802335589486,0.3184056131739115,0.9182958340544897,1.6329931618554523,2.754887502163469,2.7071067811865475,2.1543203766865053,2.1543203766865053,1.4142135623730951,1.0233345472033855,1.0233345472033855,0.3162277660168379,0.3162277660168379,0,0,0,0,-0.04,2.754887502163469,2.9600000000000004,1.96,1.9600000000000033,19.89842689442217,5.106527394840706,0,0,0,0,0,0,0,0,0,0,6.923737199690624,6.606881964512918,0,5.106527394840706,0,0,0,0,6.923737199690624,6.606881964512918,0,0,0,0,0,0,0,11.713409359353623,0,0,6.923737199690624,0,0,0,0,20.23,0,0,0,6.606881964512918,0,0,0,6.923737199690624,0,0,5.106527394840706,0,0,0,7.569444444444445,0,0,0,0,1.9305555555555556,0,1,3,1,1,0,0,0,0,0,0,0,0,0,1,1,1,0,0,0,0,0,0,0,1.9338666666666668,0,-0.0014000000000000123,12.759800000000002,0,1,1,0,0,0,0,0,0,0,0,0,0,0,0,0,0,0,0,0,0,0,0,0,0,0,0,0,0,0,0,0,0,0,0,0,0,0,0,0,0,0,0,0,0,0,0,0,0,0,0,0,0,0,0,0,0,0,0,0,0,0,0,0,0,0,0,0,0,0,0,0,0,0,0,0,0,0,0,0,0,0,0,0,0
LIDOCAINE,11.89231859410431,11.89231859410431,0.06120370370370365,0.06120370370370365,0.8489671904749567,10.647058823529411,234.343,212.16699999999994,234.173213324,94,0,0.23806613187559778,-0.324484604945174,0.324484604945174,0.23806613187559778,1.1764705882352942,1.7058823529411764,2.176470588235294,16.15013762579056,10.099692731628458,2.094433566742462,-2.1815574207486272,2.186220417838294,-2.327331479447569,5.932586126168489,-0.11679336447491702,2.307845583406121,2.680267656047493,363.55864155890856,12.836498814253964,11.208833037092342,11.208833037092342,8.078917360319544,6.164591332105107,6.164591332105107,4.276374970349688,4.276374970349688,3.007185260971884,3.007185260971884,1.8408792833076064,1.8408792833076064,-1.35,5511.1352531738175,13.713897763578274,6.4012209135305955,3.858200815473424,103.82215798852502,5.316788604006331,0,0,5.907179729351506,0,0,9.694446914922299,0,0,0,32.046575604766076,38.06389019460039,5.687386274683562,6.544756405912575,4.794537184071822,11.594566004035068,0,4.899909730850477,0,27.694948798762496,24.951057821744055,29.32600418877882,0,0,5.316788604006331,5.687386274683562,0,0,30.441358677939707,4.794537184071822,13.847474399381248,24.974377382775238,18.19910120538483,0,0,0,32.34,0,4.794537184071822,0,5.907179729351506,6.544756405912575,29.903802069902703,0,0,32.046575604766076,24.064172734238056,0,0,0,13.9924574829932,2.9969907407407406,3.167083333333334,0.06120370370370365,6.032499685059208,0,10.416431720836485,0,0.5,17,1,3,0,0,0,1,1,0,1,0,0,2,1,3,0,5,0,0,0,0,0,5.163864068837512,1,2.5837400000000006,72.33370000000005,0,0,0,0,0,0,0,0,0,0,1,1,0,0,0,1,1,0,0,1,0,0,0,0,0,0,0,1,0,1,2,0,0,0,1,0,0,0,0,0,0,0,0,0,0,0,0,0,0,0,0,0,0,0,0,0,0,0,0,0,0,0,0,0,1,0,0,0,0,0,0,0,0,0,0,0,0,0,0,0,0,0,0,0,0
LORAZEPAM,11.789372952884857,11.789372952884857,0.42032407407407435,-1.4977330561854376,0.847697894583369,17.571428571428573,321.163,311.08299999999997,320.01193292,106,0,0.27571356890795357,-0.36413207782302554,0.36413207782302554,0.27571356890795357,1.0952380952380953,1.8571428571428572,2.619047619047619,35.496784061709434,10.003897599438684,2.245789982030684,-2.1092679204133984,2.2884712591022907,-2.2427289704589244,6.364771253543565,-0.12303241188989013,2.577832796747467,2.26892535252096,759.0888790908208,14.982763184195939,10.677406580999241,12.189264473036152,10.058550648063802,6.176152470982485,6.93208141700094,4.510377961098409,5.354013868310998,3.1094747349565592,3.6741600587843433,2.1370080964316513,2.5343477678273003,-1.8799999999999992,69580.86284980763,14.073964359504131,5.483862253091111,2.6540649291266583,130.58496549069287,10.423315998847038,0,0,6.22790117073487,5.907179729351506,0,4.794537184071822,4.992404732635668,0,0,41.40098098584986,24.26546827384644,21.172169610876644,11.399071277454265,9.901064578912528,40.5081307872708,0,0,4.992404732635668,6.22790117073487,5.316788604006331,63.63673909010791,0,0,5.316788604006331,5.687386274683562,0,23.20187978046503,22.953293297697783,4.794537184071822,0,11.126902983393991,47.45697421186694,10.045266627482652,0,0,61.69,12.135080900086376,9.901064578912528,0,0,32.571240888330905,0,0,42.46456947923127,0,10.309193336642,23.20187978046503,0,12.232550880434477,15.876980977576215,13.434360433988411,2.182688019652306,-0.5966425736961447,12.090017540452397,-1.4977330561854376,0,0,0.06666666666666667,21,2,4,0,1,1,1,2,0,2,1,0,3,2,6,1,1,0,0,0,0,1,3.675222947734968,3,3.1013000000000015,83.17950000000002,0,1,1,0,0,0,0,0,0,0,1,1,0,0,1,1,1,0,0,0,0,0,0,0,0,0,0,1,0,1,0,0,0,0,2,1,1,0,0,0,0,0,0,0,2,0,0,0,0,0,0,0,0,0,0,0,0,0,0,0,0,0,0,0,0,0,0,0,0,0,0,0,0,0,0,0,0,0,0,0,0,0,0,0,0
MIRTAZAPINE,4.6790948601662885,4.6790948601662885,0.4315740740740739,0.4315740740740739,0.7292796247091088,21.65,265.36,246.20799999999994,265.157897608,102,0,0.132146520505501,-0.34674560295386825,0.34674560295386825,0.132146520505501,1.05,1.9,2.85,15.302282629702454,9.960768324216822,2.320855546486123,-2.4056425601082805,2.369490693015003,-2.467674779290045,5.557043319531109,0.26809875050193993,2.6141296973388872,1.9017661245550799,637.6371725464028,13.526733258565956,11.788870064763074,11.788870064763074,9.826499840494925,7.296230545241081,7.296230545241081,5.83315842329953,5.83315842329953,4.518013329314132,4.518013329314132,3.4914138681672258,3.4914138681672258,-1.8699999999999997,76322.13064350616,11.91553470515496,4.5990470900709735,1.8129321738332898,119.40580302623545,9.799819461700954,5.817862777835028,0,0,0,0,0,4.983978520947208,0,0,30.33183534230805,29.804393526229784,32.25193441227681,6.041840829147961,0,5.817862777835028,0,9.883888251797686,0,12.462662452073971,31.581850931265393,59.28540045747372,0,0,4.899909730850477,5.817862777835028,0,0,36.5658294522126,6.4208216229260096,0,22.73219530423895,42.595045982382736,0,0,0,19.37,0,0,0,0,6.041840829147961,26.055090840663734,22.508217252926013,0,6.196843571613076,58.22967237609501,0,0,0,9.602752267573695,0,4.271854686318973,1.1822222222222223,13.576442507558578,2.9169255479969767,3.237324499244142,2.212478269085412,0.35294117647058826,20,0,3,0,2,2,0,1,1,2,1,0,3,0,3,3,0,0,1,1,0,1,2.7400052606191307,4,2.4789000000000003,81.06900000000005,0,0,0,0,0,1,0,0,0,0,0,0,0,0,0,3,0,0,0,1,0,0,0,0,0,0,0,0,0,1,0,0,0,0,1,0,5,0,0,0,0,0,0,0,0,0,0,0,0,0,0,0,0,0,0,0,0,0,0,0,0,0,0,0,0,0,0,0,0,0,1,0,0,1,0,0,0,0,0,0,0,0,0,0,0
PANTOPRAZOLE,12.643934424078275,12.643934424078275,0.02086670838113802,-2.924449606694515,0.6309371659531016,12.384615384615385,383.3760000000001,368.2560000000001,383.0751334,138,0,0.3870332240379781,-0.6086923276803513,0.6086923276803513,0.3870332240379781,1.2307692307692308,2.0384615384615383,2.730769230769231,32.2278828455259,10.281876569237127,2.222422570836652,-2.119906513917671,2.3112240552086125,-2.096108917454832,7.900271553455428,-0.04971208558840386,3.039826245715596,1.8490193409572648,906.3322826194594,18.681433796945207,13.86280598566199,14.679302566589715,12.511570350697118,7.403088017215537,8.72201991020236,5.082429329127233,6.4488468564460275,3.5076457343761116,4.667926554330067,2.3921728148706483,3.406827715719816,-2.5900000000000003,891957.976322853,18.208568180772755,7.748788965519116,3.8056821341293077,150.04448420774588,18.76333873509051,11.443439828132366,17.251877273314598,0,0,11.767941568266806,9.967957041894415,0,13.764808616296847,0,0,12.13273413692322,29.505432181921584,25.25299651778759,27.54416883044015,22.209255908617813,0,14.951935562841623,0,17.520795175013596,14.219595082555067,36.156239840307975,0,17.248535499851716,14.210588861400147,8.78083009534964,17.248535499851716,0,40.33578560553315,16.928708080132076,0,5.693927994848461,35.61874832728022,0,11.033401435232523,0,92.32000000000001,17.787359559831387,13.333579969040004,0,16.6588019218514,28.226353096648793,0,38.61553985955297,6.06636706846161,0,19.688798516641672,9.473725907600098,52.056899078314075,-1.560212357576776,11.283683375490284,0.19524990551776322,1.3795938053315406,0.8963598971585442,5.8999961108236505,1.52825366224592,-2.924449606694515,2.966848351611748,0.25,26,1,7,0,0,0,0,1,2,3,1,0,6,1,10,2,7,0,0,0,0,1,5.426705853733631,3,2.8843000000000005,90.17910000000002,0,0,0,0,0,3,1,0,0,0,0,0,0,0,0,2,1,0,0,0,0,1,0,0,0,2,0,0,0,0,0,0,0,0,1,0,1,0,0,0,0,3,0,0,2,0,0,1,0,0,0,0,0,0,0,2,0,0,0,0,0,0,0,0,0,0,0,0,0,0,0,0,0,1,0,0,0,0,0,0,0,0,0,0,0
PENTOXIFYLLINE,12.33337144116906,12.33337144116906,0.11790380658436228,-0.3712731481481477,0.7314900236053014,11.15,278.31200000000007,260.168,278.13789043599996,108,0,0.33196885645180857,-0.32786331124999396,0.33196885645180857,0.32786331124999396,1.25,1.95,2.6,16.1619273125688,10.170590840676926,2.138052192770346,-2.07724909455429,2.0363422080286635,-2.391736089461373,5.748488103459397,-0.11663784731322152,2.770070459674221,2.3816217976898786,766.2398536300291,14.861442840636295,11.919376647327239,11.919376647327239,9.430428110326542,6.53461934930002,6.53461934930002,4.985191818151637,4.985191818151637,3.3615618239456366,3.3615618239456366,2.237279566059452,2.237279566059452,-2.18,31844.730004414843,14.233786405354829,5.439070630183458,2.42918078649709,115.01518969017611,9.361636831863176,5.783244946364939,11.16387793838399,0,5.559266895052007,5.689743398203474,13.928736479654532,9.778515705019029,0,0,0,19.765380445542643,27.060921994192967,6.3273200747645415,4.794537184071822,16.94712288474893,0,18.685277464321274,14.09534396535438,32.730958474381225,0,27.165404736163666,0,0,11.24901029325548,0,0,0,24.468522410686212,25.434637555338778,0,26.186202068468653,15.916394442908185,0,11.16387793838399,0,78.89,0,14.383611552215466,0,17.03225523962042,36.971099213074595,0,22.38525657003788,18.662443613145733,0,4.983978520947208,0,4.203404641177459,0,39.43395721911099,0,0.10750359557403377,0.11790380658436228,0,3.2927119987496063,1.8539680474781486,3.323884024658736,0.5384615384615384,20,0,7,0,0,0,0,0,2,2,0,0,4,0,7,2,5,0,0,0,0,0,3.8709284796835015,2,0.19300000000000006,74.74700000000003,0,0,0,0,0,4,0,0,0,0,1,1,0,0,0,4,0,0,0,0,0,0,0,0,0,0,0,0,0,0,2,0,0,0,0,0,1,0,0,0,0,0,0,0,0,0,0,1,0,0,0,1,1,0,0,0,0,0,0,0,0,0,0,0,0,0,0,0,0,0,0,0,0,0,0,0,0,0,0,0,0,0,0,1,0
PROPYLTHIOURACIL,10.843707482993198,10.843707482993198,0.12759259259259226,-0.12759259259259226,0.6587322532597096,9.909090909090908,170.237,160.15699999999998,170.05138394,60,0,0.25136138513677664,-0.3358743916003891,0.3358743916003891,0.25136138513677664,1.5454545454545454,2.272727272727273,2.8181818181818183,32.09199832123403,10.238300488571348,1.911615569938611,-1.952339652460717,1.9272138774706584,-2.0755464660488028,7.709714174653017,0.8606379678424245,1.8467910438952897,3.088124235677758,310.53407724797967,8.267584713501616,6.3080604124904465,7.124556993418173,5.21954535281284,3.5462587314333103,3.9545070218971734,2.362950890466443,2.771199180930306,1.3354817961793313,1.5396059414112628,0.9233917778266715,1.1550783583397994,-0.9000000000000001,271.47828345260757,8.199009900990099,3.4791154361633936,2.3073839344097378,69.48582777182844,4.983978520947208,0,4.771065770590158,0,5.559266895052007,0,9.778515705019029,0,0,0,13.344558822616634,18.638695065972705,11.760295063310071,0,0,12.217873443046695,0,9.967957041894415,0,19.765380445542643,0,26.88516491302406,0,0,5.559266895052007,0,0,12.217873443046695,9.967957041894415,6.4208216229260096,4.771065770590158,19.038486817465095,10.860904252533432,0,0,0,48.65,0,4.794537184071822,0,5.559266895052007,4.771065770590158,18.53557124070048,0,6.06636706846161,0,16.89169424158504,12.217873443046695,0.40365740740740774,4.790124716553287,16.224652305366593,0,0.7763425925925931,0,1.5409722222222222,1.8772685185185183,2.053648904006047,0,0.42857142857142855,11,2,3,0,0,0,0,0,1,1,0,0,2,2,4,1,2,0,0,0,0,0,2.59320926434465,1,1.38499,46.2424,0,0,0,0,0,2,2,0,0,0,0,0,0,0,0,0,2,0,0,0,0,2,0,0,0,0,0,0,0,0,1,0,0,0,0,0,0,0,0,0,0,0,0,0,0,0,0,0,0,0,0,0,0,0,0,0,0,0,0,0,0,0,0,0,0,0,0,0,0,0,0,0,0,0,0,0,0,0,0,0,0,0,0,0,0
QUETIAPINE,8.794858222677902,8.794858222677902,0.08977863802247743,0.08977863802247743,0.8048695029648197,17.074074074074073,383.51700000000017,358.3170000000002,383.16674804,142,0,0.13731652793361712,-0.39398033266424703,0.39398033266424703,0.13731652793361712,0.9259259259259259,1.6666666666666667,2.4814814814814814,32.16658073392475,10.136490142818898,2.2445073524136996,-2.362369747053702,2.399768578817411,-2.4926342549127374,7.992389000955716,0.06520559485885373,2.8832795748644706,1.5034017677237106,803.5186584789169,18.476480726871788,15.381007365936949,16.197503946864675,13.347667890550102,9.458486087383703,10.274982668311429,6.666024559902575,7.749801516389401,4.898789906170252,6.039833264702616,3.453586328466684,4.471266596296782,-1.859999999999999,2561736.2366755847,18.50084730171864,8.885924063609108,4.352616912155156,164.20719288140702,14.743300079491231,5.835619785757269,0,0,0,0,4.899909730850477,4.992404732635668,0,0,42.093720291699164,18.19910120538483,48.078200472295414,25.508032168222314,9.843390348640755,23.284891009831945,0,9.799819461700954,4.992404732635668,9.79096695103555,52.54442792310162,54.09438803938988,0,0,0,5.687386274683562,0,11.761884949391115,73.28639456540056,4.736862953800049,0,5.563451491696996,63.314308231364095,0,0,0,48.300000000000004,0,0,0,6.606881964512918,13.213763929025836,44.246788090003704,15.354418442732545,11.761884949391115,0,58.33075600939383,14.835795081276423,5.399028326939964,1.798722947017534,12.364960817989111,8.794858222677902,2.2703353771382275,1.0826208385736706,16.944238690844895,0,6.011901445485361,0,0.38095238095238093,27,1,5,0,2,2,0,2,0,2,0,0,6,1,6,2,5,0,1,1,0,0,6.088782379092566,4,2.8560000000000016,109.12180000000004,0,1,1,0,0,0,0,0,0,0,0,0,0,0,1,3,0,0,0,0,0,0,0,0,0,0,0,0,1,0,0,0,0,0,2,0,2,0,0,0,0,1,0,0,0,0,0,0,0,0,0,0,0,0,0,0,0,0,0,0,0,0,0,0,1,0,0,0,0,0,1,0,0,0,0,0,0,0,0,0,0,0,0,0,0
REBOXETINE,6.333703703703704,6.333703703703704,0.027006802721088574,-0.1753647014361306,0.8888730494256725,19.08695652173913,313.39700000000005,290.213,313.167793596,122,0,0.1617636924696409,-0.4899907720236466,0.4899907720236466,0.1617636924696409,1.0869565217391304,1.826086956521739,2.5217391304347827,16.555854110509774,10.029995675338206,2.2812209929799603,-2.3161424277634577,2.3308746862653686,-2.4297952663250015,5.398937449041009,-0.04388474231836444,2.6254284072614293,1.8648144587804325,596.5735373337268,15.907566626119443,13.404024957223667,13.404024957223667,11.381341395361314,8.139507272922211,8.139507272922211,5.442249695661326,5.442249695661326,3.8250019001519804,3.8250019001519804,2.7405118634783934,2.7405118634783934,-2.0399999999999996,287746.95343585266,15.840489018927025,7.993805643840208,4.032015959903848,136.9277588449367,19.527377465406477,6.103966387748303,17.602990054316113,0,0,0,0,0,0,0,42.46456947923127,24.619922828310838,13.08951281182515,13.213763929025836,14.210588861400147,0,0,5.316788604006331,0,19.13166997518723,26.303276740850986,60.160755107851486,0,11.49902366656781,14.790514511606428,0,11.49902366656781,0,32.40724312859929,4.736862953800049,0,18.591155079135923,54.59730361615449,0,0,0,39.72,0,0,0,12.207932775496605,13.213763929025836,30.15198797008996,0,0,49.38830667892189,17.449522740929552,14.210588861400147,17.95158974237843,0,0,3.3743667328042326,1.1041680839002268,1.5111817365835227,17.991364244771983,-0.20237150415721916,4.936367630385488,0,0.3684210526315789,23,1,4,0,1,1,0,2,0,2,2,0,4,1,4,1,6,0,1,1,0,2,5.505469153073378,3,3.1938000000000004,90.03170000000006,0,0,0,0,0,0,0,0,0,0,0,0,0,0,0,0,1,0,0,0,0,0,0,0,0,0,0,0,0,0,0,0,0,0,2,0,0,0,0,0,0,3,0,0,0,0,0,0,0,0,0,0,0,0,0,0,1,0,0,0,0,0,0,0,2,0,0,0,0,0,0,0,0,0,0,0,0,0,0,0,0,0,0,0,0
THEOBROMINE,11.303981481481483,11.303981481481483,0.3993055555555558,-0.4479629629629629,0.5624722357827984,10.923076923076923,180.16699999999997,172.10299999999998,180.064725496,68,0,0.329317287720985,-0.3278697741177671,0.329317287720985,0.3278697741177671,1.3846153846153846,2.076923076923077,2.769230769230769,16.157528095383167,10.50695379340274,2.075371525287084,-1.965907567874672,2.002864840571486,-2.284993744912283,5.689219621288226,0.8288736849422291,2.4386836674792733,3.1784609855062733,574.1705593822572,9.585421958697399,7.235487636617226,7.235487636617226,6.1090609052806215,3.713500451958018,3.713500451958018,2.845981930597547,2.845981930597547,1.9756153887891148,1.9756153887891148,1.2614350384905433,1.2614350384905433,-1.85,1173.0068440575305,7.781340073498282,2.317238170551303,0.914621891205329,72.4540434171574,4.567099647791355,0,11.16387793838399,0,5.559266895052007,5.689743398203474,14.345615352810384,9.778515705019029,0,0,0,0,14.09534396535438,6.3273200747645415,0,11.16387793838399,0,19.102156337477126,14.09534396535438,0,0,27.165404736163666,0,0,11.24901029325548,0,0,0,19.102156337477126,14.09534396535438,0,0,15.916394442908185,0,11.16387793838399,0,72.68,11.24901029325548,9.589074368143644,0,0,11.16387793838399,0,10.894419722555895,18.662443613145733,0,9.967957041894415,0,2.8793055555555553,0,28.569957482993196,0,-0.04847222222222136,0,0,1.4993518518518518,0,3.2665239984882843,0.2857142857142857,13,1,6,0,0,0,0,0,2,2,0,0,3,1,6,2,0,0,0,0,0,0,1.3870167874115924,2,-1.0397,46.575700000000005,0,0,0,0,0,4,1,0,0,0,0,0,0,0,0,3,1,0,0,0,0,1,0,0,0,0,0,0,0,0,2,0,0,0,0,0,1,0,0,0,0,0,0,0,0,0,0,1,0,0,0,0,0,0,0,0,0,0,0,0,0,0,0,0,0,0,0,0,0,0,0,0,0,0,0,0,0,0,0,0,0,0,0,0,0
THIOPENTAL SODIUM,12.004957482993198,12.004957482993198,0,-1.0155555555555553,0.4081602059208447,25.705882352941178,264.326,247.18999999999997,264.090843064,90,0,1,-0.41813230463637524,1,0.41813230463637524,1.411764705882353,2,2.411764705882353,NA,NA,NA,NA,NA,NA,NA,NA,2.175546730729908,2.559998880800511e-6,313.4331204962455,12.344934982691242,10.870629079640816,13.687125660568542,7.484434885828627,5.601626678410423,6.0098749688742865,4.1908614388225995,4.577559769889587,3.330996893300943,3.5243460588344364,2.2999393050856183,2.475548354144028,0.029999999999999805,2793.4020022572017,17.029999999999998,6.827529850716722,3.075636364362984,129.57778945548685,10.633577208012662,0,11.814359458703011,0,0,29.557286032607934,9.589074368143644,0,0,0,39.40990666504457,18.75954929201341,5.112436884724758,5.414990469396779,39.146360400751576,29.144669786474463,0,5.316788604006331,11.332896515558172,40.0336764678499,0,5.316788604006331,0,0,34.87407463661427,0,0,12.217873443046695,16.926796343427768,9.589074368143644,11.332896515558172,40.0336764678499,0,0,5.316788604006331,0,60.27,5.414990469396779,9.589074368143644,0,52.40198842219709,6.4208216229260096,12.841643245852019,0,0,20.771211599071872,10.633577208012662,12.217873443046695,0,4.742045566683463,23.97435941043084,6.206004346182917,-1.0155555555555553,-0.6874999999999993,0,2.230309193121693,5.800337039136641,0,0.7272727272727273,17,1,4,0,1,1,2,0,0,0,2,0,3,1,6,1,4,0,1,1,0,2,6.8395784328062215,1,-0.8619999999999983,65.90270000000002,0,0,0,0,0,0,0,0,0,0,2,2,1,0,0,1,1,0,0,0,0,0,0,0,0,0,0,2,0,0,0,0,0,0,0,0,0,0,0,0,0,0,0,0,0,0,0,0,0,0,0,0,0,0,0,0,0,0,0,0,0,0,0,0,0,0,0,0,0,0,0,0,0,0,0,0,0,0,0,0,0,0,0,0,0
LABETALOL,11.247552441693543,11.247552441693543,0.017292657647962395,-0.7751154782900815,0.5968389616111595,13.416666666666666,328.4120000000001,304.21999999999997,328.178692628,128,0,0.25196572809233486,-0.5071215315892779,0.5071215315892779,0.25196572809233486,1.2083333333333333,1.9166666666666667,2.5833333333333335,16.26818549776355,10.032347875966087,2.1393609842587704,-2.1779002314911957,2.21614435090822,-2.3050544337917493,5.952130094406588,0.09970300949639091,2.5851603829715506,1.8473022986610148,673.56704729252,17.526733258565955,13.77484878610931,13.77484878610931,11.469234250586762,8.051626342052955,8.051626342052955,5.990204547326001,5.990204547326001,4.039354379873848,4.039354379873848,2.5188609594472697,2.5188609594472697,-2.37,222954.57206899842,17.97570231913846,8.47316831573415,5.077760022698596,141.6828346113938,21.263510870849927,5.749511833283905,0,0,5.907179729351506,0,4.794537184071822,0,0,0,36.39820241076966,43.025017565859855,12.586597235060536,11.6674178794453,15.007591973753232,5.907179729351506,0,5.316788604006331,5.733667477162185,31.911187662438905,6.544756405912575,65.22129102278387,0,5.749511833283905,11.050456081168516,0,5.749511833283905,0,28.70683175409345,6.4208216229260096,0,40.93341686952774,48.53093654769288,0,0,0,95.57999999999998,12.011146117099809,15.007591973753232,0,17.35480415412886,12.10820789760957,12.841643245852019,17.696185628620217,6.06636706846161,18.19910120538483,24.373259940620173,5.733667477162185,0,0,11.247552441693543,23.12667474440871,7.055716623929037,-0.8950215905267791,14.883809313078931,1.1504617990702044,2.430806668346351,0,0.3157894736842105,24,5,5,0,0,0,1,2,0,2,2,0,4,4,5,0,8,0,0,0,0,2,6.346297972649702,2,2.1353999999999997,93.81220000000003,0,1,1,0,0,0,0,1,0,0,1,1,0,0,0,0,1,1,0,0,0,0,0,0,0,0,0,1,0,0,1,0,0,0,2,0,0,0,0,0,0,0,0,0,0,0,0,0,0,0,0,0,0,0,0,0,0,0,0,0,0,0,0,0,0,1,0,0,0,0,0,1,0,0,0,0,0,0,0,0,0,0,0,0,0
ACITRETIN,10.557327846910816,10.557327846910816,0.7018497010167841,-0.9318765396070032,0.5794537711852106,13.083333333333334,326.4360000000001,300.228,326.18819469199997,128,0,0.3280688057099827,-0.4964677075827197,0.4964677075827197,0.3280688057099827,1.0833333333333333,1.75,2.3333333333333335,16.46586700704723,9.963006887104614,2.0770762626392347,-2.131231718315573,2.2802219535790127,-1.953919289287086,5.806871802608112,-0.13097606971949446,2.495132354099785,2.9716124865336346,731.9410191793835,18.27565640300939,15.305162060755068,15.305162060755068,11.256126613022033,7.84950445543621,7.84950445543621,5.889126182522901,5.889126182522901,3.910730810094124,3.910730810094124,2.398551136148485,2.398551136148485,-2.55,119684.01362910439,19.49662004662005,8.919939842211916,5.57871139047988,144.21642378845576,9.843390348640755,5.749511833283905,0,0,0,5.9693052879518484,0,4.794537184071822,0,0,35.953205064238674,68.51196356377197,6.076020106833881,7.109797541277533,14.637927532712576,12.04532539478573,0,0,0,34.61868599845312,7.109797541277533,69.84648262955753,0,5.749511833283905,4.736862953800049,0,5.749511833283905,0,18.18563022407009,4.794537184071822,20.771211599071872,36.101280366169235,47.59267666276955,0,6.076020106833881,0,46.53,5.9693052879518484,4.794537184071822,0,0,5.5731045300692665,16.886067855050168,22.766374581924868,20.109554847802038,19.075777413358384,38.98961888120124,9.843390348640755,5.39848221545493,0,10.557327846910816,8.66861544768055,6.529439086832979,-0.01702445679857112,2.0565603769449923,10.935101739138606,10.013621936466038,1.6912091407029974,0.2857142857142857,24,1,3,0,0,0,0,1,0,1,0,0,2,1,3,0,6,0,0,0,0,0,7.2461949142630715,1,5.167060000000005,100.52880000000005,1,0,0,0,0,0,0,0,1,1,1,0,0,0,0,0,0,0,0,0,0,0,0,0,0,0,6,0,0,0,1,0,0,0,1,0,0,0,0,0,0,1,0,0,0,0,0,0,0,0,0,0,0,0,0,1,0,0,0,0,0,0,0,0,0,0,0,0,0,0,0,0,0,0,0,0,0,0,0,0,0,0,0,0,0
FLURBIPROFEN,13.966636432350718,13.966636432350718,0.3964814814814812,-0.9566100823045269,0.8937504426107861,12.11111111111111,244.265,231.16099999999994,244.089957876,92,0,0.31018714849415946,-0.4807884920982788,0.4807884920982788,0.31018714849415946,1.1666666666666667,1.8333333333333333,2.388888888888889,19.142190922436892,9.96931012575508,2.1526510574252455,-2.090853748838544,2.256718840775554,-2.0722416493663567,5.758291141001164,-0.13786305435592383,2.3826482345604862,2.4013638717125736,563.9612141459352,13.120955864630139,9.929578781679682,9.929578781679682,8.592224152875016,5.67013119210132,5.67013119210132,4.1652345741536,4.1652345741536,2.9483613261911517,2.9483613261911517,1.7950975629394583,1.7950975629394583,-2.1599999999999993,12990.19817482377,12.300954293871056,5.001422908877978,2.399039500976548,104.70461492391684,5.106527394840706,5.817220841045894,0,0,0,5.9693052879518484,4.794537184071822,4.39041504767482,0,0,42.46456947923127,24.117007251546223,5.563451491696996,5.917906046161393,14.291479626587348,5.9693052879518484,0,0,0,12.841643245852017,0,59.91160888043577,0,11.126902983393991,0,4.39041504767482,0,0,11.075832682792555,4.794537184071822,5.817220841045894,18.405094737549014,48.53093654769288,0,11.126902983393991,0,37.3,17.704432175159138,9.184952231746642,0,0,11.126902983393991,5.563451491696996,6.06636706846161,19.056471336613843,30.33183534230805,0,5.106527394840706,13.966636432350718,0,10.843492256100483,8.890206219846371,1.7371740362811798,-2.057421789703536,13.745610124036348,0,1.540969387755102,0,0.13333333333333333,18,1,2,0,0,0,0,2,0,2,1,0,1,1,3,0,3,0,0,0,0,1,3.417904144801535,2,3.6808000000000023,67.88680000000002,1,0,0,0,0,0,0,0,1,1,1,0,0,0,0,0,0,0,0,0,0,0,0,0,0,0,0,0,0,0,0,0,0,0,2,0,0,0,0,0,0,0,0,0,1,0,0,0,0,0,0,0,0,0,0,0,0,0,0,0,0,0,0,0,0,0,0,0,0,0,0,0,0,0,0,0,0,0,0,0,0,0,0,0,0
IBUPROFEN,10.762425070336777,10.762425070336777,0.4184259259259264,-0.7716577958343829,0.8215995486924976,12.8,206.28499999999997,188.14099999999996,206.130679816,82,0,0.3101853515323108,-0.4807885019257389,0.4807885019257389,0.3101853515323108,1.2,1.7333333333333334,2.1333333333333333,16.366404797134496,9.96847176089876,2.123540108955395,-2.085757965387074,2.1688935075416413,-2.0688004654239496,5.7497681820581255,-0.1378620686519084,2.1655069394400757,2.7590371332701524,324.8941190021566,11.422285251880869,9.526670282288125,9.526670282288125,7.002907755397974,5.32030090584347,5.32030090584347,4.3994781236223774,4.3994781236223774,2.494095609718196,2.494095609718196,1.556376775771452,1.556376775771452,-1.31,1862.335967918465,11.763046018991963,4.964460295417243,3.387630631562938,90.94175377251302,5.106527394840706,0,0,0,0,5.9693052879518484,4.794537184071822,0,0,0,38.112942673227685,30.38936785217202,0,5.917906046161393,9.901064578912528,5.9693052879518484,0,0,5.917906046161393,33.10993926815928,0,35.392371257240434,0,0,0,0,0,0,11.075832682792555,11.21535880699783,5.917906046161393,37.81602062862726,24.26546827384644,0,0,0,37.3,11.887211334113243,4.794537184071822,0,0,5.917906046161393,11.984273114623004,5.563451491696996,6.923737199690624,24.26546827384644,13.847474399381248,5.106527394840706,0,0,10.762425070336777,8.850157339170236,2.1401341647770225,-0.5579103678508444,7.871574074074074,1.0433852985638699,6.056901087595532,0,0.46153846153846156,15,1,2,0,0,0,0,1,0,1,1,0,1,1,2,0,4,0,0,0,0,1,3.8931449942967644,1,3.073200000000001,61.03480000000004,1,0,0,0,0,0,0,0,1,1,1,0,0,0,0,0,0,0,0,0,0,0,0,0,0,0,0,0,0,0,0,0,0,0,1,0,0,0,0,0,0,0,0,0,0,0,0,0,0,0,0,0,0,0,0,0,0,0,0,0,0,0,0,0,0,0,0,0,0,0,0,0,0,0,0,0,0,0,0,0,0,0,0,0,0
MESALAMINE,10.358425925925927,10.358425925925927,0.1759259259259256,-1.18537037037037,0.40871585512742575,9.454545454545455,153.137,146.08099999999996,153.042593084,58,0,0.3390481968511425,-0.507050155392377,0.507050155392377,0.3390481968511425,1.4545454545454546,2.090909090909091,2.5454545454545454,16.367686059680377,10.161889600798494,2.0759023797296567,-1.9841205139866942,2.184371504715331,-1.9743317356626113,5.912892483006534,0.06935676929561417,1.9361507976020194,3.232208870305491,295.7372022742226,8.430721420318147,5.612076558222283,5.612076558222283,5.109060905280622,2.928046747039288,2.928046747039288,2.0817390106800127,2.0817390106800127,1.251018151748077,1.251018151748077,0.7249564780049851,0.7249564780049851,-1.71,267.18881006907867,7.397642626480085,2.4943628247787246,1.402945662258468,62.88622553534207,15.946722266843596,11.3129633249809,0,0,0,5.9693052879518484,0,4.794537184071822,0,0,0,18.19910120538483,5.687386274683562,0,15.007591973753234,11.65669156263541,0,0,0,0,5.733667477162185,23.762552697081826,0,5.749511833283905,5.733667477162185,5.687386274683562,5.749511833283905,0,16.182360077633263,0,0,10.357988675768818,18.19910120538483,0,0,0,83.55,5.9693052879518484,4.794537184071822,0,11.3129633249809,5.687386274683562,0,18.19910120538483,0,0,0,15.946722266843596,0,0,10.358425925925927,17.443518518518516,5.434537037037038,-1.4569444444444437,3.8871296296296296,0,0,0,0,11,4,4,0,0,0,0,1,0,1,0,0,3,3,4,0,1,0,0,0,0,0,1.6774913416809425,1,0.6726000000000001,39.478500000000004,0,0,0,1,1,0,0,1,1,1,1,0,0,0,0,0,0,1,0,0,0,0,0,0,0,0,0,0,0,1,0,0,0,0,1,0,0,0,0,0,0,0,0,0,0,0,0,0,0,0,0,0,0,0,0,0,0,0,0,0,0,0,0,0,0,1,0,0,0,0,0,0,0,0,0,0,0,0,0,0,0,0,0,0,0
NELFINAVIR,13.460933996662956,13.460933996662956,0.012365883591984428,-0.886245512093726,0.3265009773626079,23.075,567.7960000000003,522.4360000000004,567.31307792,218,0,0.25152173327795896,-0.5076609476452876,0.5076609476452876,0.25152173327795896,1.05,1.75,2.45,32.16653727060221,9.723120993858624,2.414210627736594,-2.4661336191109755,2.3865475315214124,-2.600418225996105,7.9894963187935675,-0.1321500214865086,2.9115844355635314,1.5359247976445245,1152.5947105502235,28.86323207281991,24.22879340684898,25.045289987776705,19.013859007760406,14.529963187051171,15.515561746704659,12.470328870492498,13.56374185921168,8.228258886041397,9.359541169413848,6.0617031536814165,7.088778945006789,-2.55,556232048.7398436,30.409538932375426,13.407906745472761,8.015265495682277,242.66985707369898,20.846631997694075,5.749511833283905,0,5.907179729351506,5.907179729351506,0,14.48898409899412,0,0,11.761884949391115,43.52793314262448,76.63787241078373,40.403678129867046,18.187648046044224,19.802129157825057,23.576244408094126,0,15.533486938863138,11.835812092322787,88.4211136873379,18.842366418571938,59.65783953108687,0,5.749511833283905,10.633577208012662,0,5.749511833283905,11.761884949391115,69.4962636962344,4.794537184071822,18.75954929201341,68.79675988116773,53.42642002321065,0,0,0,101.9,12.145807216896262,19.802129157825057,0,29.144637373518222,35.26032508837614,30.70270475020838,12.841643245852019,36.884723354466566,51.103046941379915,15.533486938863138,0,0,1.5746738881375424,29.999754220217127,27.995726885944254,0.5433338262603096,1.2722780430953866,13.93078789274311,4.671330342755238,8.762114900847036,0,0.5625,40,4,7,1,1,2,2,2,0,2,5,0,6,4,8,1,9,1,1,2,0,0,10.193206554452825,4,4.747620000000004,160.5924999999997,0,1,1,0,0,0,0,1,0,0,2,2,0,1,0,1,2,0,0,0,1,0,0,0,0,0,0,2,0,0,0,0,0,0,2,0,1,0,0,0,0,0,0,0,0,0,0,0,0,0,0,0,0,0,0,0,0,0,0,0,0,0,0,0,0,1,1,0,0,1,0,0,0,0,0,1,0,0,0,0,0,0,0,0,0
OXCARBAZEPINE,12.257617157974302,12.257617157974302,0.007592592592592373,-0.5883333333333323,0.7829578147216557,13.473684210526315,252.27299999999997,240.17699999999994,252.089877624,94,0,0.3234135802994952,-0.35088397892728557,0.35088397892728557,0.3234135802994952,1,1.631578947368421,2.3684210526315788,16.163119936792228,10.034028578438065,2.269345309938804,-2.215978099935608,2.348974987290585,-2.316941930484522,6.112230454089748,0.09942571627769949,2.5270589702903616,2.316402369360868,679.3507213541042,13.405412915006313,10.166969380320866,10.166969380320866,9.181540550352056,5.979551137874412,5.979551137874412,4.41946228521939,4.41946228521939,3.2492738043137046,3.2492738043137046,2.418278455091216,2.418278455091216,-2.619999999999999,29788.971141782782,11.4692641265699,4.2423570760462965,1.775485536222831,110.00026108252523,5.733667477162185,0,5.783244946364939,0,0,6.031114512338072,9.694446914922299,4.794537184071822,0,0,30.33183534230805,23.762552697081826,11.984273114623004,11.374772549367124,9.589074368143644,23.189132008070136,0,0,5.733667477162185,6.4208216229260096,4.899909730850477,59.65783953108687,0,0,10.633577208012662,16.169309733438947,0,0,11.814359458703011,6.4208216229260096,0,15.921440167465814,48.53093654769288,0,0,0,63.400000000000006,6.031114512338072,9.589074368143644,0,12.204066569290948,16.93822404106412,5.563451491696996,4.899909730850477,30.33183534230805,18.19910120538483,0,5.733667477162185,0,0,25.43211545729403,0,8.041380385487528,-0.007592592592592373,13.75932823129252,0.27476851851851825,0,0,0.06666666666666667,19,2,4,0,1,1,2,2,0,2,0,0,2,1,4,1,0,0,0,0,0,0,2.5608796749683034,3,2.6422000000000008,72.64090000000003,0,0,0,0,0,0,0,0,0,0,2,2,0,0,0,1,0,1,0,0,0,0,0,0,0,0,0,2,0,2,0,0,0,0,2,0,2,0,0,0,0,0,0,0,0,0,0,0,0,0,0,1,1,0,0,0,0,0,0,0,0,0,0,0,2,0,0,0,0,0,0,1,0,0,0,0,0,0,0,0,0,0,0,0,1
PIROXICAM,12.501906809019903,12.501906809019903,0.04686471193415609,-3.9059285766775846,0.8701839218107902,15.956521739130435,331.35300000000007,318.24899999999997,331.06267689599997,118,0,0.2774884116635725,-0.5048615489047509,0.5048615489047509,0.2774884116635725,1.173913043478261,1.8695652173913044,2.5652173913043477,32.233427343913164,10.1226182663264,2.3722107723316204,-2.278175248267835,2.3405141566919574,-2.3685214190835886,7.890370265730993,-0.11331870511384365,2.5439508301621827,2.0932817931934427,907.3290496863176,16.612519696192862,12.093436101872335,12.909932682800061,10.92555748620835,6.666414091913747,8.106477420714388,4.835009475107597,6.772691117896526,3.441392893169087,5.256851024211377,2.294371166383587,3.692312811799923,-2.8699999999999997,164390.10264508025,15.042183664330786,5.398063656574466,2.4232486117292016,132.49870717684678,10.423315998847038,5.817862777835028,11.456204184712009,0,15.930470882759089,0,9.099753175368054,13.401775505276145,0,0,18.19910120538483,24.26546827384644,18.80796704598726,4.895483475517775,18.318861563241466,27.507498532250292,0,9.28919451224344,0,4.895483475517775,12.36446058668352,59.92190385559717,0,0,5.316788604006331,5.817862777835028,0,0,35.76837060344178,14.817828337479405,0,5.563451491696996,59.25393583941795,0,5.759164871656176,0,99.6,21.689635754415264,18.318861563241466,0,21.97383705810563,0,4.305215991296233,25.377249691213486,30.33183534230805,0,10.300767124953538,0,25.770619173595364,0,16.304110659695976,12.83147904069035,-0.2582185899050973,-0.9068604077433429,10.877786215566472,1.4865873147098345,0,-2.6888367399428907,0.06666666666666667,23,2,7,0,1,1,1,1,1,2,0,0,5,2,8,2,2,0,0,0,0,0,3.530376737127919,3,1.5809999999999997,83.80630000000004,0,1,1,0,0,1,0,0,0,0,1,1,0,0,0,2,1,0,0,1,0,0,0,0,0,0,0,1,0,1,0,0,0,0,1,0,1,0,0,0,0,0,0,0,0,0,0,0,0,0,0,0,0,0,0,0,0,0,0,0,0,0,0,0,0,0,0,0,0,0,0,0,0,1,0,0,1,0,0,0,0,0,0,0,0
PROBENECID,12.371875944822374,12.371875944822374,0.08007689804316831,-3.5274281934996217,0.8330157421148818,11.736842105263158,285.36499999999995,266.21299999999997,285.10347908800003,106,0,0.3351796449003976,-0.47763924301016997,0.47763924301016997,0.3351796449003976,1.105263157894737,1.5789473684210527,1.9473684210526316,32.23342640843226,10.212191932200765,2.2252095313606786,-2.204935045914926,2.1689597351233023,-2.321025972199336,7.887318255615585,0.06964900536911592,2.3824191568228397,3.0653305378819273,516.0791280132663,14.466255326250886,11.165248554360064,11.98174513528779,8.929087446058485,6.26579890683492,7.705862235635561,4.233615582224066,6.171550562165737,2.6850596993245213,4.597928199211129,1.7695169106127802,3.393545371718104,-1.4,13065.186656016453,15.656818181818181,6.675550267697799,3.778948267760264,113.46236333513149,5.106527394840706,0,0,10.023291153407584,0,5.9693052879518484,0,13.212334168400758,4.305215991296233,0,13.847474399381248,37.107111519698456,13.08951281182515,10.45893496721477,18.318861563241462,15.992596441359431,0,4.305215991296233,0,31.584601120751042,13.08951281182515,29.828919765543436,0,0,0,0,0,0,36.88835847024288,10.023291153407584,0,37.04710632100208,29.160951749364212,0,0,0,74.68,15.992596441359431,13.212334168400758,0,10.45893496721477,13.08951281182515,12.841643245852019,28.57068426514267,0,13.847474399381248,0,5.106527394840706,26.177059240362816,0,10.879240275617441,8.796292384263163,0.08007689804316831,-1.0667403103216595,5.310307067271353,1.4849990026874946,4.782860302242518,-3.5274281934996217,0.46153846153846156,19,1,5,0,0,0,0,1,0,1,0,0,3,1,6,0,7,0,0,0,0,0,5.500940884470112,1,2.1955,72.74210000000005,0,0,0,0,1,0,0,0,1,1,1,0,0,0,0,1,0,0,0,0,0,0,0,0,0,0,0,0,0,0,0,0,0,0,1,0,0,0,0,0,0,0,0,0,0,0,0,0,0,0,0,0,0,0,0,0,0,0,0,0,0,0,0,0,0,0,0,0,0,0,0,0,0,0,0,0,1,0,0,0,0,0,0,0,0
QUINAPRIL,13.26091769386818,13.26091769386818,0.2282557301438073,-1.036043176558182,0.5844860779881329,17.1875,438.5240000000003,408.2840000000002,438.21547205999997,170,0,0.3262779529412656,-0.4797031524929275,0.4797031524929275,0.3262779529412656,1.09375,1.75,2.40625,16.533939611218752,9.93068280061708,2.368476890439359,-2.362791929210765,2.2408303236221276,-2.5605464940881,5.878983351795024,-0.1528280992699199,2.804793293422652,1.7203033592790702,946.3582688000238,23.087211190881018,18.491157489063617,18.491157489063617,15.4010859031649,10.969835314556867,10.969835314556867,8.010271333105079,8.010271333105079,5.773935607214296,5.773935607214296,4.064783492095856,4.064783492095856,-3.1899999999999995,13770099.016538989,23.472634667293683,10.906971069016844,5.733882354705077,187.92895479483326,14.743300079491233,12.083681658295921,0,5.907179729351506,0,11.938610575903697,14.905862972149976,4.794537184071822,0,0,54.59730361615449,43.37947212032425,12.965578028838586,12.648722793660879,24.227001900856216,17.845790305255203,0,10.216698334856808,0,57.780218161515734,6.606881964512918,71.28765809124548,0,0,5.316788604006331,0,0,0,52.58463188290318,38.50687415778011,0,36.958650497398246,54.59730361615449,0,0,0,95.94000000000001,30.06413306334758,19.490138947056174,0,25.47963972270301,12.841643245852019,16.690354475090988,4.899909730850477,13.847474399381248,54.59730361615449,5.316788604006331,4.736862953800049,5.203945121653906,0,39.07104425965325,12.820508972416821,2.96717646259254,-1.797368979900129,14.986049280401488,1.3730257779722896,3.875619105209827,0,0.4,32,2,7,0,1,1,1,2,0,2,3,0,5,2,7,1,9,0,0,0,0,0,8.000479600930438,3,2.5671,119.90150000000007,1,0,0,0,0,0,0,0,1,1,3,2,0,0,0,1,1,0,0,0,0,0,0,0,0,0,0,1,0,0,1,0,0,0,2,0,1,0,0,0,1,1,0,0,0,0,0,0,0,0,0,0,0,0,0,0,0,0,0,0,0,0,0,0,0,0,0,0,0,0,0,0,0,0,0,0,0,0,0,0,0,0,0,0,0
SULFASALAZINE,12.341010118608633,12.341010118608633,0.02305549916119931,-3.794932348136936,0.5405882217196541,11.428571428571429,398.4000000000001,384.28800000000024,398.068490548,142,0,0.33905109012991247,-0.5070501087087479,0.5070501087087479,0.33905109012991247,0.9642857142857143,1.6428571428571428,2.2857142857142856,32.23327190244477,10.160253682514682,2.1425090028462277,-2.065065281163195,2.254842291951848,-2.1301207696485616,7.923192511350133,0.06934736103623074,2.6768912476824465,1.7658464964858716,1130.3973704840953,20.148053602125593,14.21991410044113,15.036410681368857,13.348173775453853,7.8700148588795,9.353178106473893,5.52098247809172,7.203384719501236,3.542333018231929,4.912967947461019,2.1846787042081024,3.1929933486900133,-3.789999999999999,1798099.9737632715,18.98501866545865,7.841843705096445,4.482929351927807,159.6375871519161,10.213054789681411,17.130826102815927,0,0,10.023291153407584,5.9693052879518484,4.722094864452088,18.196312689347966,10.228500251258795,0,6.06636706846161,54.59730361615449,6.196843571613076,16.2702560248849,23.425388958082173,33.185231768561586,0,4.983978520947208,10.228500251258795,4.895483475517775,4.722094864452088,72.42396574792619,0,5.749511833283905,4.722094864452088,17.192635327202154,5.749511833283905,0,29.584135582909404,10.023291153407584,0,10.357988675768818,81.98449798300575,0,0,0,141.31,15.992596441359431,18.318861563241462,0,27.713695853017267,5.687386274683562,0,54.727780119305955,12.13273413692322,0,19.93457363665809,5.106527394840706,27.043745149378164,0,14.946439995769998,26.30341300822854,0.2953147727715013,-1.4594817065817247,14.27618463847453,1.4726498234292698,0,-3.794932348136936,0,28,3,9,0,0,0,0,2,1,3,0,0,7,3,10,1,6,0,0,0,0,0,5.31705532545948,3,3.7016000000000013,100.7296,0,0,0,0,1,1,0,1,1,1,1,0,0,0,0,3,1,0,0,0,0,0,0,0,0,0,0,0,0,1,0,0,1,0,2,0,0,0,0,0,0,0,0,0,0,0,0,0,0,0,0,0,0,0,0,0,0,0,0,0,0,0,0,0,0,1,0,0,0,0,0,0,0,1,0,0,1,0,0,0,0,0,0,0,0
WARFARIN,12.41230678382464,12.41230678382464,0.06406326110691185,-0.6145342025699165,0.7476258148419598,12.217391304347826,308.3330000000001,292.205,308.10485899199995,116,0,0.34336593617453076,-0.5065917727995054,0.5065917727995054,0.34336593617453076,1.0869565217391304,1.7391304347826086,2.4347826086956523,16.394939767959144,9.868919966981068,2.251677517956408,-2.1691985370861517,2.354356628291445,-2.1610270169336547,5.8477143370748514,-0.11673548480475782,2.5418948439378184,2.2580724675530317,909.5509726944721,16.396976746569035,12.652567939974356,12.652567939974356,11.07538740046941,7.367289200637053,7.367289200637053,5.517369609663823,5.517369609663823,3.86185397401564,3.86185397401564,2.8145578316488793,2.8145578316488793,-2.88,187785.02349075026,15.032579420487952,6.084896581778482,2.8788855581374135,132.5520250911752,9.523678331894054,17.115776921291086,0,0,0,5.625586319077987,4.794537184071822,4.794537184071822,0,0,42.46456947923127,24.619922828310838,12.338727669087403,10.949675706161791,14.318215515965875,16.75248930247198,0,0,0,19.262464868778025,0,76.14433010269829,0,5.749511833283905,5.625586319077987,0,5.749511833283905,0,10.889772341205646,4.794537184071822,0,30.389367852172015,63.80899173727966,0,10.969244356107037,0,67.50999999999999,11.54349236523938,14.69560176298435,0,23.517029894271847,10.969244356107037,5.563451491696996,6.923737199690624,24.26546827384644,30.33183534230805,0,4.417150937053347,5.330790107709751,0,24.085016219450743,11.068085317460316,0.6346026497018569,-0.71544364659444,16.00337060132695,0.12566822562358304,1.4679105253212394,0,0.15789473684210525,23,1,4,0,0,0,0,2,1,3,1,0,4,1,4,1,4,0,0,0,0,1,3.977030049175682,3,3.609600000000003,87.73180000000005,0,0,0,0,0,0,0,1,0,0,1,1,0,0,0,0,0,0,0,0,0,0,0,0,0,0,0,0,0,0,0,0,0,0,2,0,1,0,0,0,0,0,0,0,0,0,0,0,0,0,0,1,1,0,0,0,0,0,0,0,0,0,0,0,1,0,0,0,0,0,0,0,0,0,0,0,0,0,0,0,0,0,0,0,0
ALBENDAZOLE,11.068854593745467,11.068854593745467,0.397677337910473,-0.5327429844119058,0.8327124144827058,10.555555555555555,265.33799999999997,250.21799999999996,265.08849772,96,0,0.4131899633815872,-0.45257185717285403,0.45257185717285403,0.4131899633815872,1.5555555555555556,2.388888888888889,3.111111111111111,32.16653505104379,10.304749577449938,2.065841735427097,-1.9768419258760297,2.234175655309201,-2.112856593106414,7.9889131523706896,0.18646135446193424,2.7686852384208223,2.1939902741755097,553.246140818398,12.957819157813608,10.31822283683352,11.134719417761247,8.723876650462412,5.701650109153562,6.687248668807051,3.7294089062852156,4.897736852134921,2.3332347363357386,3.532874399050578,1.502223727720748,2.3012800860587954,-1.69,16664.71645005493,12.758811074500034,5.769921587334713,2.9509653347357694,109.31462616369996,9.720841474747257,0,0,5.948339280986494,0,6.093240070938415,5.316788604006331,9.778515705019029,0,11.761884949391115,6.923737199690624,30.372776435057627,4.895483475517775,18.143198976510057,9.53140013787187,34.836865736548546,0,9.967957041894415,0,18.24004229813441,18.179439752030653,18.19910120538483,0,0,5.316788604006331,10.742876465058316,0,11.761884949391115,28.923848260857152,4.736862953800049,0,13.344558822616634,23.094584680902603,0,11.033401435232523,0,67.01,6.093240070938415,4.794537184071822,0,0,5.948339280986494,23.207076664905323,12.005281016795308,11.761884949391115,18.19910120538483,26.94534579939142,0,4.512820287843737,1.7969976956832114,19.55018492989227,2.50902982489292,1.726627456538171,1.484182599156896,6.014054469009826,0.6045739822814136,2.15124992885635,1.3169454925118704,0.3333333333333333,18,2,5,0,0,0,1,1,1,2,0,0,4,2,6,1,4,0,0,0,0,0,4.089852191526831,2,3.2433000000000005,73.13640000000002,0,0,0,0,0,2,1,0,0,0,1,1,0,0,0,1,2,0,0,0,0,1,0,0,0,0,0,1,0,1,0,0,0,0,1,0,1,0,0,0,0,1,0,0,0,0,0,1,0,0,0,0,0,0,0,1,0,0,0,0,0,0,0,0,0,0,0,0,0,0,0,0,0,0,0,1,0,0,0,0,0,0,0,0,0
ARIPIPRAZOLE,11.54706748439649,11.54706748439649,0.08090768122471603,0.08090768122471603,0.6149801508040519,16.866666666666667,448.39400000000006,421.17800000000017,447.14803246400004,160,0,0.22421509242340937,-0.4935197501380828,0.4935197501380828,0.22421509242340937,1,1.8333333333333333,2.6666666666666665,35.49826287843537,10.030337608057737,2.1928002227518033,-2.3618287764244053,2.3258922815877963,-2.4632561672203166,6.432648109397098,-0.11593257220975868,2.755340481072627,1.1543969516664407,898.0121087625583,20.924074484064487,17.00202214494933,18.51388003698624,14.597356788324023,10.568791114657495,11.32472006067595,7.824330846087763,8.609495445837593,5.758419358128084,6.567346235473263,4.017137067374732,4.43219956801867,-1.949999999999999,8073775.827172481,21.288457529152762,9.90458795852269,5.203217187725054,187.44232758419403,14.953561288656857,5.749511833283905,0,5.907179729351506,0,0,9.694446914922299,0,0,0,35.33461391738825,49.56977397177243,44.35360058972148,22.339534866679134,9.53140013787187,40.48383205918366,0,4.899909730850477,0,25.683286491704038,49.5473623289326,52.006920529949305,0,5.749511833283905,14.953561288656857,11.374772549367124,5.749511833283905,23.20187978046503,50.13775345427777,11.21535880699783,0,24.825916360475023,36.39820241076966,10.045266627482652,0,0,44.81,0,4.794537184071822,0,5.907179729351506,23.072970214921583,69.11053128099192,5.563451491696996,0,30.33183534230805,21.182975134168895,27.938742734265084,5.890788191640256,12.502648897781196,16.344757653303947,4.175626149159894,3.0972571578001964,0.9030974070858401,11.796141392195612,3.467462302252992,5.711109737668954,0,0.43478260869565216,30,1,5,0,2,2,1,2,0,2,0,0,4,1,7,2,7,0,1,1,0,0,7.028446669958938,4,4.859300000000005,123.23670000000006,0,0,0,0,0,0,0,0,0,0,1,1,0,0,0,2,1,0,0,0,0,0,0,0,0,0,0,1,0,2,1,0,0,0,2,0,1,0,0,0,0,1,0,0,2,0,0,0,0,0,0,0,0,0,0,0,0,0,0,0,0,0,0,0,0,0,0,0,0,0,1,0,0,0,0,0,0,0,0,0,0,0,0,1,0
CITALOPRAM,13.367320213056146,13.367320213056146,0.2497774355507938,-0.5624711829176114,0.8388667572429986,19.291666666666668,324.39900000000006,303.231,324.16379151200005,124,0,0.12273124998647017,-0.36083984954317194,0.36083984954317194,0.12273124998647017,1.2083333333333333,1.9583333333333333,2.625,19.14214331715539,9.813481569168353,2.4089585720653814,-2.308290620349742,2.451029144890413,-2.283202890529862,5.474587311082876,-0.01395637277142715,2.939911705364029,2.018403095211889,764.1985832338869,17.156489770562878,14.05051896354658,14.05051896354658,11.547679167567427,8.132551129043144,8.132551129043144,6.513142221613115,6.513142221613115,4.5881904390397406,4.5881904390397406,3.40870910235363,3.40870910235363,-2.2199999999999998,348132.58450238686,16.631264146178772,6.721078415843811,3.0558017290424,141.8336970713098,9.636772684650527,11.418271652029581,0,0,0,0,0,4.39041504767482,5.261891554738487,0,18.19910120538483,74.4375663660564,0,18.239554769002186,9.127278001474869,0,5.261891554738487,4.899909730850477,0,25.049576021348624,20.640100371266954,70.53559628706515,0,6.069221312792274,0,4.39041504767482,0,0,25.54001010211743,16.944795729296654,17.148333708576654,35.09544921264,42.46456947923127,0,0,0,36.26,5.601050810983688,4.39041504767482,0,5.817220841045894,12.170333456209914,36.07675412685558,12.13273413692322,12.13273413692322,32.29444517073921,10.96913104364275,9.998754508538536,19.635224597031957,0,2.1458368115637234,9.111023379928954,3.17526378915764,-0.2497774355507938,14.458154620051266,1.7773119803476947,1.4326499905517762,4.09764560025112,0.35,24,0,3,0,1,1,0,2,0,2,1,0,3,0,4,1,5,0,0,0,0,1,4.657501270044967,3,3.812980000000003,90.91400000000006,0,0,0,0,0,0,0,0,0,0,0,0,0,0,0,2,0,0,0,0,0,0,0,0,0,0,0,0,0,0,0,0,0,0,2,0,1,0,0,0,0,1,0,0,1,0,0,0,0,0,0,0,0,0,0,0,0,1,0,0,0,0,0,0,0,0,0,0,0,0,0,0,0,0,0,0,0,0,0,0,0,0,0,0,0
DAPSONE,12.174763794406651,12.174763794406651,0.21895502645502685,-3.48361111111111,0.7916266736810947,11.294117647058824,248.30700000000002,236.21099999999996,248.061948624,88,0,0.2060918054967559,-0.3987277293482943,0.3987277293482943,0.2060918054967559,0.6470588235294118,0.9411764705882353,1.2352941176470589,32.2279158224613,10.312564344495325,2.1621860067670484,-2.046948234236828,2.217331017177993,-2.0185773171745383,7.911255426174843,0.5959133231485199,2.299425461378441,2.4961289671937283,565.0601341830188,12.466255326250886,8.99824756328785,9.814744144215576,7.998037131279782,4.96166630307866,6.4448295506730515,3.641507975150974,5.5911905921195935,2.3808018385437597,4.166337772206112,1.4300430040979335,2.6909840294701053,-2.01,6953.462595208406,11.47466814585883,4.101809822106994,2.236161413591126,99.79367710137302,11.46733495432437,0,0,9.837253136417502,0,0,0,8.417796984328938,0,0,0,48.53093654769288,11.374772549367124,9.79096695103555,8.417796984328938,21.212025685784624,0,0,0,9.79096695103555,11.46733495432437,48.53093654769288,0,0,11.46733495432437,11.374772549367124,0,0,8.417796984328938,9.837253136417502,0,0,58.32190349872843,0,0,0,86.18,9.837253136417502,8.417796984328938,0,9.79096695103555,11.374772549367124,0,24.26546827384644,24.26546827384644,0,0,11.46733495432437,24.349527588813302,0,0.4379100529100539,0,12.092172461577224,0,12.187334341143865,0,0,-3.48361111111111,0,17,4,4,0,0,0,0,2,0,2,0,0,4,2,5,0,2,0,0,0,0,0,2.7686415591824707,2,1.6838000000000002,67.16060000000002,0,0,0,2,0,0,0,0,0,0,0,0,0,0,0,0,0,2,0,0,0,0,0,0,0,0,0,0,0,2,0,0,0,0,2,0,0,0,0,0,0,0,0,0,0,0,0,0,0,0,0,0,0,0,0,0,0,0,0,0,0,0,0,0,0,0,0,0,0,0,0,0,0,0,0,0,0,1,0,0,0,0,0,0,0
EFAVIRENZ,13.600453514739229,13.600453514739229,0.0017852418745274434,-4.868966049382716,0.7328090954055055,24.285714285714285,315.67799999999994,306.60599999999994,315.027390868,110,0,0.4447293702202634,-0.4149148311825576,0.4447293702202634,0.4149148311825576,1.380952380952381,2.0952380952380953,2.7142857142857144,35.495691474249305,9.899830715386628,2.6159641576897767,-2.353463146306344,2.477271005748821,-2.48982133694423,6.303771691057353,-0.23906407118503184,3.1894533619900485,2.218109084297208,673.0222975253698,15.25071237662706,10.551969112096232,11.307898058114688,9.816298692132575,6.211506968949373,6.5894714419586,4.926981826340496,5.36341760681248,3.272306335994556,3.507403438782295,2.0518967467416793,2.223999770694547,-1.87,81905.16233590445,14.083531974442574,4.567094032752005,2.422136888883137,122.9633050682897,4.736862953800049,0,0,0,5.601050810983688,12.26953858838189,5.316788604006331,4.794537184071822,13.171245143024459,0,17.521374209088158,36.961178770092495,16.503990851599717,5.687386274683562,22.70264528089633,23.381566235854493,0,0,5.917906046161393,24.61899257427918,5.316788604006331,28.78518601082315,0,11.840868637711289,5.316788604006331,23.653168601779846,0,11.600939890232516,12.26953858838189,10.337913764783737,17.75877468387268,18.405094737549014,18.19910120538483,5.022633313741326,0,0,38.33,17.870589399365578,17.96578232709628,0,22.191377126283278,0,18.90801031431363,12.13273413692322,0,0,21.894520195517668,11.600939890232516,45.39211671705719,5.7816662292489,11.49921201814059,2.3364369173595367,-3.2719009826152683,4.601619268077601,3.809741906021668,-4.537780962179111,0,0,0.35714285714285715,21,1,3,1,1,2,1,1,0,1,1,0,2,1,7,1,0,1,0,1,0,0,3.062895944788035,3,4.073100000000001,69.7887,0,0,0,0,0,0,0,0,0,0,1,1,0,0,0,0,1,0,0,0,0,0,0,0,0,3,0,1,0,1,0,0,0,0,1,0,1,0,0,0,0,1,0,0,4,0,0,0,0,0,0,0,0,0,1,0,0,0,0,0,0,0,0,0,0,0,0,0,0,0,0,0,0,0,0,0,0,0,0,0,0,0,0,0,0
LOPINAVIR,13.824468469754573,13.824468469754573,0.11744994297403699,-0.9915267017300751,0.19987412374859306,15.782608695652174,628.8139999999999,580.4300000000003,628.362470636,246,0,0.3175948636598902,-0.4832294652830567,0.4832294652830567,0.3175948636598902,0.8913043478260869,1.5,2.0869565217391304,16.483360762748813,9.924263557445414,2.3529402365378407,-2.3699780456942037,2.2236021759453073,-2.5923203682860176,5.8748500894431155,-0.12824571003467225,3.0210665896856193,1.5215253926910406,1411.9399871126961,33.05346651713189,27.369472666574467,27.369472666574467,22.1171012961276,16.211387532744794,16.211387532744794,12.539353366501999,12.539353366501999,8.411735501010686,8.411735501010686,6.1159298989720154,6.1159298989720154,-4.369999999999999,11848943881.176159,34.50215976368346,16.800052215267485,9.813282839260593,272.27542605449304,30.693665891510225,11.791352662431866,6.606881964512918,5.907179729351506,5.907179729351506,6.031114512338072,9.589074368143644,4.794537184071822,0,0,92.71024628938218,67.70247290403466,19.13135364097311,12.145807216896262,24.22700190085622,17.845473971041084,0,20.85027554286947,5.917906046161393,77.60772416565871,19.696394776338067,101.11657785678895,0,5.749511833283905,20.68722876581904,4.794537184071822,5.749511833283905,0,71.77779474826251,22.43071761399566,19.76538044554264,48.94292361202125,78.86277189000094,0,0,0,120,24.229488875192185,19.49013894705617,0,36.7910836046414,31.680667890961075,28.674627589713992,0,4.899909730850477,106.55772068876344,15.950365812018994,4.736862953800049,5.900000577767498,0,41.32834805570983,20.73501869891124,3.8420428486675595,-0.04927602733153913,23.279468434622697,0.8314975711399005,8.63289984051281,0,0.43243243243243246,46,4,9,0,1,1,4,3,0,3,4,0,5,4,9,1,15,0,1,1,0,0,12.600827947160498,4,4.328140000000003,179.5358999999995,0,1,1,0,0,0,0,0,0,0,3,3,0,0,0,1,3,0,0,0,0,0,0,0,0,0,0,4,0,0,2,0,0,0,3,0,0,0,0,0,0,1,0,0,0,0,0,0,0,0,0,0,0,0,0,0,0,0,0,0,0,0,0,0,1,0,0,0,0,0,0,0,0,0,0,0,0,0,0,0,0,0,0,0,1
LORATADINE,12.030945661347896,12.030945661347896,0.21470047699214345,-0.21470047699214345,0.7048857984659846,16.444444444444443,382.89100000000025,359.70700000000016,382.144805656,140,0,0.4092616965062633,-0.4497093588992517,0.4497093588992517,0.4092616965062633,1.1481481481481481,1.9259259259259258,2.7037037037037037,35.495691718478525,9.88471459242739,2.263525490920828,-2.2922588552784546,2.379501180003642,-2.365938848004273,6.302781700596171,0.1042454992757233,2.847642983032509,1.7553254108779224,896.9358326942498,18.802754140504845,15.50273732838046,16.258666274398916,13.169035095596021,9.538469695377792,9.916434168387019,6.977123376220907,7.413559156692892,5.374940955493929,5.610038058281667,4.05722930839606,4.2519295347709765,-2.329999999999999,2060941.7419680161,18.052915404577863,7.729953781795351,3.5865231460805265,164.35941045226315,9.636772684650527,0,0,0,0,6.093240070938415,4.983978520947208,4.794537184071822,0,0,29.306778557225,67.49647937187048,29.88209422724882,12.300809959361379,9.53140013787187,23.267284491240197,0,9.883888251797686,0,32.60702369139466,19.696394776338067,69.50869922767117,0,0,0,4.794537184071822,0,11.600939890232516,35.67352309907417,17.578506199652068,0,42.14966291548208,42.1017834439904,5.022633313741326,5.5731045300692665,0,42.43,0,4.794537184071822,0,6.093240070938415,19.696394776338067,36.39984780029383,27.83656353522952,4.899909730850477,25.25331490822692,18.19910120538483,21.321781364979774,5.151673566299287,6.26865352259176,18.573609269618466,0.7723571118425572,7.4627827754022755,0,10.346003663666602,5.2526315353539985,3.6167329996694964,0,0.36363636363636365,27,0,4,1,1,2,1,1,1,2,0,0,3,0,5,2,1,0,1,1,0,0,5.1684519149647485,4,4.887800000000005,106.94800000000004,0,0,0,0,0,1,0,0,0,0,1,1,0,0,0,2,0,0,0,0,1,0,0,0,0,0,0,1,0,0,2,0,0,0,1,0,2,0,0,0,0,1,0,0,1,0,0,0,0,0,0,0,0,0,0,0,0,0,0,0,0,0,0,0,0,0,0,0,0,1,0,0,0,1,0,0,0,0,0,0,0,0,0,0,0
NAPROXEN,10.916244733634706,10.916244733634706,0.48472067376333317,-0.8075354833291335,0.8810778082204156,12.352941176470589,230.26299999999998,216.15099999999995,230.094294308,88,0,0.31018572532324495,-0.49674510424610224,0.49674510424610224,0.31018572532324495,1.1764705882352942,1.8235294117647058,2.4705882352941178,16.465340300415626,9.977604551810966,2.130996381682748,-2.0835013321606213,2.246121467430794,-2.0648098744292014,5.859995115372153,-0.13785840793483323,2.35984572389062,2.478964438638834,560.3959195741091,12.41384908344359,9.805162060755066,9.805162060755066,8.113392202930193,5.420871660482128,5.420871660482128,4.032443980554452,4.032443980554452,2.941891194800808,2.941891194800808,1.781186018347152,1.781186018347152,-2.03,7938.521015168045,11.455255502156714,4.454042614687935,2.228492726961196,99.64213719056528,9.843390348640755,5.749511833283905,0,0,0,5.9693052879518484,4.794537184071822,0,0,0,24.26546827384644,35.392371257240434,0,13.027703587438927,14.637927532712576,16.74175371688144,0,0,0,12.841643245852017,7.109797541277533,41.96165390246666,0,5.749511833283905,4.736862953800049,0,5.749511833283905,0,18.18563022407009,4.794537184071822,0,18.405094737549014,36.39820241076966,0,10.772448428929591,0,46.53,11.887211334113243,4.794537184071822,0,0,0,22.085411753910492,0,14.033534740968157,36.39820241076966,0,9.843390348640755,5.144088062694214,0,10.916244733634706,11.041057872235722,0.814969293272865,-0.4899107405307801,11.425672713529858,0,1.687523148148148,1.627021583681937,0.21428571428571427,17,1,3,0,0,0,0,2,0,2,1,0,2,1,3,0,3,0,0,0,0,0,3.0013056569849668,2,3.036500000000001,66.55080000000004,1,0,0,0,0,0,0,0,1,1,1,0,0,0,0,0,0,0,0,0,0,0,0,0,0,0,0,0,0,0,0,0,0,0,2,0,1,0,0,0,0,1,0,0,0,0,0,0,0,0,0,0,0,0,0,1,0,0,0,0,0,0,0,0,0,0,0,0,0,0,0,0,0,0,0,0,0,0,0,0,0,0,0,0,0
NEFAZODONE,12.877350276425577,12.877350276425577,0.04695622238655539,-0.04695622238655539,0.4542179585941736,14.545454545454545,470.01700000000034,437.7610000000003,469.22445294399995,176,0,0.3455353119749856,-0.4917337795656608,0.4917337795656608,0.3455353119749856,0.9696969696969697,1.7575757575757576,2.484848484848485,35.49569203811966,10.206739851236994,2.1762062790240493,-2.3573448621449926,2.203960547444566,-2.4641287633747746,6.303794189450361,0.24801445500453875,3.146539957997339,1.24296505715334,1073.9013681307224,23.045394827624126,19.19774926600886,19.953678212027313,16.135361590784807,11.71024499177975,12.088209464788976,8.250763024234187,8.687198804706172,6.032377949174438,6.267475051962177,4.235838867378967,4.420367246606596,-2.769999999999999,42835786.7168319,23.39026247723646,11.386687349679425,6.177896565208828,199.68897745780023,9.636772684650527,18.180798295796748,0,0,0,5.689743398203474,9.467009378641832,9.476340119217006,5.098681808301038,0,42.790145363769575,36.75265696523406,56.39937964682634,6.544756405912575,4.736862953800049,17.28832616491608,0,19.247494122088053,0,32.85489325736779,44.230573724926266,75.92862201017105,0,5.749511833283905,15.326516082853999,5.687386274683562,5.749511833283905,11.600939890232516,58.578158116163834,19.51033443475116,0,19.168963320616562,59.39184080022631,5.022633313741326,0,0,55.53,0,4.794537184071822,0,5.689743398203474,19.696394776338067,62.161974920440045,5.687386274683562,9.248902582936537,55.4546737473835,20.964868338463603,16.337802844032566,9.123971554918901,6.132075877959168,17.70780374326169,5.3446403900935,1.1359890761141982,1.6233760770773717,17.71062418954929,1.6218193922215247,8.5441441432488,0,0.44,33,0,7,0,1,1,0,2,1,3,0,0,5,0,8,2,10,0,1,1,0,0,8.070836541067566,4,3.5519000000000025,132.52399999999997,0,0,0,0,0,3,0,0,0,0,0,0,0,0,0,5,0,0,0,0,0,0,0,0,0,0,0,0,0,1,2,0,0,0,2,0,0,0,0,0,0,1,0,0,1,0,0,0,0,0,0,0,0,0,0,0,0,0,0,0,0,0,0,0,1,0,0,0,0,0,1,0,0,0,0,0,0,0,0,0,0,0,0,0,0
PHENACETIN,10.681432271982867,10.681432271982867,0.06559269232384302,-0.06559269232384302,0.770678866809672,9.384615384615385,179.219,166.11499999999998,179.094628656,70,0,0.22074743631883423,-0.49388743379012007,0.49388743379012007,0.22074743631883423,1.3846153846153846,2,2.4615384615384617,16.476037188622787,10.2755678939825,1.9495626039418545,-2.0417641409609613,2.146300427167291,-2.0480649998586262,5.881091893908425,-0.1137356013463373,2.077783779457521,2.635972640607562,279.48114931490306,9.681798275874712,7.833004438872777,7.833004438872777,6.21954535281284,4.2253974112911425,4.2253974112911425,2.638576314730446,2.638576314730446,1.485689113850501,1.485689113850501,1.0044240931795203,1.0044240931795203,-1.5100000000000002,831.1135117830083,9.577032201914708,4.499571342364573,3.15128754635011,77.71610109024209,10.05365155780638,5.749511833283905,0,5.907179729351506,0,0,4.794537184071822,0,0,0,0,31.18920547353706,12.611123474374185,6.606881964512918,9.53140013787187,11.594566004035068,0,0,0,13.847474399381248,11.923670568519249,24.26546827384644,0,5.749511833283905,10.05365155780638,5.687386274683562,5.749511833283905,0,12.514061693864424,4.794537184071822,0,13.847474399381248,24.26546827384644,0,0,0,38.33,0,4.794537184071822,0,5.907179729351506,6.606881964512918,11.436898107967467,6.923737199690624,0,31.18920547353706,5.316788604006331,4.736862953800049,5.253109410430839,0,10.681432271982867,2.679609552154195,0.7879195011337872,0.7507054936172004,7.2800925925925934,0,4.06713117808852,0,0.3,13,1,3,0,0,0,1,1,0,1,0,0,2,1,3,0,3,0,0,0,0,0,3.314810741587546,1,2.0437,51.914700000000025,0,0,0,0,0,0,0,0,0,0,1,1,0,0,0,0,1,0,0,0,0,0,0,0,0,0,0,1,0,1,0,0,0,0,1,0,0,0,0,0,0,1,0,0,0,0,0,0,0,0,0,0,0,0,0,0,0,0,0,0,0,0,0,0,0,0,0,0,0,0,0,0,0,0,0,0,0,0,0,0,0,0,0,0,0
PROPAFENONE,12.539545862536935,12.539545862536935,0.05375077976042997,-0.5981232194566433,0.4865357366381187,11.92,341.4510000000001,314.23500000000007,341.199093724,134,0,0.16642694970190108,-0.490082093130461,0.490082093130461,0.16642694970190108,1.12,1.84,2.6,16.48992392647481,10.019888292642046,2.133391230331416,-2.147896596909672,2.20455927087833,-2.3153351302804355,5.982708576754344,0.09502571937673758,2.655201967576752,1.8899771393046099,642.5992384237759,17.90756662611944,14.779853555443232,14.779853555443232,12.202708600407234,8.880973111005792,8.880973111005792,6.073886197823454,6.073886197823454,3.9089912945053737,3.9089912945053737,2.550429478771192,2.550429478771192,-2.1699999999999995,475089.9776545731,19.15866740897415,10.644512318042269,6.6866031377900255,149.39213962048515,15.160178952647087,18.460360185545124,5.783244946364939,0,0,0,4.794537184071822,0,0,0,49.38830667892189,37.08258528038481,12.965578028838586,5.563451491696996,14.637927532712578,5.783244946364939,0,5.316788604006331,0,32.29016845621695,19.696394776338067,65.72420659954848,0,5.749511833283905,10.05365155780638,0,5.749511833283905,0,36.69013350529202,6.4208216229260096,0,35.68682061300846,54.59730361615449,0,0,0,58.559999999999995,6.103966387748303,9.901064578912528,0,12.390126910877857,30.699362976745494,18.52902952053558,0,12.13273413692322,42.46456947923127,12.240525803696954,4.736862953800049,5.691969718442933,0,12.539545862536935,13.096239347288298,1.7211284619399427,0.5908833750825098,17.203050562217427,1.5634768298301374,3.5937058426618167,0,0.38095238095238093,25,2,4,0,0,0,0,2,0,2,1,0,4,2,4,0,11,0,0,0,0,1,8.157386849284013,2,3.2414000000000023,100.19800000000004,0,1,1,0,0,0,0,0,0,0,1,1,0,0,0,0,1,0,0,0,0,0,0,0,0,0,0,0,0,0,1,0,0,0,2,0,0,0,0,0,0,1,0,0,0,0,0,0,0,0,0,1,1,0,0,0,0,0,0,0,0,0,0,0,1,0,0,0,0,0,0,0,0,0,0,0,0,0,0,0,0,0,0,0,0
QUAZEPAM,14.22653793461829,14.22653793461829,0.006700680272108572,-4.454894534202569,0.5313446230748394,14.84,386.8010000000001,375.7130000000001,386.026759912,130,0,0.40586479553896154,-0.32471937909640797,0.40586479553896154,0.32471937909640797,1.12,1.84,2.52,35.495691971178545,9.994266042677696,2.3471173290761564,-2.2596155120657677,2.3219834209042434,-2.388200177556918,7.80276828832694,-0.11741311491294763,2.6485965503077495,2.1928932100785112,863.9666187950899,18.189869965382485,12.648163293210391,14.220588820156573,11.759838812336922,7.224802175127372,8.011014938600463,5.401213013274564,6.308898114176415,3.6443766060989775,4.228959691551404,2.62100795681348,3.0205585997681643,-1.9899999999999998,343385.2455542991,17.820887160529633,6.724754096545166,3.8234094381937465,151.2867209858698,4.899909730850477,17.35047934869666,0,0,0,6.176298517443475,4.992404732635668,4.39041504767482,13.171245143024459,0,35.951547470202435,30.33183534230805,16.149536297135317,17.943827683366838,17.56166019069928,40.20638671247166,0,0,4.992404732635668,6.176298517443475,17.989422542675626,64.43132661741248,0,0,4.899909730850477,23.24904646538284,0,23.81881333327921,29.965998433777518,0,5.817220841045894,11.126902983393991,47.456974211866935,5.022633313741326,0,0,15.6,18.538275764401945,17.56166019069928,0,28.495781276802028,10.586084805438322,4.899909730850477,36.39820241076966,6.06636706846161,0,4.992404732635668,23.81881333327921,53.163164961257934,11.136063375710364,5.243067523305617,0.30793178382464137,0.9150258251448744,-0.5255877188838494,10.310548684951568,-4.454894534202569,-1.4008754566641475,0,0.17647058823529413,25,0,2,0,1,1,0,2,0,2,0,0,2,0,8,1,2,0,0,0,0,0,4.793643357473632,3,5.026200000000003,94.35700000000001,0,0,0,0,0,0,0,0,0,0,0,0,1,0,1,2,0,0,0,0,0,0,0,0,0,3,0,0,0,1,0,0,0,0,2,1,1,0,0,0,0,0,0,0,5,0,0,0,0,0,0,0,0,0,0,0,0,0,0,0,0,0,0,0,0,0,0,0,0,0,0,0,0,0,0,0,0,0,0,0,0,0,0,0,0
TERFENADINE,12.057986732217813,12.057986732217813,0.12776033154962962,-0.9682326081836119,0.3969489405129481,16.82857142857143,471.6850000000001,430.3570000000003,471.31372955200004,186,0,0.11748153071975148,-0.3884207348813768,0.3884207348813768,0.11748153071975148,0.7714285714285715,1.2857142857142858,1.7714285714285714,16.28564134772957,9.717898248378171,2.4090448621014233,-2.4208459536155233,2.4153439941016557,-2.4406330950082307,5.368452223612089,-0.01460731984401142,2.8894284854414662,1.317281345957648,992.9311441153958,24.89069428924487,21.528992561839726,21.528992561839726,16.780860207396294,13.12531853622071,13.12531853622071,11.144381434592226,11.144381434592226,7.719571089142092,7.719571089142092,5.477087555206358,5.477087555206358,-2.459999999999999,75685458.59337494,25.62749040845494,11.07416336780592,6.033378319378883,210.99725115424363,15.112964520531888,5.601050810983688,0,0,0,0,0,0,0,0,105.70035055753445,78.90425819178792,0,6.103966387748303,10.213054789681411,0,0,4.899909730850477,5.917906046161393,63.57450575890468,19.634269217737724,107.18294492525057,0,0,0,0,0,0,34.747233738269614,11.016041280380467,5.917906046161393,74.81227044531221,84.92913895846256,0,0,0,43.7,11.70501719873199,10.213054789681411,0,11.332896515558172,0,62.007910184532754,5.563451491696996,0,36.39820241076966,74.20205787761523,0,0,0,2.488420781893004,22.75094411367704,3.4144192715415436,0.1763621978840091,28.702069451425807,3.2342193976758367,9.566898119236093,0,0.4375,35,2,3,0,1,1,0,3,0,3,1,0,3,2,3,1,8,0,1,1,0,1,8.108657585431693,4,6.445800000000008,144.38259999999983,0,2,1,0,0,0,0,0,0,0,0,0,0,0,0,1,0,0,0,0,1,0,0,0,0,0,0,0,0,0,0,0,0,0,3,0,0,0,0,0,0,0,0,0,0,0,0,0,0,0,0,0,0,0,0,0,0,0,0,0,0,0,0,0,0,0,0,0,0,1,0,0,0,0,0,0,0,0,0,0,0,0,0,0,0
TOLMETIN,12.309287131519275,12.309287131519275,0.08563707273032661,-0.9069121443598356,0.8540302270880286,10.421052631578947,257.289,242.16899999999995,257.10519334,98,0,0.3088453225099301,-0.4809451200596892,0.4809451200596892,0.3088453225099301,1.105263157894737,1.736842105263158,2.3157894736842106,16.36528302673076,10.069332578329817,2.1514383914453687,-2.058010096625408,2.140105836890319,-2.110705031836294,6.07675548772019,-0.135841771902801,2.7045329520726984,2.315895522566438,623.3402858231866,13.991199352633217,10.882132168251946,10.882132168251946,8.986071002992368,5.9654398679691845,5.9654398679691845,4.534592999404549,4.534592999404549,3.104503130348776,3.104503130348776,1.9667248956495886,1.9667248956495886,-2.36,20987.175708084138,13.080660013060404,5.098974739644812,2.731273488562092,110.84961775743722,9.67362704263206,0,0,5.783244946364939,0,5.9693052879518484,9.589074368143644,0,0,0,29.828919765543436,19.056471336613843,18.305051469222647,12.114749617774471,14.69560176298435,11.752550234316788,0,4.567099647791355,7.04767198267719,13.344558822616634,0,58.91296138386057,0,0,0,0,0,0,21.42617727694885,18.26303078967502,6.923737199690624,27.309296157162738,36.39820241076966,0,0,0,59.300000000000004,5.9693052879518484,9.589074368143644,0,12.204066569290948,16.95130748139392,5.563451491696996,0,35.88023990431499,19.056471336613843,0,5.106527394840706,1.6352286470143613,0,23.018534964414293,8.788522737683994,2.811793603856195,-1.0049317966652014,10.66839863105736,-0.08563707273032661,1.9600578779619184,1.7080324074074074,0.2,19,1,4,0,0,0,0,1,1,2,0,0,2,1,4,1,4,0,0,0,0,0,3.5104186833935254,2,2.1916200000000003,71.36430000000003,1,0,0,0,0,1,0,0,1,1,2,1,0,0,0,1,0,0,0,0,0,0,0,0,0,0,0,0,0,0,1,0,0,0,1,0,0,0,0,0,0,0,0,0,0,0,0,0,0,0,0,1,0,0,0,0,0,0,0,0,0,0,0,0,0,0,0,0,0,0,0,0,0,0,0,0,0,0,0,0,0,0,0,0,0
TRAZODONE,12.27032772666493,12.27032772666493,0.06354110942779179,-0.06354110942779179,0.690401062854676,15.653846153846153,371.8720000000001,349.6960000000001,371.15128800400004,136,0,0.3498279144984065,-0.3689238300897974,0.3689238300897974,0.3498279144984065,1,1.8461538461538463,2.6153846153846154,35.49569167072003,10.206753790343317,2.168915836224749,-2.3573211066940973,2.202943756882304,-2.463975947572824,6.303782201255167,0.24835684540561234,2.9855498822783675,1.2829703462588355,942.2525178703091,17.932510652501772,14.590830362795723,15.346759308814178,12.703509938206668,8.97674819597536,9.354712668984586,6.596668885863502,7.033104666335487,4.878320170537132,5.113417273324871,3.460352678315283,3.644881057542912,-2.3099999999999996,1484642.3032598575,17.121306617575115,7.514521390199096,3.613565663833185,156.7575980522456,4.899909730850477,0,5.647177220767728,0,0,5.689743398203474,9.30060433711227,9.476340119217006,0,5.098681808301038,23.733674027155736,36.75265696523406,56.17540159551341,0,0,22.935503385683806,0,19.081089080558492,0,12.965578028838586,37.62369176041335,64.16832694686096,0,0,10.58965312905395,5.687386274683562,0,11.600939890232516,51.80487111012137,6.544756405912575,0,6.4208216229260096,53.45595023491617,5.022633313741326,5.647177220767728,0,45.78,0,4.794537184071822,0,5.689743398203474,12.191933626680303,44.16723696623021,5.687386274683562,15.279341113020052,36.39820241076966,20.964868338463603,11.600939890232516,3.154081665229337,6.088980593563845,17.086666907398953,5.163146344913571,1.8263096898520166,0,13.626880596348002,2.6777583039388597,5.653953676533191,0,0.3684210526315789,26,0,6,0,1,1,0,1,2,3,0,0,4,0,7,3,5,0,1,1,0,0,4.948400954074059,4,2.3617,104.17400000000002,0,0,0,0,0,3,0,0,0,0,0,0,0,0,0,5,0,0,0,0,0,0,0,0,0,0,0,0,0,1,1,0,0,0,1,0,1,0,0,0,0,0,0,0,1,0,0,0,0,0,0,0,0,0,0,0,0,0,0,0,0,0,0,0,0,0,0,0,0,0,1,0,0,1,0,0,0,0,0,0,0,0,0,0,0
ALLOPURINOL,9.048981481481482,9.048981481481482,0.042824074074073515,-0.042824074074073515,0.5365398515296618,10.4,136.114,132.082,136.038510748,50,0,0.22477322677593464,-0.49267043275163086,0.49267043275163086,0.22477322677593464,1.4,2.3,3.1,16.265421956031396,10.421221178909969,2.00191971269212,-1.873139657799907,2.1489523571067037,-1.785264021406059,5.777959671196086,0.45909261717933275,2.3571021521226503,2.950090305322589,355.1754374062279,6.974691494688164,4.943554920379083,4.943554920379083,4.877010097711744,2.7076989948362122,2.7076989948362122,1.829559962302008,1.829559962302008,1.2269778865234728,1.2269778865234728,0.752214548263444,0.752214548263444,-1.65,372.42214003537873,5.159860161857645,1.6629234524260401,0.5397705083562873,55.74385933568674,5.106527394840706,11.713544289229336,5.647177220767728,5.879988336435371,0,0,5.098681808301038,9.967957041894415,5.098681808301038,0,0,0,0,6.196843571613076,5.106527394840706,11.033401435232523,0,20.16532065849649,0,0,0,12.524163646377618,0,5.879988336435371,0,0,5.879988336435371,0,25.271848053337195,0,0,0,12.524163646377618,0,11.033401435232523,0,74.69,0,0,0,5.879988336435371,11.033401435232523,0,12.524163646377618,0,0,20.16532065849649,5.106527394840706,0,0,7.3768518518518515,15.866851851851852,0.5486111111111114,-0.042824074074073515,0,2.7505092592592595,0,0,0,10,2,5,0,0,0,0,0,2,2,0,0,4,2,5,2,0,0,0,0,0,0,0.8580452474391901,2,0.058499999999999885,33.3485,0,0,0,0,0,4,1,1,0,0,0,0,0,0,0,3,1,0,0,0,0,1,0,0,0,0,0,0,0,0,0,0,0,0,0,0,1,0,0,0,0,0,0,0,0,0,0,0,0,0,0,0,0,0,0,0,0,0,0,0,0,0,0,0,0,0,0,0,0,0,0,0,0,0,0,0,0,0,0,0,0,0,0,0,0
AMIODARONE,13.588031555635721,13.588031555635721,0.015348308282093104,0.015348308282093104,0.16764724626749733,11.419354838709678,645.3190000000002,616.0870000000002,645.0236897880001,166,0,0.19675040898984844,-0.4900306764557738,0.4900306764557738,0.19675040898984844,1.064516129032258,1.7419354838709677,2.3870967741935485,126.91372281423514,9.980847793714867,2.2300226335448556,-2.187790087636319,2.330554121481118,-2.2768004465860723,14.113720638914112,0.10331978893686514,3.1404221106059236,1.8888647726408172,1017.4182948418052,22.38010440969447,18.341736496353594,22.656733078706235,14.993932260492077,10.888744028304075,13.046242319480395,7.4734361391367825,9.797817503911748,5.461660913120074,7.064249090033275,3.6482951301721394,5.727816628805918,-1.13,10080001.27373847,24.511205068165516,11.651596931772385,5.815185868306782,211.53743162157704,14.053923621703873,23.699661358313506,5.783244946364939,0,0,0,4.794537184071822,0,0,0,45.39113442738271,82.8911768942721,23.915253735000377,12.703816033827788,13.948551074925218,61.934230556608085,0,4.899909730850477,0,40.0336764678499,26.241151182250643,60.425717355168885,0,5.749511833283905,4.736862953800049,0,5.749511833283905,45.181741254136114,36.92430585946606,6.4208216229260096,7.140364542130793,55.29454243126415,40.815353347823006,0,10.969244356107037,0,42.68,0,4.794537184071822,0,5.783244946364939,17.73378494790691,68.51610223691192,0,0,36.39820241076966,70.85286258405846,9.154013890853395,14.066643576924024,4.537657986065562,15.920837509397039,0.8918227299408966,2.1506936465053705,1.659588804839891,11.675470526325077,2.8209082632689797,10.016376956733163,0,0.4,31,0,4,0,0,0,0,2,1,3,0,0,4,0,6,1,11,0,0,0,0,0,9.212731669880034,3,6.936200000000007,143.41749999999985,0,0,0,0,0,0,0,0,0,0,1,1,0,0,0,1,0,0,0,1,0,0,0,0,0,0,0,0,0,0,1,0,0,0,2,0,1,0,0,0,0,1,1,0,2,0,0,0,0,0,0,1,0,0,0,0,0,0,0,0,0,0,0,0,1,0,0,0,0,0,0,0,0,0,0,0,0,0,0,0,0,0,0,1,0
CANNABIDIOL,10.547858481355505,10.547858481355505,0.019390563324094945,0.019390563324094945,0.5107748679217478,21.08695652173913,314.469,284.229,314.2245802,126,0,0.1228680700425884,-0.507496958287349,0.507496958287349,0.1228680700425884,1.2173913043478262,1.8695652173913044,2.4347826086956523,16.267814077888172,9.734342694369003,2.2949631953238776,-2.311029791466631,2.459921431722998,-2.1683928947963564,5.513978029431029,0.40566495727730306,2.4633089217689985,2.3375972353933356,574.8542872870768,16.98276318419594,14.730926005253881,14.730926005253881,10.934759407976111,8.810621447760548,8.810621447760548,7.035176467057496,7.035176467057496,4.978700780499613,4.978700780499613,3.650772991809055,3.650772991809055,-1.6999999999999995,112504.2450750337,17.650700798326934,7.718305790607233,4.1858930231699,140.1089651219404,10.213054789681411,11.49902366656781,0,0,0,0,0,0,0,0,43.566545296113546,63.14485256586689,11.48135753785839,0,10.213054789681411,0,0,0,5.917906046161393,65.21404738278933,0,47.06080197088812,0,11.49902366656781,0,0,11.49902366656781,0,10.213054789681411,6.4208216229260096,5.917906046161393,69.92012874325731,35.93389898749413,0,0,0,40.46,0,10.213054789681411,0,23.334835758890595,5.563451491696996,36.8198425134703,18.414747775921285,0,19.056471336613843,26.502430189813627,0,0,0,0,21.09571696271101,4.110900134617667,0.74053716882631,3.6626473922902494,8.607925643719016,10.448939364502412,0,0.5238095238095238,23,2,2,1,0,1,0,1,0,1,2,0,2,2,2,0,6,0,0,0,0,0,5.923195920869673,2,5.846500000000006,97.03660000000006,0,0,0,0,0,0,0,2,0,0,0,0,0,0,0,0,0,0,0,0,0,0,0,0,0,0,3,0,0,0,1,0,0,0,1,0,0,0,0,0,0,0,0,0,0,0,0,0,0,0,0,0,0,0,0,0,0,0,0,0,0,0,0,0,0,2,2,0,0,0,0,0,0,0,0,0,0,0,0,0,0,0,0,2,0
CARBAMAZEPINE,11.75297052154195,11.75297052154195,0.4735185185185171,-0.4735185185185171,0.748363450121821,12.555555555555555,236.274,224.17799999999994,236.094963004,88,0,0.3234221961741316,-0.35088383744826684,0.35088383744826684,0.3234221961741316,0.8333333333333334,1.2777777777777777,1.7222222222222223,16.162539663353666,10.135516398413017,2.2056372732933185,-2.220468335143449,2.351027673517255,-2.3159039816860867,6.042905677902147,0.25577663691790836,2.548225653496903,2.305250789577583,596.9467906495955,12.535169427003234,9.706314847049708,9.706314847049708,8.770856947829097,5.729003813978893,5.729003813978893,4.124612648148249,4.124612648148249,3.018151561343786,3.018151561343786,2.2109625427574167,2.2109625427574167,-2.549999999999999,20630.434890710927,10.59432558024975,4.035866968245452,1.5691552778201157,105.1491359502972,5.733667477162185,0,0,0,0,6.031114512338072,4.899909730850477,4.794537184071822,0,0,48.55024262443742,23.259637120317212,0,11.374772549367124,4.794537184071822,29.557927275372958,0,0,5.733667477162185,0,4.899909730850477,59.65783953108687,0,0,10.633577208012662,16.169309733438947,0,0,6.031114512338072,0,0,11.126902983393991,48.53093654769288,0,12.152040213667762,0,46.330000000000005,6.031114512338072,4.794537184071822,0,0,0,22.501675532761116,0,4.899909730850477,60.68297676136064,0,5.733667477162185,0,0,13.299266817838246,0,9.106447467876041,0,14.93335978835979,3.994259259259259,0,0,0,18,2,3,0,1,1,2,2,0,2,0,0,1,1,3,1,0,0,0,0,0,0,2.3754049255648777,3,3.3872000000000018,73.53440000000003,0,0,0,0,0,0,0,0,0,0,1,1,0,0,0,1,0,1,0,0,0,0,0,0,0,0,0,2,0,2,0,0,0,0,2,0,2,0,0,0,0,0,0,0,0,0,0,0,0,0,0,0,0,0,0,0,0,0,0,0,0,0,0,0,2,0,0,0,0,0,0,1,0,0,0,0,0,0,0,0,0,0,0,0,1
CELECOXIB,13.125483518272116,13.125483518272116,0.1376510348234279,-4.60591713382884,0.7541053298167572,12.346153846153847,381.3790000000001,367.2670000000001,381.07588234799994,136,0,0.43469853500899064,-0.23250484922259315,0.43469853500899064,0.23250484922259315,1,1.5769230769230769,2.076923076923077,32.233116626319514,10.094578821622841,2.349147626804868,-2.085321262938283,2.3297472288710823,-2.119616684916123,7.88760342523463,-0.14088923581787702,3.002355186183017,2.160670373157657,1038.352309274621,19.112519696192855,13.526568173315447,14.343064754243173,12.05368002394561,7.431011521006022,8.977330998927583,5.729316679572381,7.290739737039967,3.7569511614798285,4.686182394891396,2.423419691271623,2.9388595172454783,-2.649999999999999,574866.9522088347,18.150392143132244,6.257288917142293,3.630382561957936,147.47998201558556,0,0,5.693927994848461,10.023291153407584,0,6.176298517443475,0,18.238573657082064,18.269926951325495,0,29.828919765543436,37.255572541998674,5.563451491696996,16.276797745049798,21.589042127353398,10.023291153407584,0,9.780484743446221,5.138973737607942,17.995519192651873,0,65.85468310269995,0,16.944765761229018,5.138973737607942,13.171245143024459,0,0,18.19828172777516,16.199589670851058,6.923737199690624,11.257379486545457,59.49278709167226,0,16.944765761229018,0,77.98,21.89351766569952,21.589042127353398,0,16.276797745049798,5.563451491696996,16.31162149530379,24.26546827384644,24.26546827384644,6.923737199690624,5.098681808301038,5.138973737607942,63.188196062459355,0,-0.1376510348234279,8.696206250372224,0.9955943825277807,0,13.057512641554172,-4.60591713382884,1.8692489037768758,-3.8965234053714837,0.11764705882352941,26,2,5,0,0,0,0,2,1,3,0,0,3,1,9,1,3,0,0,0,0,0,4.368163369192613,3,3.5139200000000006,90.1122,0,0,0,0,0,2,0,0,0,0,0,0,0,0,0,2,0,1,0,0,0,0,0,0,0,3,0,0,0,0,1,0,0,0,2,0,0,0,0,0,0,0,0,0,3,0,0,0,0,0,0,0,0,0,0,0,0,0,0,0,0,0,0,0,0,0,0,0,0,0,0,0,1,0,0,0,1,0,0,0,0,0,0,0,0
CLOZAPINE,6.176539767362579,6.176539767362579,0.7064663118333755,0.7064663118333755,0.8001222420891722,17.652173913043477,326.83100000000013,307.6790000000001,326.129824288,118,0,0.1383215959494366,-0.35347061187973944,0.35347061187973944,0.1383215959494366,1,1.7826086956521738,2.608695652173913,35.49569150570968,10.110338865929831,2.2321748533719035,-2.343811344937953,2.3602289569184194,-2.469656321149377,6.306739836610217,0.21560614354681043,2.71956702625972,1.8304332090303408,763.3669443617505,15.81119030894213,13.089484268582675,13.845413214601129,11.20350993820667,7.887311430224071,8.265275903233299,6.057789066332256,6.494224846804241,4.426249106226114,4.6613462090138515,3.0688181488680373,3.235161703909333,-2.0399999999999996,295595.17921822146,14.545837274701016,5.870760385193409,2.799077045717136,140.93460594163878,15.116608065707286,5.835619785757269,0,0,0,0,0,4.992404732635668,0,0,23.733674027155736,37.37950732498524,42.45249670377218,11.374772549367124,0,34.49871850004047,0,9.799819461700954,4.992404732635668,0,38.54348621033382,53.05065428466959,0,0,5.316788604006331,17.062158824050687,0,11.600939890232516,48.86213685378571,0,0,5.563451491696996,47.456974211866935,5.022633313741326,0,0,30.869999999999997,0,0,0,0,5.022633313741326,54.64025572515524,0,0,24.26546827384644,40.363381253769305,16.593344622868184,0,6.176539767362579,9.68859817229361,4.204200076635593,4.115029237003444,1.0298302469135803,14.156845675513003,0,4.076557819629909,2.163510115759394,0.2777777777777778,23,1,4,0,2,2,0,2,0,2,0,0,4,1,5,2,0,0,1,1,0,0,3.712831532251495,4,3.7227000000000023,96.44370000000004,0,0,0,0,0,0,0,0,0,0,0,0,0,0,1,3,1,0,0,1,0,0,0,0,0,0,0,0,1,2,0,0,0,0,2,0,2,0,0,0,0,0,0,0,1,0,0,0,0,0,0,0,0,0,0,0,0,0,0,0,0,0,0,0,1,0,0,0,0,0,1,0,0,0,0,0,0,0,0,0,0,0,0,0,0
CYCLOSPORINE,15.129540232260645,15.129540232260645,0.022871036214434204,-1.6099396139050233,0.14792471467331683,26.905882352941177,1202.634999999999,1090.7469999999994,1201.8413679919997,486,0,0.24564364922042153,-0.3901264861786781,0.3901264861786781,0.24564364922042153,0.4588235294117647,0.8705882352941177,1.3176470588235294,16.273889771185363,9.910534611559804,2.454596887577588,-2.413470152080403,2.2551308876365077,-2.632872478239995,5.9928910312952635,-0.1572231506252422,3.6235714976617714,4.320268725023782,2325.0756756660257,65.97699784625158,56.065192811200475,56.065192811200475,39.20908852409762,30.561842569458122,30.561842569458122,26.092602009282324,26.092602009282324,16.076565622203677,16.076565622203677,10.681299011251538,10.681299011251538,-6.130000000000002,77044971053155360,76.88267909217701,34.871505276546664,21.65558178074552,508.39454709884245,60.67304992681937,60.418408291479594,0,64.97897702286656,0,0,52.73990902479004,0,0,0,109.08436100933646,100.72148365975767,49.33370387874032,12.648722793660877,57.84643641963074,64.97897702286656,0,55.566522531978656,41.42534232312975,222.75083681152464,55.878460284652895,12.152040213667762,0,0,21.267154416025324,0,0,0,226.78570749754144,52.73990902479004,41.42534232312975,156.22846213229667,12.152040213667762,0,0,0,278.8,155.79982624649122,48.2573620514871,9.589074368143644,55.77573229927562,6.4208216229260096,9.799819461700954,87.68072693237394,54.54218050466824,61.46591770435886,21.267154416025324,0,0,0,168.5176416373319,23.063634152153917,0,-9.707807854954714,-12.327153438745825,3.042918338283876,29.328545063880714,9.915555435383464,0.7903225806451613,85,5,23,0,1,1,11,0,0,0,12,0,12,5,23,1,15,0,1,1,0,0,31.541349995739935,1,3.2690000000000046,328.4446000000004,0,1,1,0,0,0,0,0,0,0,11,11,0,0,0,7,4,0,0,7,0,0,0,0,0,0,2,11,0,0,0,0,0,0,0,0,0,0,0,0,0,0,0,0,0,0,0,0,0,0,0,0,0,0,0,0,0,0,0,0,0,0,0,0,0,0,0,0,0,0,0,0,0,0,0,0,0,0,0,0,0,0,0,0,0
DOMPERIDONE,12.488561503473987,12.488561503473987,0.04747898624348523,-0.06534465874705475,0.514301695573136,16.033333333333335,425.92000000000013,401.7280000000001,425.161852688,156,0,0.3262156251940311,-0.30554008557044815,0.3262156251940311,0.30554008557044815,0.9,1.6666666666666667,2.5,35.49569188314358,10.04133097319773,2.2311512390565302,-2.320796457376514,2.2585483014107606,-2.3742886816623963,6.307411795796693,0.18265715714931832,3.234706662111864,1.207580166237282,1306.5523076910547,20.664561460070644,16.60465146225967,17.360580408278125,14.597356788324023,10.39664839361284,10.77461286662207,7.986933394236682,8.423369174708666,6.138449688540684,6.3735467913284225,4.6481664107991785,4.820269434752047,-2.7699999999999996,12343200.702512827,19.20880085457703,7.812409595225632,3.4812027806465258,177.4292360249599,14.867866772744893,0,0,0,0,11.379486796406947,9.13419929558271,9.589074368143644,0,0,23.733674027155736,56.13905661699866,30.698743360627013,22.066802870465047,0,33.667742760697564,0,24.002066068327604,0,31.849062103838566,19.634269217737724,68.45576395752319,0,0,11.379486796406947,0,0,11.600939890232516,43.636335286065325,6.544756405912575,0,25.30430569792599,52.053643847374914,5.022633313741326,22.066802870465047,0,78.82,0,9.589074368143644,0,17.42132762555491,11.567389719653901,60.963536956980796,0,6.06636706846161,45.53240170635237,14.867866772744893,11.600939890232516,3.701603250603105,6.051349556332131,32.94836449110783,0.625024764242198,3.4375997909202223,0,13.535859961658153,2.780748338361975,3.5305609578854957,0,0.36363636363636365,30,2,7,0,1,1,0,2,2,4,0,0,3,2,8,3,5,0,1,1,0,0,5.002234003635864,5,3.353200000000002,119.45540000000001,0,0,0,0,0,4,2,0,0,0,0,0,0,0,0,3,2,0,0,0,1,2,0,0,0,0,0,0,0,0,1,0,0,0,2,0,2,0,0,0,0,0,0,0,1,0,0,2,0,0,0,0,0,0,0,0,0,0,0,0,0,0,0,0,2,0,0,0,0,1,0,0,0,0,0,0,0,0,0,0,0,0,0,0,0
DRONABINOL,10.679840718694887,10.679840718694887,0.17723359945830164,-0.17723359945830164,0.5673159936374234,25.130434782608695,314.46900000000005,284.229,314.2245802,126,0,0.127411355440063,-0.5074970062918116,0.5074970062918116,0.127411355440063,1.2608695652173914,2.0434782608695654,2.782608695652174,16.504901456707866,9.676543721848796,2.4466973338107754,-2.46147612635535,2.5294159445112077,-2.447532358381289,5.534926885525811,0.010710087369299136,2.4550054638976895,1.9891758863693303,612.5127389825382,16.61251969619286,14.984853919031238,14.984853919031238,10.919852082725852,9.14170954988116,9.14170954988116,7.873345918169844,7.873345918169844,5.595564943912699,5.595564943912699,4.302686489418684,4.302686489418684,-1.44,138339.5578906348,16.418913124313605,6.220672056037987,3.1310886377156444,140.11204847790628,9.843390348640755,17.100074477551498,0,0,0,0,0,0,0,0,31.41450508244579,64.15068371939613,17.399263584019785,0,9.843390348640755,0,0,0,5.917906046161393,77.73883539346363,0,34.90876175722036,0,11.49902366656781,4.736862953800049,0,11.49902366656781,0,10.707578205824394,6.4208216229260096,5.917906046161393,76.84386594294793,23.781858773826368,0,0,0,29.46,0,5.106527394840706,0,11.518956857145081,11.6674178794453,30.575428193758928,30.39902089054429,0,6.06636706846161,39.837335974057986,4.736862953800049,6.362539682539683,0,0,10.679840718694887,3.4564699374482486,2.0434075391966804,4.130431311413455,9.26364470289023,8.813666107816818,0,0.6190476190476191,23,1,2,1,1,2,0,1,0,1,2,0,2,1,2,1,4,0,0,0,0,0,4.440724959257956,3,5.735800000000006,95.26480000000006,0,0,0,0,0,0,0,1,0,0,0,0,0,0,0,0,0,0,0,0,0,0,0,0,0,0,2,0,0,0,1,0,0,0,1,0,3,0,0,0,0,1,0,0,0,0,0,0,0,0,0,0,0,0,0,0,0,0,0,0,0,0,0,0,0,1,1,0,0,0,0,0,0,0,0,0,0,0,0,0,0,0,0,2,0
DROSPIRENONE,12.15232662010575,12.15232662010575,0.05607907900814668,-0.130629671621735,0.6002668837960434,62,366.50100000000015,336.2610000000001,366.21949481999997,144,0,0.30601854886446717,-0.45813882846858006,0.45813882846858006,0.30601854886446717,1,1.8518518518518519,2.6296296296296298,16.56366047319392,9.449727915935343,2.8052187941837956,-2.5968250941190005,2.817709278889368,-2.570199185077889,5.915660220416841,-0.17701561449317008,3.5286601666518336,1.3334926927509603,827.4829214489885,18.344570503761734,16.50040127440098,16.50040127440098,12.889430877103562,11.35755579378229,11.35755579378229,11.52488758135815,11.52488758135815,10.871628548052923,10.871628548052923,9.74192572887322,9.74192572887322,-1.12,4592067.78045453,15.762619736181318,4.385305417579091,1.5769785260860938,160.8390879816571,4.736862953800049,5.601050810983688,5.783244946364939,0,0,5.9693052879518484,9.589074368143644,0,0,0,19.420578929450514,85.52337659075508,24.174539761410188,0,14.325937321943693,11.752550234316788,0,0,52.2553232619233,70.81509819377301,0,11.649124636903148,0,0,0,0,0,0,17.353601045300476,14.325937321943693,52.2553232619233,65.21404738278933,11.649124636903148,0,0,0,43.370000000000005,0,9.589074368143644,0,22.400337037729095,24.039878661613738,48.85199509958498,31.256391021773304,0,0,19.92349450621513,4.736862953800049,6.215653304327548,0,24.300680335660946,0,1.8495989622700937,5.651674084693564,0,10.58065229410941,4.9850743522717735,0,0.8333333333333334,27,0,3,6,1,7,0,0,0,0,10,0,3,0,3,1,0,5,1,6,1,0,2.5601445083079644,7,4.305900000000004,99.49300000000005,0,0,0,0,0,0,0,0,0,0,2,2,0,0,0,0,0,0,0,0,0,0,0,0,0,0,1,0,0,0,0,0,0,0,0,0,12,0,0,0,1,1,0,0,0,0,0,0,0,0,0,1,0,0,0,0,0,0,0,0,0,0,0,0,0,0,0,0,0,0,0,0,0,0,0,0,0,0,0,0,0,0,0,0,0
HALOPERIDOL,12.905095918537544,12.905095918537544,0.04136916296244819,-0.8005754945035277,0.759345285057915,17.192307692307693,375.87100000000015,352.6870000000001,375.140134876,138,0,0.16242475251779714,-0.38506878637379266,0.38506878637379266,0.16242475251779714,1.0769230769230769,1.6923076923076923,2.3076923076923075,35.49569167517025,9.842207251247663,2.331757980620463,-2.3821509470020943,2.329680067833624,-2.4246587286308166,6.30092249018923,-0.025991976511100384,2.6423092753753683,1.4445792101332056,737.611323693879,18.57070333293597,14.627154049305076,15.383082995323532,12.460145542249931,8.95777329591331,9.335737768922536,6.91374111744987,7.350176897921855,5.109169286757554,5.361145602097039,3.4386964145742724,3.564684572244015,-1.75,770962.4311319235,19.02387755102041,8.295268231160758,4.697041636230826,157.95153635385225,10.006437125691182,5.817220841045894,5.783244946364939,0,0,0,4.794537184071822,4.39041504767482,0,0,23.733674027155736,67.76887517715726,30.096419240189483,5.601050810983688,14.291479626587348,17.384184836597456,0,4.899909730850477,0,31.284337302687728,19.634269217737724,70.4976936858741,0,0,0,4.39041504767482,0,11.600939890232516,35.42395128979385,5.601050810983688,5.817220841045894,41.60472665916985,48.53093654769288,5.022633313741326,0,0,40.540000000000006,5.601050810983688,14.291479626587348,0,11.600465787410833,29.84854967421635,31.618542332360732,24.26546827384644,0,24.26546827384644,4.899909730850477,11.600939890232516,12.905095918537544,5.91792141513375,14.40157734459167,11.548718608449065,0.6671979224721805,-0.2891484237246511,13.087116898603641,2.5419143929763517,2.4140503674048945,0,0.38095238095238093,26,1,3,0,1,1,0,2,0,2,0,0,3,1,5,1,6,0,1,1,0,0,6.069544887787382,3,4.425600000000004,100.98730000000005,0,1,0,0,0,0,0,0,0,0,1,1,0,0,0,1,0,0,0,0,1,0,0,0,0,0,0,0,0,0,0,0,0,0,2,0,0,0,0,0,0,0,0,0,2,0,0,0,0,0,0,1,1,0,0,0,0,0,0,0,0,0,0,0,0,0,0,0,0,1,0,0,0,0,0,0,0,0,0,0,0,0,0,0,0
IMATINIB,12.929507254117228,12.929507254117228,0.14280062490789214,-0.14280062490789214,0.38941616262964607,14.324324324324325,493.6150000000002,462.3670000000003,493.2590086120001,188,0,0.2551591618569856,-0.3238440024866884,0.3238440024866884,0.2551591618569856,0.972972972972973,1.7837837837837838,2.5405405405405403,16.149174541145634,10.09864961256998,2.1437229105512805,-2.3186634370610646,2.2447432353103665,-2.4337906261321525,6.041186003498942,0.10220047380487557,2.927880367656223,1.2352995604028638,1350.5562649808828,25.61430892837647,21.185403673361527,21.185403673361527,18.03000977870159,12.456873504443717,12.456873504443717,9.392360222954535,9.392360222954535,6.57299526449469,6.57299526449469,4.2778297250256205,4.2778297250256205,-4.139999999999999,321337165.8084787,24.549827238551874,11.281649166992505,6.354664605160738,216.95624924983875,15.533486938863138,0,0,5.948339280986494,5.907179729351506,0,14.678425435869507,9.967957041894415,0,0,18.19910120538483,67.56288164499307,73.81598827716321,5.693927994848461,4.794537184071822,23.230291559705126,0,24.75175502454258,0,13.4684936056032,43.86027481434016,95.94455587454632,0,11.257379486545457,10.633577208012662,17.323111830353618,0,0,63.885632360221564,6.544756405912575,6.923737199690624,21.48489165916281,79.25420139945533,0,11.257379486545457,0,86.28000000000002,0,4.794537184071822,0,5.907179729351506,17.19917704736705,55.231999282488886,5.563451491696996,18.59053071483923,67.58740788430673,42.43300421523243,0,0,0,30.86465699844102,6.293713638195605,6.081945305101588,0.3330038239571089,19.314837924044234,5.216715025503322,7.235456885744247,2.1596703990128807,0.2413793103448276,37,2,8,0,1,1,1,2,2,4,0,0,7,2,8,3,7,0,1,1,0,0,7.485474000422125,5,4.590320000000004,146.8938999999998,0,0,0,0,0,3,0,0,0,0,1,1,0,0,0,5,2,0,0,1,0,0,0,0,0,0,0,1,0,3,1,0,0,0,2,0,0,0,0,0,0,0,0,0,0,0,0,0,0,0,0,0,0,0,0,0,0,0,0,0,0,0,0,0,0,0,0,0,0,0,1,0,0,1,0,0,0,0,0,0,0,0,0,0,0
LAMOTRIGINE,6.025202979339883,6.025202979339883,0.013333805744520477,0.013333805744520477,0.8138095128696987,10.375,256.09599999999995,249.04,255.00785058399998,82,0,0.24159882707027738,-0.38170555251762106,0.38170555251762106,0.24159882707027738,1.0625,1.8125,2.5,35.49826138895085,10.13904096464483,2.1235511083648313,-2.0587581371647787,2.3348257735061084,-2.0404413712940643,6.432896462236653,0.9995250045250361,2.2308774121599892,2.632549823314152,543.4177085952952,11.706742302257043,7.984321078466458,9.496178970503367,7.592224152875013,4.293758869055061,5.049687815073517,3.005227922248451,3.790392521998285,1.9367940267727524,2.755696596897387,1.2297075496992582,1.6197383076620624,-1.5899999999999994,4372.519727833579,10.912299045640236,4.112336342245376,1.8678974160414947,101.40220868459402,11.46733495432437,5.693927994848461,5.817862777835028,5.948339280986494,0,0,0,0,4.983978520947208,10.197363616602075,35.33461391738825,6.06636706846161,5.563451491696996,10.045266627482652,0,34.968081839286555,0,15.181342137549283,0,0,11.46733495432437,28.244367832867486,0,11.257379486545457,11.46733495432437,11.766202058821523,0,23.20187978046503,15.181342137549283,0,0,0,18.19910120538483,10.045266627482652,11.257379486545457,0,90.71,0,0,0,11.766202058821523,21.30264611402811,0,0,18.19910120538483,0,15.181342137549283,34.6692147347894,0,11.906493151787462,3.800942302847065,8.238624181153943,11.965103125612385,0.17691405265810123,5.134145408163265,0,0,0,0,16,4,5,0,0,0,0,1,1,2,0,0,5,2,7,1,1,0,0,0,0,0,2.804690246427242,2,2.0098,64.10780000000001,0,0,0,2,0,3,0,0,0,0,0,0,0,0,0,3,0,2,0,0,0,0,0,0,0,0,0,0,0,2,0,0,0,0,1,0,0,0,0,0,0,0,0,0,2,0,0,0,0,0,0,0,0,0,0,0,0,0,0,0,0,0,0,0,0,0,0,0,0,0,0,0,0,0,0,0,0,0,0,0,0,0,0,0,0
NEVIRAPINE,12.403475056689343,12.403475056689343,0.11703703703703683,-0.11703703703703683,0.8617161250864191,17.05,266.30400000000003,252.19199999999998,266.116761068,100,0,0.259040848923194,-0.31847430289572753,0.31847430289572753,0.259040848923194,1.2,2,2.8,16.14955052219292,10.201193707182512,2.3736053607112586,-2.231660272489432,2.4299470055284274,-2.22211634138211,6.114423212087304,0.10228199869188304,3.2711651994369526,2.0018389097081015,708.7697433173414,13.689869965382487,11.12820425447459,11.12820425447459,9.754020195423491,6.766994855590685,6.766994855590685,5.256326351105965,5.256326351105965,3.777533228333562,3.777533228333562,2.6070043736203012,2.6070043736203012,-2.43,110375.65615940165,11.401137803518536,4.030422454929436,1.5916576426488964,116.21205950623377,10.216698334856808,5.817862777835028,5.817862777835028,0,5.907179729351506,0,4.794537184071822,9.967957041894415,0,0,0,43.52793314262446,18.435527972374114,11.250837766380558,4.794537184071822,23.230291559705122,0,9.967957041894415,0,25.807221274690605,10.216698334856808,41.71969133200497,0,0,10.216698334856808,17.323111830353618,0,0,21.91697760039388,0,6.923737199690624,28.763083413317833,30.59278834861098,0,0,0,58.120000000000005,0,4.794537184071822,0,5.907179729351506,17.423155098679985,29.910343790067603,0,18.460054211687762,19.056471336613843,20.184655376751223,0,0,0,23.42349584278156,2.9763888888888888,2.417598261526833,1.399305555555556,5.908469387755101,5.726640211640211,1.9814351851851852,0,0.26666666666666666,20,1,5,1,1,2,1,0,2,2,0,0,4,1,5,3,1,1,0,1,0,0,2.297570090752299,4,2.6512200000000004,76.32520000000002,0,0,0,0,0,2,0,0,0,0,1,1,0,0,0,3,1,0,0,0,0,0,0,0,0,0,0,1,0,3,1,0,0,0,0,0,2,0,0,0,0,0,0,0,0,0,0,0,0,0,0,0,0,0,0,0,0,0,0,0,0,0,0,0,0,0,0,0,0,0,0,0,0,2,0,0,0,0,0,0,0,0,0,0,0
NIFEDIPINE,12.340656651549509,12.340656651549509,0.1275925925925927,-0.9696759259259264,0.5055052971214055,14.88,346.33900000000006,328.19500000000005,346.11648629599995,132,0,0.33597830173148835,-0.46558003067236686,0.46558003067236686,0.33597830173148835,1.04,1.52,1.96,16.62860738626354,9.794652381537624,2.398947305491296,-2.2926806697696036,2.4181837426654367,-2.3186520584714585,5.997152537009518,-0.38520771150232286,2.5932665724561046,2.803490087611988,771.1110283918142,18.723250160202095,14.283454684231268,14.283454684231268,11.82780492029403,7.415124004249607,7.415124004249607,5.434451728861826,5.434451728861826,4.01543539399127,4.01543539399127,2.9639806125237675,2.9639806125237675,-3.1599999999999997,291739.89613473933,18.18259494971491,7.163418786222467,3.232043293699175,143.81370172517111,14.790514511606428,0,0,0,5.687386274683562,11.938610575903697,10.114318268765572,9.589074368143644,0,0,18.19910120538483,13.847474399381248,23.023897186270272,36.20702123767266,23.98611132456141,17.62599685058726,0,5.316788604006331,0,19.76538044554264,14.219595082555067,62.48352572055921,0,0,5.316788604006331,5.687386274683562,0,0,31.081516707276432,19.06280027574374,10.114318268765572,25.328831937239634,46.80575596009664,0,0,0,107.77000000000001,22.77982767088276,19.703392636909218,0,22.39704682651909,11.394078626111666,0,32.418696287939895,19.913841467842857,0,5.316788604006331,9.473725907600098,9.655559334845048,0,35.57659005731922,14.391040406903503,1.1918650793650811,-2.3269831821617526,5.96895667989418,0,3.288860544217687,2.4207777462836986,0.29411764705882354,25,1,8,0,1,1,0,1,0,1,0,0,7,1,8,1,4,0,0,0,0,0,5.209981689802462,2,2.1756,88.40510000000003,0,0,0,0,0,0,0,0,0,0,2,2,0,0,0,1,1,0,0,0,0,0,0,0,0,0,2,0,0,0,0,0,0,0,1,0,0,0,1,0,2,2,0,0,0,0,0,0,0,0,0,0,0,0,0,2,0,0,1,1,0,0,0,0,1,0,0,0,0,0,0,0,0,0,0,0,0,0,0,0,0,0,0,0,0
NIMODIPINE,12.90798701233631,12.90798701233631,0.030001049802637958,-0.881995464852608,0.2963419520142686,16.4,418.44600000000014,392.23800000000017,418.174001172,162,0,0.33650582946275304,-0.45980471186544175,0.45980471186544175,0.33650582946275304,1.1333333333333333,1.7666666666666666,2.3333333333333335,16.62864300359721,9.799813114552697,2.383110743426893,-2.304014005786758,2.3980305998228335,-2.3302845091295428,5.9954778702241764,-0.38448413974898826,2.663542062312108,2.602707345966916,902.3708831618353,22.421920772951356,17.68326680625785,17.68326680625785,14.166810215544993,9.468645717606428,9.468645717606428,7.070241172606365,7.070241172606365,4.477906014587669,4.477906014587669,3.2594183685478293,3.2594183685478293,-3.1999999999999997,2673650.2044385825,23.08259406862999,10.017444003939296,5.235354273192112,174.38701541226436,19.527377465406477,6.606881964512918,0,0,5.687386274683562,11.938610575903697,10.114318268765572,9.589074368143644,0,0,12.13273413692322,33.25840029045949,30.636610304312416,34.69827450737882,28.72297427836146,17.62599685058726,0,5.316788604006331,0,39.71682123267219,20.32356147030337,62.48352572055921,0,0,5.316788604006331,5.687386274683562,0,0,43.289449482773044,23.79966322954379,10.114318268765572,39.17630633662088,46.80575596009664,0,0,0,117,22.77982767088276,19.703392636909218,0,36.15132565159623,16.957530117808663,0,25.30889874666236,33.761315867224106,0,5.316788604006331,14.210588861400147,15.59458962650972,0,36.56662156264256,14.321763455615438,1.6535443098267792,-2.134679993911144,5.843378794993153,-0.3817897922483966,7.051902192491118,1.4846698440807804,0.42857142857142855,30,1,9,0,1,1,0,1,0,1,1,0,8,1,9,1,8,0,0,0,0,1,7.707619784938743,2,2.9708000000000014,108.43610000000007,0,0,0,0,0,0,0,0,0,0,2,2,0,0,0,1,1,0,0,0,0,0,0,0,0,0,2,0,0,0,0,0,0,0,1,0,0,0,1,0,2,3,0,0,0,0,0,0,0,0,0,0,0,0,0,1,0,0,1,1,1,0,0,0,0,0,0,0,0,0,0,0,0,0,0,0,0,0,0,0,0,0,0,0,0
NITRENDIPINE,12.545534297052154,12.545534297052154,0.13540420026035083,-0.8308796296296299,0.4882471812012686,16.846153846153847,360.36600000000004,340.2060000000001,360.13213635999995,138,0,0.3362394029534943,-0.46558005637521455,0.46558005637521455,0.3362394029534943,1.1923076923076923,1.8076923076923077,2.3461538461538463,16.628471869256945,9.800241315278162,2.3769618403399684,-2.296724651969303,2.395101783368945,-2.3188480538430793,5.9942807535885505,-0.38448384327166835,2.602011450639856,2.6992846838316726,824.7251531476122,19.43035694138864,14.990561465417816,14.990561465417816,12.310968167888422,7.9966745654233975,7.9966745654233975,5.6995111071960185,5.6995111071960185,4.075379088726279,4.075379088726279,3.0052119672434996,3.0052119672434996,-3.1599999999999997,458211.614446228,19.168532498536102,7.814330414517536,3.5842534199841163,150.17864383956768,14.790514511606428,0,0,0,5.687386274683562,11.938610575903697,10.114318268765572,9.589074368143644,0,0,12.13273413692322,26.334663090768867,23.526812763034886,35.70410566090805,23.98611132456141,17.62599685058726,0,5.316788604006331,0,26.689117645233267,13.716679505790452,62.48352572055921,0,0,5.316788604006331,5.687386274683562,0,0,30.578601130511817,19.06280027574374,10.114318268765572,32.25256913693026,46.80575596009664,0,0,0,107.77000000000001,22.77982767088276,19.703392636909218,0,23.44047729933501,16.957530117808663,0,25.30889874666236,26.83757866753348,0,5.316788604006331,9.473725907600098,10.00020494771983,0,35.54115460807831,14.134749972149862,1.7598419259679199,-2.0496631708238837,5.8351566830435875,0,5.206797585514668,1.2384241150163768,0.3333333333333333,26,1,8,0,1,1,0,1,0,1,1,0,7,1,8,1,5,0,0,0,0,1,5.761124865576095,2,2.5657000000000005,93.02210000000004,0,0,0,0,0,0,0,0,0,0,2,2,0,0,0,1,1,0,0,0,0,0,0,0,0,0,2,0,0,0,0,0,0,0,1,0,0,0,1,0,2,2,0,0,0,0,0,0,0,0,0,0,0,0,0,1,0,0,1,1,1,0,0,0,0,0,0,0,0,0,0,0,0,0,0,0,0,0,0,0,0,0,0,0,0
OLANZAPINE,5.01073223733938,5.01073223733938,1.0254454837490554,1.0254454837490554,0.8082561901210404,18.09090909090909,312.4420000000001,292.28200000000004,312.14086764,114,0,0.13922095478408814,-0.3534446034064637,0.3534446034064637,0.13922095478408814,1.1363636363636365,1.9090909090909092,2.727272727272727,32.13356976676736,10.184232034824037,2.2473830310930083,-2.3401972676449025,2.38553759040038,-2.468859248192582,7.161561412452733,0.21562287202374358,2.8027953218463653,1.8094067663599598,726.0102103648205,15.104083527755582,12.96506754765806,13.781564128585787,10.703509938206668,7.695893881660363,8.512390462588089,5.96773266937385,7.224055655929022,4.277593083573746,5.243518909862813,3.005959912178927,3.925868780043368,-1.8499999999999999,183740.05011896032,13.788296582061772,5.409294431379946,2.401272703146137,134.63664509956521,15.116608065707286,10.836701762445136,0,0,0,0,0,4.992404732635668,0,11.336785877934735,12.13273413692322,32.17051038775264,31.0561728173516,16.93822404106412,0,33.54826018974699,0,9.799819461700954,4.992404732635668,6.923737199690624,38.543486210333825,40.772434027706346,0,0,5.316788604006331,16.37585452605499,0,11.336785877934735,48.86213685378571,0,6.923737199690624,10.440598685398296,35.32424007494372,0,0,0,30.870000000000005,0,0,0,0,0,43.38941795877469,15.441680662086164,11.336785877934735,0,59.41985259038314,4.992404732635668,0,1.8063756351305953,11.129091028386664,4.776957278281683,3.356908961115311,1.1156481481481482,10.55659549004787,0,6.407959971025447,2.183796821197615,0.35294117647058826,22,1,4,0,2,2,0,1,1,2,0,0,5,1,5,3,0,0,1,1,0,0,3.3902252690709953,4,3.4392200000000033,94.04770000000003,0,0,0,0,0,0,0,0,0,0,0,0,0,0,1,3,1,0,0,1,0,0,0,0,0,0,0,0,1,2,1,0,0,0,1,0,2,0,0,0,0,0,0,0,0,0,0,0,0,0,0,0,0,0,0,0,0,0,0,0,0,0,0,0,2,0,0,0,0,0,1,0,0,0,0,0,0,0,0,0,0,0,1,0,0
OXAZEPAM,11.737431342907533,11.737431342907533,0.536064814814815,-1.4339058956916102,0.84572924577293,17.8,286.718,275.63,286.050905272,100,0,0.275713559409008,-0.3641320841769859,0.3641320841769859,0.275713559409008,1.15,1.9,2.65,35.49569135616954,10.005951372365429,2.2346244096889274,-2.095889264671296,2.2630706859055474,-2.2425298421446445,6.315190907096148,-0.12303221007260852,2.580049786534143,2.2315864554820153,698.2746308195045,14.11251969619286,10.37679237717964,11.132721323198096,9.647867045540842,6.070503567811205,6.448468040820432,4.39655708682724,4.832992867299224,3.0277231816101513,3.2628202843978897,2.0951870536449975,2.267290077597865,-2.1699999999999995,48535.8965842803,12.843226647380193,5.074072414162754,2.3090239406052224,120.28169926381122,10.423315998847038,0,0,6.22790117073487,5.907179729351506,0,4.794537184071822,4.992404732635668,0,0,41.932775232540564,18.19910120538483,16.149536297135317,11.399071277454265,9.901064578912528,28.907190897038284,0,0,4.992404732635668,6.22790117073487,5.316788604006331,64.6804728448282,0,0,5.316788604006331,5.687386274683562,0,11.600939890232516,22.953293297697783,4.794537184071822,0,11.126902983393991,53.52334128032855,5.022633313741326,0,0,61.69,12.135080900086376,9.901064578912528,0,0,21.985156082892587,5.563451491696996,0,18.19910120538483,30.33183534230805,10.309193336642,11.600939890232516,0,6.025280629741608,15.848650478710002,12.975129519400351,2.618212711010331,-0.5560152116402113,14.467092212913972,-1.4339058956916102,0,0,0.06666666666666667,20,2,4,0,1,1,1,2,0,2,1,0,3,2,5,1,1,0,0,0,0,1,3.2583731020155917,3,2.4479,78.16950000000003,0,1,1,0,0,0,0,0,0,0,1,1,0,0,1,1,1,0,0,0,0,0,0,0,0,0,0,1,0,1,0,0,0,0,2,1,1,0,0,0,0,0,0,0,1,0,0,0,0,0,0,0,0,0,0,0,0,0,0,0,0,0,0,0,0,0,0,0,0,0,0,0,0,0,0,0,0,0,0,0,0,0,0,0,0
PACLITAXEL,15.483795019660388,15.483795019660388,0.0028853439807063896,-2.390958146825491,0.1297861944512451,31.85483870967742,853.918,802.5099999999999,853.330955312,328,0,0.338014232853755,-0.45573692389362364,0.45573692389362364,0.338014232853755,0.8225806451612904,1.403225806451613,1.9516129032258065,16.63726267137175,9.443592633100575,2.7807239828580537,-2.6703099251237514,2.641516956364921,-2.8152203884947427,5.960987193723838,-0.3455531656402182,3.236933708752515,1.3874476640402011,2280.346269552867,44.94021786308,35.2327485165234,35.2327485165234,29.272289927176118,20.47284995832904,20.47284995832904,17.354040301246407,17.354040301246407,13.479855154842259,13.479855154842259,10.182540514539147,10.182540514539147,-5.739999999999999,19536342594936.66,44.3203576455078,16.512845507693864,7.294407711419627,357.88540739081833,44.32068555752869,23.912949974228596,23.592228532845233,0,5.907179729351506,23.877221151807394,19.178148736287287,9.589074368143644,0,0,80.57751215245895,54.82260322506321,37.66755960632704,35.64903718866435,67.77112005795328,35.56764582752384,0,5.316788604006331,16.747886984954953,108.2518072216009,6.606881964512918,118.83206956215372,0,0,5.316788604006331,0,0,0,105.32000992501608,42.86246350528753,16.747886984954953,86.70533611637835,102.14171508706272,0,0,0,221.28999999999996,112.60409521300997,39.292268104881224,4.794537184071822,35.30081563097146,5.563451491696996,13.847474399381248,25.980208536304467,92.71024628938218,0,5.316788604006331,23.684314769000245,30.27238288139993,0,83.45331184567334,40.233952430571534,-7.019085032825359,-6.841158827712651,22.937711636968977,-10.511556872841577,7.974441938765803,0,0.44680851063829785,62,4,15,3,1,4,1,3,0,3,11,2,14,4,15,1,10,2,1,3,0,0,11.804116429774338,7,3.7357000000000036,217.69009999999943,0,3,2,0,0,0,0,0,0,0,6,6,0,0,0,0,1,0,0,0,0,0,0,0,0,0,0,1,0,0,0,0,0,0,3,0,5,0,0,0,4,5,0,0,0,0,0,0,0,0,0,1,1,0,0,0,0,0,0,0,0,0,0,0,0,0,0,0,0,0,0,0,0,0,0,0,0,0,0,0,0,0,0,0,0
PRAZIQUANTEL,12.840378480095742,12.840378480095742,0.04975977891156402,0.04975977891156402,0.7993674496203519,25.043478260869566,312.41300000000007,288.221,312.183778008,122,0,0.24228438420799156,-0.3319773237323323,0.3319773237323323,0.24228438420799156,1.0869565217391304,1.8695652173913044,2.6956521739130435,16.164109273778546,9.86530144573396,2.3935271109203753,-2.450188602200147,2.3416174841409405,-2.562698076402737,5.8744297302001245,-0.15161956438247498,2.61272584325217,1.5676188764312609,621.550557109791,15.81119030894213,13.53898641774433,13.53898641774433,11.237183443017885,8.898896264718884,8.898896264718884,7.105438519138773,7.105438519138773,5.718235612403579,5.718235612403579,4.450030145541775,4.450030145541775,-1.8399999999999994,314436.32978371216,14.733395903688434,5.986649116471944,2.642452324809413,137.0008686865595,9.799819461700954,0,0,11.814359458703011,0,0,9.589074368143644,0,0,0,43.52793314262447,30.38936785217202,19.007418857986544,12.586597235060536,9.589074368143644,11.814359458703011,0,9.799819461700954,5.917906046161393,44.56677056670402,19.634269217737724,35.392371257240434,0,0,0,0,0,0,41.24844813814169,16.009895991069655,5.917906046161393,49.272851927172,24.26546827384644,0,0,0,40.620000000000005,0,9.589074368143644,0,30.318862739924942,6.544756405912575,38.64886452054262,17.54772460632,0,15.866186530162565,18.19910120538483,0,0,0,29.222436775636176,0,2.557184744268078,0.46074205299403737,8.416703507798385,6.455969342205814,1.7202969104308394,0,0.5789473684210527,23,0,4,1,2,3,2,1,0,1,1,0,2,0,4,2,1,1,1,2,0,1,3.834942242149901,4,2.5349000000000004,87.75500000000005,0,0,0,0,0,0,0,0,0,0,2,2,0,0,0,2,0,0,0,0,0,0,0,0,0,0,0,2,0,0,0,0,0,0,1,0,3,0,0,0,0,0,0,0,0,0,0,0,0,0,0,0,0,0,0,0,0,0,0,0,0,0,0,0,0,0,0,0,0,0,1,0,0,0,0,0,0,0,0,0,0,0,0,0,0
PREDNISONE,13.285741213151928,13.285741213151928,0.02055021425083603,-1.6225814384395734,0.7848332802556961,47.07692307692308,358.43400000000014,332.22600000000006,358.1780239319999,140,0,0.18964182380955794,-0.3884641012481243,0.3884641012481243,0.18964182380955794,1.2692307692307692,2,2.6923076923076925,16.314787872121308,9.464202844168959,2.67612067484626,-2.5628121059515534,2.6550290438381423,-2.601809119918551,6.015786340931342,-0.16837456685358587,2.86203587147837,1.7605370426078075,764.3631263188779,18.90541291500631,15.325914364648549,15.325914364648549,12.170504622625403,9.507196475520397,9.507196475520397,9.015459919213281,9.015459919213281,8.013830304908232,8.013830304908232,6.622466056168253,6.622466056168253,-1.59,715692.1381653671,17.805432845726006,5.458357665377325,2.0144529342647997,152.70859644179959,10.213054789681411,17.991177721861547,11.566489892729878,0,0,0,14.383611552215466,0,0,0,25.496599036284394,49.671138797694596,23.16870860788096,0,24.596666341896878,17.34973483909482,0,0,28.583699077277736,51.55263332499499,6.606881964512918,23.80116485057091,0,0,0,0,0,0,39.77072240427283,14.383611552215466,28.583699077277736,45.95158251401131,23.80116485057091,0,0,0,91.67,28.821158660655104,24.596666341896878,0,35.74102965414007,12.841643245852019,18.414747775921285,0,12.152040213667762,19.92349450621513,0,0,0,0,37.392634627008604,20.462542781720167,-1.8621867257705544,-0.5901749787827069,0,7.823372282529478,3.190478679961679,0,0.6666666666666666,26,2,5,4,0,4,0,0,0,0,6,0,5,2,5,0,2,3,0,3,0,0,3.7380161868780672,4,1.7658,94.04860000000005,0,2,1,0,0,0,0,0,0,0,3,3,0,0,0,0,0,0,0,0,0,0,0,0,0,0,4,0,0,0,0,0,0,0,0,0,5,0,0,0,0,0,0,0,0,0,0,0,0,0,0,3,2,0,0,0,0,0,0,0,0,0,0,0,0,0,0,0,0,0,0,0,0,0,0,0,0,0,0,0,0,0,0,0,0
PRIMIDONE,11.986207482993198,11.986207482993198,0.21453396636432354,-1.0699305555555556,0.7116448391760646,18.8125,218.25599999999994,204.14399999999998,218.105527688,84,0,0.24107687820318058,-0.33746571961989924,0.33746571961989924,0.24107687820318058,1.125,1.6875,2.1875,16.167926479755355,9.752414522329179,2.472524234941752,-2.3395633335421198,2.2943441516146748,-2.616114031131274,6.118441333894687,-0.1409914672954202,2.3130142910378164,2.524396870109536,398.28675391292165,11.596011838247808,9.117461489248951,9.117461489248951,7.714379275798965,5.336698845953192,5.336698845953192,3.8134872566213978,3.8134872566213978,3.0700477997819497,3.0700477997819497,2.119740124797372,2.119740124797372,-1.84,5356.941098043583,10.670299983987857,3.9626300355797675,1.3773138680608406,94.037993219651,10.633577208012662,0,5.414990469396779,11.814359458703011,0,0,9.589074368143644,0,0,0,37.255572541998674,11.984273114623004,0,6.6686911888991425,9.589074368143644,11.814359458703011,0,10.633577208012662,0,18.75954929201341,6.6686911888991425,35.89528683400505,0,0,10.633577208012662,0,0,0,18.483050647602152,15.004064837540422,0,18.90801031431363,30.33183534230805,0,0,0,58.2,5.414990469396779,9.589074368143644,0,18.483050647602152,6.4208216229260096,5.563451491696996,0,0,37.255572541998674,10.633577208012662,0,0,0,23.972414965986395,5.36374149659864,-0.3271527777777776,-0.435277777777777,9.16396234882842,0.45305555555555554,2.059256188586546,0,0.3333333333333333,16,2,4,0,1,1,2,1,0,1,0,0,2,2,4,1,2,0,1,1,0,0,2.642653200324787,2,0.5378999999999999,59.56340000000003,0,0,0,0,0,0,0,0,0,0,2,2,0,0,0,0,2,0,0,0,0,0,0,0,0,0,0,2,0,0,0,0,0,0,1,0,0,0,0,0,0,0,0,0,0,0,0,0,0,0,0,0,0,0,0,0,0,0,0,0,0,0,0,0,0,0,0,0,0,0,0,0,0,0,0,0,0,0,0,0,0,0,0,0,0
RITONAVIR,13.867316916540332,13.867316916540332,0.06706243300136205,-1.0488532991638573,0.10624046585910331,13.68,720.9620000000001,672.5780000000002,720.3127606359999,268,0,0.4073141084370974,-0.4437652036234549,0.4437652036234549,0.4073141084370974,0.9,1.56,2.14,32.13466401595829,9.927974980551161,2.306639915411906,-2.3037127686230376,2.201805293774219,-2.554381482659737,7.094793898130489,-0.12444634034955622,3.7921793348755144,1.463767068594598,1617.4968237573792,36.0450303486946,29.24353314531864,30.876526307174093,23.977274641433738,16.809050565648974,18.56835618815876,13.04173583848222,14.902314971567558,8.129844994772254,10.077090874431388,5.386474611348263,6.718416169253571,-4.329999999999999,99661659139.94312,38.47159782577355,19.165556143146798,12.21811936765673,302.0583739168022,30.693665891510225,12.648722793660879,0,5.907179729351506,0,12.124354583276487,9.778515705019029,14.57305288909085,0,22.67357175586947,88.35861948337859,36.30727389833341,30.584325200065535,39.77980178182875,24.22700190085622,40.705106068497464,0,30.818232584763884,5.917906046161393,90.25644695931959,7.04767198267719,104.45671816910901,0,0,15.950365812018994,9.589074368143644,0,22.67357175586947,69.28308933808296,35.524681754149384,5.917906046161393,66.73927833664641,77.751116300312475,0,0,0,145.77999999999997,30.3227289461306,19.49013894705617,0,30.883903875289903,25.304305697925987,26.705601868796514,16.23669560878521,30.09184070584238,79.89120785446326,39.76579725329465,4.736862953800049,5.424978507101565,2.9499528922081164,50.97752074868347,23.4906276799991,4.35270225484641,-0.2767656664093323,16.786174487031726,0.8361452993284635,8.282283762480287,1.6763800347301996,0.43243243243243246,50,4,11,0,0,0,4,2,2,4,4,0,9,4,13,2,17,0,0,0,0,0,14.746591360928546,4,5.905200000000005,196.89689999999945,0,1,1,0,0,2,0,0,0,0,3,3,0,0,0,3,3,0,0,0,0,0,0,0,1,0,0,4,0,0,0,0,0,0,2,0,0,0,0,0,0,1,0,0,0,0,0,0,0,0,0,0,0,0,0,0,0,0,0,0,0,0,0,0,0,0,0,0,0,0,0,0,0,0,0,0,0,0,0,0,2,0,0,0,1
RIVAROXABAN,12.236344290930331,12.236344290930331,0.07468235589775918,-0.4735037687914667,0.7792136827945354,19.413793103448278,435.8890000000001,417.7450000000001,435.0655693559999,152,0,0.41431489878227823,-0.44204577978261245,0.44204577978261245,0.41431489878227823,1.1379310344827587,1.8620689655172413,2.5172413793103448,35.4960176123922,10.194181128559698,2.3251869207102605,-2.2679625588296703,2.2568229849047845,-2.41179907150755,7.175002678736824,-0.12527202354124647,3.3218172253213845,1.349612045239759,932.180757191145,20.38010440969447,15.298867197052443,16.871292723998625,14.008040390846983,9.009316530198088,10.203777584135043,6.544515523259657,8.259599624598911,4.620242185705022,5.850162309235637,3.1721928413280787,4.13166339184211,-2.6199999999999997,5913219.991870201,19.685862339495472,8.399184390047482,4.364459706287882,175.48612982852504,19.690424242456906,12.71084835226122,0,0,11.814359458703011,6.093240070938415,14.48898409899412,4.794537184071822,0,11.336785877934735,11.600939890232516,36.39820241076966,17.9195289552797,28.909870985784995,23.85733745981556,52.2200978471758,0,5.316788604006331,0,6.103966387748303,42.64785260846451,45.611678620216594,0,0,15.116608065707286,16.169309733438947,0,22.93772576816725,56.85959906415329,14.268263091671919,0,9.671684377773122,36.39820241076966,4.336329015745631,0,0,88.18,12.197206458686718,14.383611552215466,0,24.965997829128504,34.59725726046857,5.687386274683562,16.23669560878521,41.29811214162014,0,5.316788604006331,21.074665797832616,11.026903436295207,7.029988608909025,39.94625965068371,2.756728424003302,1.422555410017046,-0.344123914944344,10.437989817724882,-0.9296317917024985,1.5977748034581243,0,0.3157894736842105,29,1,8,0,2,2,3,1,1,2,1,0,6,1,10,3,5,0,2,2,0,0,5.701558195397033,4,2.5199000000000007,108.89120000000001,0,0,0,0,0,0,0,0,0,0,3,3,0,0,0,2,1,0,0,0,0,0,0,0,0,0,0,3,0,2,0,0,0,0,1,0,0,0,0,0,0,2,0,0,1,0,0,0,0,0,0,0,0,0,1,0,1,0,0,0,0,0,0,0,0,0,0,0,0,0,0,0,0,0,0,0,0,0,0,0,0,0,1,0,0
ROFECOXIB,12.008679033341732,12.008679033341732,0.19571688397581233,-3.2338087283237447,0.8169951703125135,15.045454545454545,314.3620000000001,300.25000000000006,314.061279928,112,0,0.33900944718477494,-0.4571463911245985,0.4571463911245985,0.33900944718477494,0.9090909090909091,1.5454545454545454,2.1363636363636362,32.22774596331511,9.967226856736325,2.2661974137441647,-2.0539594126801424,2.3257895740559626,-1.98115773592605,7.903040071007626,-0.13339196740742307,2.8900007776587042,2.0911663860087306,847.2917680589487,15.742276208189784,11.944500656212497,12.760997237140224,10.465345060828676,6.728233392249956,8.61964493030821,5.092254329504028,7.107989904246876,3.546896082101481,4.675366309328172,2.433140005637548,3.063610518323634,-2.3999999999999995,126558.91405522998,14.533641975308644,5.421295494749522,2.672450351561639,128.51823942316784,4.736862953800049,6.606881964512918,9.837253136417502,0,0,5.9693052879518484,0,13.212334168400758,0,0,42.46456947923127,23.259637120317212,11.82887371358067,10.46858800558704,17.949197122200808,26.95276748450788,0,0,0,4.895483475517775,12.862651148024323,65.72420659954848,0,0,0,0,0,0,27.249753420305108,19.368653274289372,0,11.126902983393991,59.49278709167226,0,11.146209060138533,0,60.44,9.837253136417502,13.212334168400758,0,17.47167072798254,5.5731045300692665,16.70000751346326,6.255769183511404,24.26546827384644,30.33183534230805,0,4.736862953800049,28.17819168491675,0,12.261783614680441,0,2.8965271085285975,-0.35334297839506124,15.80604507418721,1.1655540070966657,0.19571688397581233,-3.2338087283237447,0.11764705882352941,22,0,4,0,1,1,0,2,0,2,0,0,4,0,5,1,3,0,0,0,0,0,3.581416716501968,3,2.5577000000000005,83.76680000000003,0,0,0,0,0,0,0,0,0,0,1,1,0,0,0,0,0,0,0,0,0,0,0,0,0,0,0,0,0,0,0,0,0,0,2,0,0,0,0,0,1,1,0,0,0,0,0,0,0,0,0,0,0,0,1,0,0,0,0,0,0,0,0,0,0,0,0,0,0,0,0,0,0,0,0,0,0,1,0,0,0,0,0,0,0
SPIRONOLACTONE,12.184661801091726,12.184661801091726,0.011894408226253539,-0.28699186927857556,0.5718459844204299,48.58620689655172,416.58300000000025,384.32700000000017,416.2021305039999,158,0,0.30600791251121784,-0.45844787307461593,0.45844787307461593,0.30600791251121784,1.0689655172413792,1.8275862068965518,2.5172413793103448,32.16670088611727,9.458825106423362,2.6798720557286835,-2.605780760007421,2.702551919016744,-2.5739023387979136,8.13641624369776,-0.16720122269765714,3.168858604901374,1.5572210087099811,817.6983003627337,20.604083527755577,17.791953828946376,18.6084504098741,13.683924628611805,11.314766275710864,12.194419086965757,10.658879094971265,12.07499517280655,9.61010576972624,10.72571885233533,8.129572744828378,9.355302726563707,-1.1,4382705.73780187,19.839348080305815,6.448229172994664,2.679149619048995,177.13538241412454,4.736862953800049,5.601050810983688,10.89852187655066,0,0,5.9693052879518484,14.383611552215466,0,0,0,31.18246387884163,74.19048007519692,30.430308944921595,0,19.120474506015515,28.62971211389362,0,0,28.583699077277736,89.40959504637185,0,11.649124636903148,0,0,0,0,0,11.761884949391115,27.71881600546837,19.120474506015515,28.583699077277736,78.55860620540598,11.649124636903148,0,0,0,60.44,0,14.383611552215466,0,38.54879694426192,30.5953613843362,44.94575136048208,17.334989479460383,6.923737199690624,6.076020106833881,13.847474399381248,4.736862953800049,6.055468512818351,1.497111336818678,36.41999326185045,0.40923566494499064,1.0933501432980604,1.6718284581713516,0,10.021239789910199,6.415106165521253,0,0.7916666666666666,29,0,4,4,1,5,0,0,0,0,7,0,5,0,5,1,1,3,1,4,1,0,4.411333209124954,5,4.852300000000005,112.21000000000006,0,0,0,0,0,0,0,0,0,0,3,3,0,0,0,0,0,0,0,0,0,0,0,0,0,0,1,0,0,0,0,0,0,0,0,0,6,0,0,0,1,1,0,0,0,0,0,0,0,0,0,1,0,0,0,0,0,0,0,0,0,0,0,0,0,0,0,0,0,0,0,0,0,0,0,1,0,0,0,0,0,0,0,0,0
TACROLIMUS,14.305086568339256,14.305086568339256,0,-2.510254429686353,0.1903309894843234,40.258620689655174,822.046,750.4780000000001,821.4925413320002,330,0,0.3289793001873724,-0.45593099482268884,0.45593099482268884,0.3289793001873724,0.9310344827586207,1.5862068965517242,2.2241379310344827,16.662594328544618,9.813166323977887,2.563600011804357,-2.4660912526985888,2.3911275823745566,-2.6419016245114513,6.387419569264191,-0.302245917177707,3.184144781239025,8.999962795282292e-6,1480.497890628833,42.18914100752344,35.89308145863372,35.89308145863372,26.98305767387821,20.88605687167075,20.88605687167075,17.271809881143962,17.271809881143962,12.873720417880497,12.873720417880497,9.424772208635577,9.424772208635577,-2.82,1192347300534.8425,49.54175593943685,22.146129474337606,11.713943989804573,344.1767311391293,49.379998520254205,24.033018551009505,0,5.7871111525705965,11.690424675716445,5.9693052879518484,14.383611552215466,4.794537184071822,0,6.578935683598497,44.572376449642775,95.46460725103343,52.04868879115536,30.51983193874151,63.658237525691014,23.442974910033232,0,4.899909730850477,29.589530230806965,159.8044405465959,27.874149029745176,35.953205064238674,0,0,0,0,0,0,131.56952438698903,42.86246350528753,29.589530230806965,105.24772385063925,35.953205064238674,0,0,0,209.85999999999996,83.86619841036084,34.4977309208094,0,55.006436537007986,56.93967751347735,5.5731045300692665,19.119504813405545,27.03329204749266,32.923251812739636,6.578935683598497,23.684314769000245,29.74842313662892,0,57.816544800003605,34.14463729691938,1.609476327837776,-7.759827869931017,-1.142632110287234,4.930503964732893,13.125079284823824,4.61112850260519,0.7727272727272727,58,5,14,1,3,4,1,0,0,0,14,2,12,3,14,3,7,1,2,3,0,0,18.91651967966901,4,3.8143000000000042,216.20619999999926,0,3,2,0,0,0,0,0,0,0,4,4,0,0,0,1,0,0,0,0,0,0,0,0,0,0,4,1,0,0,0,0,0,0,0,0,3,0,0,0,1,5,0,0,0,0,0,0,0,0,0,2,2,0,1,3,0,0,0,0,0,0,0,0,0,0,0,0,0,1,0,0,0,0,0,0,0,0,0,0,0,0,0,0,0
ZALEPLON,11.740121761489005,11.740121761489005,0.004276653447829126,-0.004276653447829126,0.7452640844090571,10.478260869565217,305.341,290.22099999999995,305.12766010000007,114,0,0.22334535305381503,-0.31293310289727,0.31293310289727,0.22334535305381503,1.391304347826087,2.217391304347826,2.9130434782608696,16.15191168645547,10.106949526616804,2.1270466440418208,-2.1942169138278715,2.251805910633182,-2.2728203424447253,5.917140376213243,-0.11604476030479823,2.9828258473098774,2.1492016913455965,922.1235811489745,16.396976746569035,12.892874933477584,12.892874933477584,11.151397005390978,7.267548065998393,7.267548065998393,5.049141264736512,5.049141264736512,3.671625523313048,3.671625523313048,2.6091290960470737,2.6091290960470737,-3.2,250265.05424099334,14.725427152596582,5.890384082908113,2.5295627467058224,133.15305327477,4.899909730850477,11.63267280448927,5.647177220767728,5.907179729351506,0,0,4.794537184071822,9.49937641456283,10.360573363039524,0,12.13273413692322,25.122838405075452,30.916174943596832,11.890771566461538,4.794537184071822,17.241743224802796,5.261891554738487,14.598058222863868,0,13.847474399381248,11.444666136763052,48.2889739772312,0,17.32660079933773,4.899909730850477,5.687386274683562,0,0,27.049994358127947,4.794537184071822,11.33111286753076,19.410925891078243,42.725522485534206,0,16.904556707313183,0,74.28999999999999,0,4.794537184071822,0,5.907179729351506,17.755385118377298,16.944765761229018,6.196843571613076,22.535888395769803,37.255572541998674,16.151881642040518,5.261891554738487,1.6405947656840514,0,17.653728988330357,13.355097242307291,3.5060313261106923,-0.004276653447829126,11.602956860009076,3.158753595574032,4.087113875432328,0,0.17647058823529413,23,0,6,0,0,0,1,1,2,3,0,0,4,0,6,2,3,0,0,0,0,0,3.771235726681646,3,2.6407800000000003,86.83900000000004,0,0,0,0,0,3,0,0,0,0,1,1,0,0,0,5,0,0,0,0,0,0,0,0,0,0,0,1,0,1,0,0,0,0,1,0,1,0,0,0,0,0,0,0,0,0,0,0,0,0,0,0,0,0,0,0,0,1,0,0,0,0,0,0,0,0,0,0,0,0,0,0,0,0,0,0,0,0,0,0,0,0,0,0,0
AZTREONAM,12.562141912320484,12.562141912320484,0.03495358560090667,-4.756268639419342,0.17478822451364606,20.5,435.44000000000017,418.30400000000014,435.051854504,154,0,0.3620751467724121,-0.47822703201771594,0.47822703201771594,0.3620751467724121,1.4642857142857142,2.0714285714285716,2.5,32.24529764273617,10.004011615736369,2.513331128805474,-2.416338874010563,2.230948535260853,-2.7078072089194714,7.8365638366470085,-0.1608446168429468,2.971847309732629,2.2592762983237704,953.8851353067347,21.43879310982592,14.8114553779692,16.444448539824652,12.752743308167698,7.578995896792942,9.855612118054724,6.221230582074894,8.399971119282888,3.730567932227123,5.414072402778615,2.1128455580549623,3.5435137416348197,-2.7800000000000002,690205.5939907836,21.519292322605008,7.325918985638601,4.204134383579708,162.59031069995737,20.994572059745856,11.735768823996422,10.843243482610035,5.601050810983688,11.814359458703011,16.27347016397548,14.141824241834009,14.083731696315262,8.417796984328938,11.336785877934735,5.15571272675054,20.771211599071872,5.380062770465915,6.041840829147961,37.29827438881211,50.26785898322326,0,14.60598311624977,5.15571272675054,38.455944068351485,5.733667477162185,11.073990765314376,0,0,11.050456081168516,5.131558479839333,0,11.336785877934735,68.5463509838086,29.525365011975733,0,26.465139593920334,10.535775497216456,0,0,0,201.57999999999998,51.4842470947288,22.801408536544404,0,15.130702465984026,0,11.336785877934735,26.151274369537788,0,0,15.456479851704078,20.23053332942989,31.449788205694695,0.9796905422586335,44.39737831563419,16.334751159546904,3.2564570886448156,-3.375611656986792,-2.3123389733980013,0,3.692820624691566,-4.756268639419342,0.46153846153846156,28,5,13,0,1,1,2,0,1,1,2,0,10,4,15,2,7,0,1,1,0,0,5.630306863702821,2,-1.1724999999999979,95.65050000000004,1,0,0,1,0,1,0,0,1,1,3,2,0,0,0,3,1,1,0,0,0,0,0,0,0,0,0,2,0,1,0,0,0,0,0,0,0,0,0,0,0,0,0,0,0,0,0,0,0,0,0,0,0,1,0,0,0,0,0,0,0,0,0,1,0,0,0,0,0,0,0,0,0,0,0,0,0,0,0,0,1,0,0,0,0
PENICILLIN G,12.26831884605694,12.26831884605694,0.2021415186444946,-1.0070258455769816,0.7977632704521286,28,334.39700000000005,316.25300000000004,334.09872805599997,122,0,0.3273993847026587,-0.4796728023655438,0.4796728023655438,0.3273993847026587,1.3043478260869565,1.9565217391304348,2.5652173913043477,32.16690614916111,9.956816977411952,2.6362075433410004,-2.4313369018698796,2.5022450893783805,-2.7029184926640664,8.013146257169781,-0.16058803827234672,2.741987834077,1.66490359617118,661.3038986246086,16.775656403009393,12.853329287558925,13.669825868486651,10.809367635193633,7.371634471739616,8.25128728299451,6.30570597673362,8.076591116106181,4.198926417267647,5.770457012115132,3.151138395146921,4.776534984756248,-2.02,129114.72313101777,15.859752401338886,5.559882097428595,2.692385835603269,137.78076788790858,15.323225729697514,17.45755447126466,0,11.814359458703011,0,5.9693052879518484,9.589074368143644,4.794537184071822,0,11.761884949391115,30.33183534230805,19.410925891078243,4.747022453217559,6.4208216229260096,19.490138947056174,29.545549696045974,0,10.216698334856808,0,42.47287294678948,0,35.89528683400505,0,0,5.316788604006331,0,0,11.761884949391115,49.994678796828254,20.804433175141472,0,19.410925891078243,30.33183534230805,0,0,0,86.71000000000001,22.800009399465328,19.490138947056174,0,23.60905389459776,0,5.563451491696996,16.66179468024159,0,44.179309741689295,5.316788604006331,0,-0.5783058915140893,1.4237074305030653,37.19097428557031,11.789438746504457,0.8717091967960027,-1.5549260303422452,7.784420219356601,0.2021415186444946,3.6208405244813973,0,0.4375,23,2,6,0,2,2,2,1,0,1,3,0,4,2,7,2,4,0,2,2,0,0,3.8338414541675756,3,0.8607999999999998,85.80450000000005,1,0,0,0,0,0,0,0,1,1,3,2,0,0,0,1,1,0,0,0,0,0,0,0,0,0,0,2,0,0,0,0,0,0,1,0,1,0,0,0,0,0,0,0,0,0,0,0,0,0,0,0,0,1,0,0,0,0,0,0,0,0,0,0,0,0,0,0,0,0,0,0,0,0,0,1,0,0,0,0,0,0,0,0,0
CAPTOPRIL,11.704907407407408,11.704907407407408,0.09268518518518487,-0.900727513227513,0.6816110954453929,23.571428571428573,217.28999999999996,202.16999999999996,217.07726434,80,0,0.3259145860914331,-0.47971213674728536,0.47971213674728536,0.3259145860914331,1.6428571428571428,2.2857142857142856,2.7857142857142856,32.11686699590185,10.135926661315247,2.347125219671247,-2.2353733934608333,2.196915121083893,-2.428259791186286,7.797957932444188,-0.14890273792197684,2.6330332327029877,2.6669696816932777,244.21156588239845,10.71517847069432,8.141265030553043,9.03569222155296,6.574586062669973,4.717313427051637,5.349768959085313,3.611517704699083,3.9766660763691934,2.5163706404931974,3.064093197998364,1.6483971476775872,1.8045824050203527,-0.71,1627.2145378104465,11.365244544770505,4.682872740708367,2.2038686868817217,88.68513507536183,10.006437125691182,6.041840829147961,0,5.907179729351506,0,5.9693052879518484,4.794537184071822,4.794537184071822,12.628789148012991,0,6.923737199690624,12.841643245852019,18.215516058820757,0,14.69560176298435,24.505274165316344,0,4.899909730850477,5.917906046161393,25.807221274690605,12.297610012659364,0,0,0,0,0,0,12.628789148012991,40.222372984801865,9.589074368143644,5.917906046161393,19.765380445542643,0,0,0,0,57.61,12.011146117099809,9.589074368143644,0,11.8250857755129,18.718431635585375,6.4208216229260096,4.899909730850477,6.923737199690624,0,12.628789148012991,5.106527394840706,0,4.033962112622827,23.980813492063493,8.874048091458805,0,-0.7294542076089692,-0.6205246913580249,1.3495663265306121,2.3338110985134795,0,0.7777777777777778,14,1,4,0,1,1,1,0,0,0,2,0,3,2,5,1,3,0,1,1,0,0,3.801570990727877,1,0.6279000000000001,55.38780000000003,1,0,0,0,0,0,0,0,1,1,2,1,0,0,0,1,0,0,0,0,1,0,1,0,0,0,0,1,0,0,0,0,0,0,0,0,0,0,0,0,0,0,0,0,0,0,0,0,0,0,0,0,0,0,0,0,0,0,0,0,0,0,0,0,0,0,0,0,0,0,0,0,0,0,0,0,0,0,0,0,0,0,0,0,0
CEFONICID,12.775740964582955,12.775740964582955,0.028501882772438147,-4.399626533055869,0.1721020779128902,20.742857142857144,542.5770000000001,524.4330000000003,542.034824536,186,0,0.35215850220631545,-0.47656067827869497,0.47656067827869497,0.35215850220631545,1.2857142857142858,2,2.657142857142857,32.23980775188528,10.017513621855596,2.5400739322981067,-2.491716702480159,2.41241360363312,-2.7048495526405762,8.005694854170079,-0.15137298014466902,3.247934773397852,1.457011974108983,1298.3181421153226,25.327698166887174,17.58381758478722,20.033307327570398,16.564369264977238,9.840615553959216,13.484134211119768,7.4272831865227396,10.896801793737692,5.071203955441116,8.025092654381128,3.5002892068254,6.426656815164865,-2.9899999999999998,52817577.49977943,25.11336941312153,9.938438363293368,5.32447838751217,206.04261751945006,15.529843393687743,17.112752955172535,11.980754777481659,5.156436481820707,21.932486317736565,5.9693052879518484,19.041733972684487,9.476340119217006,8.417796984328938,16.860566757692155,42.093720291699164,21.563326213075996,11.505707213493578,0,37.567213199916175,51.42556150447064,0,30.423953269612767,0,28.55290490141907,11.505707213493578,47.165430677130146,0,0,5.316788604006331,0,0,23.52376989878223,88.9958519155723,30.37852680098237,0,11.6674178794453,46.75841566725386,0,0,0,204.90999999999997,51.298260025286766,33.014463326225815,0,22.359183008370117,11.136556021766262,21.343597615386777,11.761884949391115,30.33183534230805,0,20.842240603617103,4.552749873690364,32.045543680412884,2.174505381976036,38.292006421735756,32.3606408560517,0.4800548829993352,-3.3863699642153557,7.1677050521629315,-1.4844597780674202,0,-4.399626533055869,0.3333333333333333,35,4,14,0,2,2,2,1,1,2,3,0,11,4,17,3,9,0,1,1,0,0,7.131076400197864,4,-0.9172999999999991,121.17590000000001,1,1,1,0,0,4,0,0,1,1,3,2,0,0,0,5,1,0,0,0,0,0,0,0,0,0,0,2,0,0,0,0,0,0,1,0,1,0,0,0,0,0,0,0,0,0,0,0,0,0,0,0,0,1,0,0,0,0,0,0,0,0,0,0,0,0,0,0,0,0,0,0,0,0,0,2,0,0,0,1,0,0,0,0,0
CEFOTAXIME,12.65941475151432,12.65941475151432,0.16476221970269567,-1.3192949508137095,0.2079442341493163,20.933333333333334,455.47400000000016,438.33800000000014,455.05693988400003,160,0,0.3522609581851247,-0.4765594507746736,0.4765594507746736,0.3522609581851247,1.4666666666666666,2.2,2.7666666666666666,32.166680686048046,10.022790845683986,2.54131066233291,-2.488920133292069,2.3997292079413803,-2.707148773626165,7.998386407370777,-0.15004888370131078,3.1263477277638163,1.7717531184827244,972.9401472388082,21.999271042140983,15.778455344842337,17.411448506697788,14.239289860616424,8.409302466817334,10.337710068052886,6.091961347013711,8.08663481961726,4.148291087794415,6.161815420352968,2.8848927889707086,4.759930313502462,-3.13,4041551.635241668,21.575802404361777,8.706448435658249,4.088768777897329,177.62386669168043,25.731435013545905,36.52336045581144,10.843243482610035,0,11.814359458703011,11.938610575903697,19.28352128306594,9.778515705019029,0,23.09867082732585,5.15571272675054,0,23.629758106972595,0,33.85912766866468,57.694884344542594,0,15.200676855804016,5.15571272675054,18.339450841807327,25.203200589699428,22.344134608439475,0,0,11.050456081168516,5.131558479839333,0,23.09867082732585,75.34031743866973,28.75260027382397,0,12.617665194539086,21.805919340341553,0,0,0,173.51,35.168683676723404,24.284676131127995,0,34.59394636177404,5.5731045300692665,16.23669560878521,31.17548246082519,0,0,20.29406843544071,10.470530430962235,4.878431200281919,2.3533904419576386,57.790225948393605,16.864347231761517,5.666678579510522,-2.9818856320688503,-0.9674405286806083,0,0.9748211010939944,1.254764991083603,0.375,30,4,12,0,2,2,2,0,1,1,2,0,11,3,14,3,7,0,1,1,0,0,6.26162036971757,3,-0.6224999999999987,106.38990000000001,1,0,0,1,0,1,0,0,1,1,4,3,0,0,0,3,1,1,0,0,0,0,0,0,0,0,0,2,0,1,0,0,0,0,0,0,1,0,0,0,1,1,0,0,0,0,0,0,0,0,0,0,0,1,0,0,0,0,0,0,0,0,0,1,0,0,0,0,0,0,0,0,0,0,0,1,0,0,0,0,1,0,0,0,0
CEFOXITIN,12.831008991559585,12.831008991559585,0.07616258701215406,-1.6569607819979852,0.4097813290259421,23.678571428571427,427.4600000000002,410.3240000000002,427.050791884,150,0,0.4043169046369086,-0.47655943238277393,0.47655943238277393,0.4043169046369086,1.4642857142857142,2.2142857142857144,2.7857142857142856,32.166681246955235,9.976482543324426,2.6619250919140347,-2.5530947851032093,2.4617249944087667,-2.8039979290507673,7.998714597235214,-0.19213403908754337,3.153789946063906,1.81030194245744,854.429156129188,20.474327015758657,14.668485204218596,16.301478366074047,13.296566727541911,8.011797012889343,9.940204614124895,5.947633477052819,8.048407898416126,4.2632391632438535,6.513238588236466,3.0352803960091506,5.158769497423441,-2.57,1725921.0093533108,20.171661836598886,7.813366165730109,3.4527017359863312,167.18991561099926,25.63070938360932,17.67779409053749,0,5.907179729351506,11.63216532332176,12.062545358890263,14.48898409899412,9.589074368143644,0,23.09867082732585,6.06636706846161,11.446429838927525,23.31290287179489,6.4208216229260096,33.758402038728086,46.975575644919125,0,10.216698334856808,5.733667477162185,17.519680029865,19.469533112537242,33.66008794421553,0,0,11.050456081168516,4.794537184071822,0,23.09867082732585,64.45173346276069,30.27815908274157,0,4.877147193701299,28.782940750514232,0,0,0,148.26000000000002,34.975763224532265,24.284676131127995,0,30.050701037310816,0,9.777056924551776,30.208468368603384,6.06636706846161,11.446429838927525,10.05365155780638,10.470530430962235,10.018199773646966,2.601179230742514,49.61306388015959,13.22576714808098,3.203017009974999,-2.3114996753854067,3.6076103705528446,-0.9734883661444427,-0.3420775915202323,1.2748948865588474,0.375,28,4,10,0,2,2,3,0,1,1,2,0,8,3,12,3,7,0,1,1,0,0,5.6288778607368215,3,0.09859999999999991,99.19490000000002,1,0,0,0,0,0,0,0,1,1,4,3,0,0,0,1,1,1,0,0,0,0,0,0,0,0,0,3,0,0,0,0,0,0,0,0,1,0,0,0,0,2,0,0,0,0,0,0,0,0,0,0,0,1,0,1,0,0,0,0,0,0,0,0,0,0,0,0,0,0,0,1,0,0,0,1,0,0,0,0,0,0,1,0,0
EMTRICITABINE,13.13269565696649,13.13269565696649,0.1519838120433359,-0.7632884542705967,0.7349748054075844,24.875,247.25099999999998,237.17099999999996,247.0426904,88,0,0.3513508746598313,-0.39275837743665254,0.39275837743665254,0.3513508746598313,1.8125,2.5625,3.1875,32.16666710861913,10.489588531461004,2.274735769785358,-2.130931452183142,2.2999603242740174,-2.293949348276909,7.995213626723523,-0.006769186160896507,2.714498906318688,2.2806743088881563,452.6449427603453,11.706742302257043,8.16796477003229,8.984461350960016,7.613392202930192,4.536181086396356,5.584935876377012,3.2001239282397393,4.392574017969616,2.1269880477485112,3.236559432960895,1.3489775275100517,2.279665238910907,-1.1200000000000003,5760.166679208256,11.36791629919611,4.39854613917551,2.036045870227899,94.23244507909337,15.577057825802939,11.663899542303952,11.635083618880923,0,0,5.689743398203474,4.567099647791355,9.184952231746642,4.983978520947208,11.761884949391115,0,0,5.752853606746789,12.803725536125995,14.233805396315574,17.57974772722614,0,9.551078168738563,0,11.663899542303952,18.09340304842189,22.498344994934268,0,0,11.423410875365658,10.208277825509848,0,11.761884949391115,32.453339506408064,4.736862953800049,5.817220841045894,6.22790117073487,10.991380755684897,0,0,0,90.37,28.988726559388347,9.184952231746642,0,6.606881964512918,5.752853606746789,10.763943219404432,11.761884949391115,0,0,4.983978520947208,15.577057825802939,19.469528612370873,1.3506412981859408,14.754662698412698,8.855795907869322,4.10122441106072,-0.7341160924246233,0,0.35424697656840487,-0.1519838120433359,0,0.5,16,3,6,0,1,1,0,0,1,1,2,0,6,2,8,2,2,0,1,1,0,0,3.1251440217687128,2,-0.4550000000000003,56.32120000000001,0,1,1,1,0,2,0,0,0,0,0,0,0,0,0,2,0,1,0,0,0,0,0,0,0,0,0,0,0,1,0,0,0,0,0,0,0,0,0,0,0,1,0,0,1,0,0,0,0,0,0,0,0,0,0,0,0,0,0,0,0,0,0,0,0,0,0,0,0,0,0,0,0,0,0,1,0,0,0,0,0,0,0,0,0
ENALAPRILAT,12.499654387619753,12.499654387619753,0,-1.0214929243302262,0.5439979171879195,17.962962962962962,384.42900000000026,356.2050000000001,384.1896512359999,152,0,0.32591549414003096,-0.48008040708619093,0.48008040708619093,0.32591549414003096,1.1851851851851851,1.8148148148148149,2.3703703703703702,16.372046727849334,10.042889718902346,2.3625767617926714,-2.2684186154894173,2.1843476660195003,-2.5261277949909604,5.875163831206732,-0.14914056918421326,3.078589597647201,3.3799979809387434e-6,623.39597045612,18.396976746569035,15.220721717341211,15.220721717341211,11.896754605515326,8.459079000917383,8.459079000917383,6.331347671725558,6.331347671725558,4.505156898907565,4.505156898907565,3.142805283949742,3.142805283949742,-2.49,421077.17080779356,24.509999999999998,11.271187646779481,6.628403890265809,157.14911385389055,26.065348192294614,12.083681658295921,0,5.907179729351506,0,11.938610575903697,14.905862972149976,4.794537184071822,0,0,30.33183534230805,38.170475183091654,6.544756405912575,6.041840829147961,35.5490500136596,17.845790305255203,0,10.216698334856808,0,50.73254617883855,6.544756405912575,35.89528683400505,0,0,5.316788604006331,0,0,0,68.58141739090627,20.804433175141472,0,31.749653560165648,30.33183534230805,0,0,0,169.94,30.06413306334758,24.596666341896878,0,16.859563401114233,32.22804289761662,5.563451491696996,4.899909730850477,6.923737199690624,30.33183534230805,5.316788604006331,0,0,0,36.54070911146276,21.431412999329595,1.0277904964403883,-2.4031843201802063,7.093693197984391,2.002441218303758,1.9738039633259692,0,0.5,27,7,9,0,1,1,1,1,0,1,3,0,4,3,9,1,8,0,1,1,0,0,10.231733674909817,2,-0.5232999999999988,98.38290000000005,2,0,0,0,0,0,0,0,2,2,3,1,0,0,0,1,1,0,0,0,1,0,0,0,0,0,0,1,0,0,1,0,0,0,1,0,0,0,0,0,0,0,0,0,0,0,0,0,0,0,0,0,0,0,0,0,0,0,0,0,0,0,0,0,0,0,0,0,0,0,0,0,0,0,0,0,0,0,0,0,0,0,0,0,0
HYDROCHLOROTHIAZIDE,11.633653628117914,11.633653628117914,0.014269731040564393,-4.0691038359788365,0.6544582690300507,18.235294117647058,297.74500000000006,289.68100000000004,296.9644754159999,94,0,0.24366456161935907,-0.37040168741078,0.37040168741078,0.24366456161935907,1.3529411764705883,2,2.588235294117647,35.495693767938526,10.290481523935407,2.2644715079106277,-2.1978055250762445,2.3171561594651515,-2.343831729463884,7.899931047456108,0.5807421280141186,2.134849960768007,2.7904937240424075,683.3155123780438,12.844934982691244,8.26661180454783,10.655533912421737,7.716162047958507,4.31553091882839,7.7229781173535725,3.325126454001831,6.99754663865525,2.1711652179249317,4.987914405774952,1.4173284469978171,3.7023527323273178,-0.8700000000000001,4303.857520908302,12.583385378594171,3.8175416799939437,2.2392150460713234,103.05494715630499,5.316788604006331,9.79096695103555,0,20.046582306815168,0,0,0,21.974567706265816,4.722094864452088,0,11.600939890232516,12.13273413692322,0,17.37871077732403,16.835593968657875,37.33490847173125,0,4.722094864452088,5.138973737607942,9.79096695103555,11.985479792905473,17.155367450664546,0,0,15.17785720606636,5.687386274683562,0,11.600939890232516,23.504285157557018,20.046582306815168,0,0,21.92370108795877,5.022633313741326,0,0,118.35999999999999,24.942065782332943,16.835593968657875,0,22.274194252841806,0,6.06636706846161,6.06636706846161,0,0,10.038883468458419,16.73991362784046,47.87880810657597,5.7245570357772735,-0.6211419753086411,7.529964332955405,0.23717592592592607,0,2.1493209876543213,0,0.014269731040564393,-7.8018430335097,0.14285714285714285,17,4,7,0,1,1,0,1,0,1,0,0,5,3,10,1,1,0,0,0,0,0,2.8257410681299775,2,-0.35129999999999967,61.63640000000001,0,0,0,0,0,0,0,0,0,0,0,0,0,0,0,0,2,1,0,0,0,0,0,0,0,0,0,0,0,1,0,0,0,0,1,0,1,0,0,0,0,0,0,0,1,0,0,0,0,0,0,0,0,0,0,0,0,0,0,0,0,0,0,0,0,0,0,0,0,0,0,0,1,0,0,0,2,0,0,0,0,0,0,0,0
LEVOFLOXACIN,14.983653155706726,14.983653155706726,0,-1.3153294094140058,0.31215902176400295,19.88679245283019,740.7610000000001,698.4250000000002,740.2981333640001,284,0,0.340723138098498,-0.4869169906040939,0.4869169906040939,0.340723138098498,0.660377358490566,1,1.320754716981132,19.143631314116142,10.052538014824856,2.3255326872663096,-2.3658504074758424,2.4318873900752704,-2.4482245404511036,5.982092511215231,0.06831856441136415,3.1027780485741685,1.7798941218221982e-7,2086.4538903340517,37.17011495953576,29.818296879804517,29.818296879804517,24.75983570621943,17.181993205089434,17.181993205089434,13.93391827041661,13.93391827041661,10.383683341124673,10.383683341124673,7.3775403314701,7.3775403314701,-5.26,312503643505.0113,37.49553717703306,14.284005063696743,6.417683932902424,301.5753352013276,53.89681075214749,35.71543946178695,23.1334653486596,10.857580783801081,0,11.938610575903697,9.589074368143644,18.369904463493285,0,0,0,40.07555250165885,64.75173839052674,33.889531522458036,43.53287699665616,45.11923298943293,0,18.934018757283663,0,25.93115605767717,89.46697860338176,67.73442109757988,0,11.49902366656781,30.131126153102137,20.155602644716765,11.49902366656781,0,126.22903510043098,0,11.634441682091788,46.6471334092148,34.11549564829302,0,21.805849864162113,0,181.51999999999998,34.43063304179657,38.172033621318334,0,52.6729888355267,60.08622327481775,38.31175976057352,12.393687143226153,9.13419929558271,37.742637826436585,9.799819461700954,9.473725907600098,45.113366874527586,0,56.17074331876113,18.726821080172382,-0.4476336025686667,-3.085313013839347,1.9881488830099934,2.685223922902494,10.151420679255276,4.030555191112481,0.4444444444444444,53,4,15,0,4,4,0,2,2,4,2,0,10,2,17,6,4,0,2,2,0,0,10.105404583071126,8,2.263300000000001,193.69639999999956,0,0,0,0,2,2,0,0,2,2,2,0,0,0,0,6,0,0,0,2,0,0,0,0,0,0,0,0,0,2,0,0,0,0,2,0,0,0,0,0,0,2,0,0,2,0,0,0,0,0,0,0,0,0,0,0,0,0,0,0,0,0,0,0,0,0,0,0,0,0,2,0,0,2,0,0,0,0,0,0,0,0,0,0,0
METHOTREXATE,12.370387140153797,12.370387140153797,0.013755321471853765,-1.29984144003521,0.29472034504927447,11.666666666666666,454.44700000000023,432.27100000000024,454.1713158039999,172,0,0.3257212005941315,-0.4812292557834712,0.4812292557834712,0.3257212005941315,1.0909090909090908,1.7878787878787878,2.4242424242424243,16.371409309108408,10.1042796245767,2.213743798763371,-2.1930724186071866,2.1853678399794165,-2.406387894949055,5.965354487044481,-0.14008816001937355,2.7616596075412105,1.674622124193935,1201.0294275064248,24.120591385700628,17.595362536967947,17.595362536967947,15.633938048533212,9.750178614129936,9.750178614129936,7.200234726002427,7.200234726002427,4.7208769971295785,4.7208769971295785,3.0272990123675156,3.0272990123675156,-4.55,15580631.75408013,23.12024193744085,9.71963980458573,5.782489078211631,187.03080174861526,31.897088078862588,6.041840829147961,16.981740716219015,5.948339280986494,5.907179729351506,11.938610575903697,9.589074368143644,14.762494225966236,9.967957041894415,0,0,30.68628989677245,24.719331371983756,18.43552797237411,24.596666341896878,46.46325657714427,0,25.25270268779516,0,25.428240480912553,23.414916667852037,41.71969133200497,0,0,21.684033289181176,17.453588333505085,0,0,61.08427199055059,16.133830774056218,0,28.893559916469297,30.462311845459514,0,11.16387793838399,0,210.53999999999996,23.88763113440316,19.490138947056174,0,30.171296796370537,23.402562339145028,5.687386274683562,12.13273413692322,18.329577708536295,11.947581713527667,25.25270268779516,16.573862349165076,0,0,52.69354289457169,20.249152627912856,13.655717453172574,-2.9079754048014954,5.160359524785862,0.963954897116627,0.3696192219035348,1.8156287853383466,0.25,33,7,13,0,0,0,1,1,2,3,1,0,10,5,13,2,9,0,0,0,0,0,6.809709812933406,3,0.2684000000000012,118.26160000000004,2,0,0,2,0,4,0,0,2,2,3,1,0,0,0,5,1,2,0,0,0,0,0,0,0,0,0,1,0,3,0,0,0,0,1,0,1,0,0,0,0,0,0,0,0,0,0,0,0,0,0,0,0,0,0,0,0,0,0,0,0,0,0,0,0,0,0,0,0,0,0,0,0,0,0,0,0,0,0,0,0,0,0,0,0
METHYLDOPA,10.74038281053162,10.74038281053162,0.07953703703703718,-1.385503590325019,0.5430485662212737,14.533333333333333,211.21699999999998,198.11299999999994,211.084457896,82,0,0.3232284756062487,-0.5042598930766835,0.5042598930766835,0.3232284756062487,1.4,2,2.466666666666667,16.369296770962556,9.93850856048526,2.2771312461028916,-2.1858067852527947,2.258094541768746,-2.4628868122079424,5.779107622010975,-0.1421235652082454,2.104576932812799,2.905062365401662,387.0088201517134,11.637828201504695,8.266396934908789,8.266396934908789,6.826204387599239,4.3587603259758145,4.3587603259758145,3.7224628725724047,3.7224628725724047,2.0997428761934516,2.0997428761934516,1.17862278728539,1.17862278728539,-1.75,1479.5175837673976,11.325471698113208,3.7808641975308643,2.5997033202878423,86.77528563072794,21.0532496616843,5.538925252383345,11.49902366656781,0,0,5.9693052879518484,4.794537184071822,0,0,0,6.06636706846161,24.619922828310838,6.4208216229260096,0,20.11411936859394,5.9693052879518484,0,0,5.733667477162185,18.883484074999977,0,23.762552697081826,0,11.49902366656781,5.733667477162185,0,11.49902366656781,0,26.82781272485731,11.21535880699783,0,12.487188691387619,18.19910120538483,0,0,0,103.78000000000002,11.508230540335195,9.901064578912528,0,17.919845289493818,5.563451491696996,0,25.122838405075452,0,0,0,15.946722266843596,0,0,10.74038281053162,27.04052232930209,4.7039380196523055,-1.642080498866212,4.106233938019653,0.07953703703703718,1.3881330309901738,0,0.3,15,5,5,0,0,0,0,1,0,1,1,0,4,4,5,0,3,0,0,0,0,0,2.854671364236354,1,0.4423000000000001,53.703800000000015,1,0,0,0,0,0,0,2,1,1,1,0,0,0,0,0,0,1,0,0,0,0,0,0,0,0,0,0,0,0,0,0,0,0,1,0,0,0,0,0,0,0,0,0,0,0,0,0,0,0,0,0,0,0,0,0,0,0,0,0,0,0,0,0,0,2,2,0,0,0,0,0,0,0,0,0,0,0,0,0,0,0,0,0,0
TENOFOVIR,10.70832055393834,10.70832055393834,0,-4.158239765299124,0.5982531606677406,13.15,305.231,289.103,305.08890524199995,112,0,0.3504934660788787,-0.41150952193742263,0.41150952193742263,0.3504934660788787,1.45,2.15,2.8,31.19092869655788,10.373702197354206,2.1643515258809276,-2.1391890998889487,2.3396839819091664,-2.167840671517474,7.5103940632365624,0.07641006812973469,2.7075893984091017,1.999998683917563e-6,626.2158337493865,14.043605595440512,10.670606388559033,11.565033579558948,8.865991962219567,5.440903557095924,7.238507460799709,4.099121670094668,5.6866889451092995,2.410569466024673,2.8959900275394546,1.5864063691955654,2.035078218312849,-1.58,17986.516373631664,16.4742888165038,6.246828101749218,3.954845652888263,113.63650923494161,30.3006451201399,18.19199116143563,11.465039998602755,0,0,7.595762326787885,4.565048284931329,14.951935562841623,0,0,0,6.923737199690624,0,18.976042868425417,24.564926280117692,24.577503043006903,0,19.51903521063298,0,19.5724599933515,12.081637846217014,12.654640149529083,0,0,5.733667477162185,5.817862777835028,0,7.595762326787885,47.23398700882242,15.846667644643954,0,6.923737199690624,12.654640149529083,0,11.16387793838399,0,167.88000000000002,20.047699083591016,4.565048284931329,0,11.29405461371639,17.708634344296563,0,12.654640149529083,11.49083684748198,0,14.951935562841623,20.257353636467187,17.473001518916924,0,29.43437274292433,0,6.700124675233577,0.2847582217043203,0,1.8503141446907971,2.0545573507180652,-4.158239765299124,0.4444444444444444,20,6,10,0,0,0,0,0,2,2,1,0,6,3,11,2,5,0,0,0,0,0,5.14560251676344,2,-0.8759000000000003,70.8073,0,0,0,1,0,4,0,0,0,0,0,0,0,0,0,4,0,1,0,0,0,0,0,0,0,0,0,0,0,1,0,0,0,0,0,0,1,0,0,0,0,1,0,0,0,0,0,1,0,0,0,0,0,0,0,0,0,0,0,0,0,0,0,0,0,0,0,0,0,0,0,0,0,0,0,0,0,0,0,0,0,0,0,0,0
TOPIRAMATE,11.099000771604938,11.099000771604938,0.1646981292517009,-4.1372085091752755,0.7386170940393365,42.86363636363637,339.3660000000001,318.1980000000001,339.098787632,128,0,0.33296680664821293,-0.34266041834772965,0.34266041834772965,0.33296680664821293,1.1363636363636365,1.8181818181818181,2.4545454545454546,32.245164111363444,9.975165548934415,2.653206750669092,-2.3953653244023756,2.470653771693936,-2.6034692368295276,7.838970230179736,-0.29018474285717655,2.7764538450813094,1.8725713676939653,561.473564578839,16.388905057061258,12.897849253306367,13.714345834234093,9.916762087863123,6.9620476644818945,8.433452185272927,6.5567702441812346,7.7780710642302395,3.6990302456548143,4.1454142290704015,3.111999834143423,3.440532687361254,-0.33,55495.75945548521,16.525071555819004,4.835048687496482,3.0171902245214364,128.7270626681316,23.684314769000245,24.918781127757825,11.574222305141193,5.7871111525705965,0,10.304164876023634,4.183085432649707,5.138973737607942,8.417796984328938,0,0,27.694948798762496,0,6.606881964512918,36.28519718597889,10.304164876023634,0,0,5.138973737607942,63.36818141971918,13.213763929025836,0,0,0,5.138973737607942,0,0,0,57.304793534311464,38.171565077673584,0,27.694948798762496,0,0,0,0,115.54,46.480313073744945,8.417796984328938,0,12.71084835226122,0,0,0,27.694948798762496,0,0,33.0063739392579,55.893673430020165,0,0,4.8916954050138575,0,-3.1905517762660622,0,-1.5004747732426307,6.709532890316621,-4.1372085091752755,1,22,2,9,0,3,3,0,0,0,0,4,0,8,1,10,3,3,0,3,3,0,0,3.631796615306733,3,-0.3953999999999982,71.60420000000005,0,0,0,0,0,0,0,0,0,0,0,0,0,0,0,0,0,1,0,0,0,0,0,0,0,0,0,0,0,0,0,0,0,0,0,0,3,0,0,0,0,5,0,0,0,0,0,0,0,0,0,0,0,0,0,0,0,0,0,0,0,0,0,0,0,0,0,0,0,0,0,0,0,0,0,0,0,0,0,0,0,0,0,0,0
VIGABATRIN,9.929827097505669,9.929827097505669,0.11824074074074065,-0.8126851851851848,0.5386736295032681,12.555555555555555,129.159,118.07099999999998,129.078978592,52,0,0.3029124034897125,-0.4812295172961118,0.4812295172961118,0.3029124034897125,1.8888888888888888,2.4444444444444446,2.7777777777777777,16.365136452204833,10.158303026210302,1.994128367529349,-1.9990615595961612,1.9309713021153743,-2.1690548078534557,5.661955756415553,-0.136667533922037,1.825884775835532,3.264770519247031,111.6254878262668,7.276020881938894,5.208833037092341,5.208833037092341,4.163902460147014,2.7644475811695775,2.7644475811695775,1.8319705487345892,1.8319705487345892,0.994285802276316,0.994285802276316,0.40799308440009385,0.40799308440009385,-0.8300000000000001,78.51304536092788,8.17,4.0892660852838025,5.034193606854939,54.17000511688082,10.84019487200289,0,0,0,0,5.9693052879518484,4.794537184071822,0,0,6.578935683598497,6.076020106833881,6.4208216229260096,12.462662452073971,0,9.901064578912528,5.9693052879518484,0,0,5.733667477162185,18.88348407499998,0,12.654955790432378,0,0,5.733667477162185,0,0,0,17.117673511940517,4.794537184071822,0,12.841643245852019,12.654955790432378,0,0,0,63.32000000000001,5.9693052879518484,4.794537184071822,0,12.462662452073971,6.4208216229260096,0,0,6.076020106833881,0,6.578935683598497,10.84019487200289,0,0,9.929827097505669,8.168030045351474,5.339861111111111,-0.8126851851851848,-0.17953703703703727,2.1338888888888894,3.420615079365079,0,0.5,9,3,3,0,0,0,0,0,0,0,1,0,2,2,3,0,4,0,0,0,0,1,3.7121448796409626,0,0.36450000000000005,35.042199999999994,1,0,0,0,0,0,0,0,1,1,1,0,0,0,0,0,0,1,0,0,0,0,0,0,0,0,0,0,0,0,0,0,0,0,0,0,0,0,0,0,0,0,0,0,0,0,0,0,0,0,0,0,0,0,0,0,0,0,0,0,0,0,0,0,0,0,0,0,0,0,0,0,0,0,0,0,0,0,0,0,0,0,0,0,0
ATENOLOL,10.74650781595826,10.74650781595826,0.2234260215794306,-0.5484295214999584,0.637673978167625,12.421052631578947,266.34099999999995,244.16499999999996,266.163042564,106,0,0.22133904270124447,-0.49084910947086335,0.49084910947086335,0.22133904270124447,1.368421052631579,2,2.526315789473684,16.489201797033466,10.135428507437318,2.05869878222243,-2.1465903900073826,2.122770003275406,-2.346749085623981,5.760774776208167,-0.11689712002277343,2.345334627091968,2.346203475304779,390.18247960279086,14.25071237662706,11.42648240431471,11.42648240431471,8.96923425058676,6.385697080128181,6.385697080128181,4.814816657955223,4.814816657955223,2.505817681830794,2.505817681830794,1.5277985474625226,1.5277985474625226,-1.5899999999999999,13068.204542156445,15.467438253877082,7.759435821524982,6.785046519560318,113.30999399703728,20.893846429809273,18.460360185545124,0,5.907179729351506,0,0,4.794537184071822,0,0,0,25.980208536304467,17.696185628620217,12.586597235060536,6.4208216229260096,14.637927532712578,5.907179729351506,0,5.316788604006331,5.733667477162185,32.41410323920353,13.151638370425493,29.828919765543436,0,5.749511833283905,15.787319034968565,0,5.749511833283905,0,36.31115271151397,11.21535880699783,0,19.410925891078243,24.26546827384644,0,0,0,84.57999999999998,6.103966387748303,9.901064578912528,0,18.934883316790433,18.33610906834444,5.563451491696996,0,24.26546827384644,13.847474399381248,5.316788604006331,10.470530430962235,5.453870937263795,0,10.74650781595826,12.815085272605115,5.9573771903383275,0.30617384866611386,7.446397675404294,-0.3250034999205278,4.766257426351291,0,0.5,19,4,5,0,0,0,1,1,0,1,1,0,4,3,5,0,8,0,0,0,0,1,6.3167681291768245,1,0.45210000000000006,73.98090000000003,0,1,1,0,0,0,0,0,0,0,1,1,0,0,0,0,1,1,0,0,0,0,0,0,0,0,0,1,0,0,0,0,0,0,1,0,0,0,0,0,0,1,0,0,0,0,0,0,0,0,0,0,0,0,0,0,0,0,0,0,0,0,0,0,0,0,0,0,0,0,0,1,0,0,0,0,0,0,0,0,0,0,0,0,0
AZITHROMYCIN,14.197646170593277,14.197646170593277,0.13307170776687305,-1.7988146896397503,0.23847544119122632,49.61538461538461,748.9960000000001,676.4200000000001,748.5085257439999,306,0,0.3111884259366843,-0.45893581612486206,0.45893581612486206,0.3111884259366843,0.9423076923076923,1.5576923076923077,2.1153846153846154,16.71364559792243,9.773533953023037,2.5232489674458396,-2.484652433174526,2.3982822734584435,-2.602395919331875,5.727510634581747,-0.3175797470167672,3.05424261494136,2.174897674367484,1143.2996076325867,39.67047943846528,34.18402114552387,34.18402114552387,23.90868204321631,19.1425315930732,19.1425315930732,17.16511252298626,17.16511252298626,12.207585984587311,12.207585984587311,8.736622445921284,8.736622445921284,-1.0100000000000005,41580665866.42338,45.379890795747386,17.847452831186484,10.043362889283467,311.5582453783882,63.75363415870476,30.016916361976897,12.580053458670426,0,0,5.9693052879518484,4.794537184071822,0,0,0,20.771211599071872,94.78954726080535,38.07696327457343,41.535873219121974,58.748351881075635,5.9693052879518484,0,9.799819461700954,17.75371813848418,185.21927714051412,34.79756989522168,0,0,0,0,0,0,0,166.39795027098182,33.215714906872115,17.75371813848418,94.92065848861026,0,0,0,0,180.08,95.9579288152822,30.327174158275348,0,37.32617813183568,12.965578028838586,0,14.033534740968157,41.54242319814374,51.71404700880439,0,28.421177722800294,37.527841638639316,0,18.044394001566985,58.13685659486302,-4.374301807109053,-2.584215013114724,-0.8077540456952021,-8.189621261650455,18.044648104051845,7.118818455114937,0.9736842105263158,52,5,14,0,3,3,0,0,0,0,18,0,14,5,14,3,7,0,3,3,0,0,15.575297316567214,3,1.9007000000000054,194.1789999999994,0,5,3,0,0,0,0,0,0,0,1,1,0,0,0,2,0,0,0,2,0,0,0,0,0,0,0,0,0,0,0,0,0,0,0,0,0,0,0,0,1,6,0,0,0,0,0,0,0,0,0,0,0,0,1,1,0,0,0,0,0,0,0,0,0,0,0,0,0,0,0,0,0,0,0,0,0,0,0,0,0,0,0,0,0
BACLOFEN,10.527246927577615,10.527246927577615,0.05370275888133014,-0.837592592592592,0.8026316327602356,12.428571428571429,213.664,201.56799999999996,213.055656304,76,0,0.3035124956383034,-0.48121368109919593,0.48121368109919593,0.3035124956383034,1.4285714285714286,2,2.4285714285714284,35.495691037100464,9.960079403984288,2.1274317986535767,-2.1171363346788676,2.1992983631329137,-2.1563117150865905,6.3008697657052455,-0.13693951108016625,2.152662874564412,2.782977187746648,310.402966410215,10.55204176387779,7.611741536483899,8.367670482502353,6.6302289553358005,4.305053781112119,4.683018254121346,3.082039597478802,3.5184753779507862,2.046947477345725,2.2989237926852093,1.2829985791968497,1.408986736866592,-1.06,1291.597724738647,11.017279752704791,4.97980295758765,3.0132151439158164,87.49008435321755,10.84019487200289,0,0,0,0,5.9693052879518484,4.794537184071822,0,0,0,23.733674027155736,24.24094203453279,10.940539359902719,6.4208216229260096,9.901064578912528,17.570245178184365,0,0,5.733667477162185,12.338727669087403,6.544756405912575,34.85155307928476,0,0,5.733667477162185,0,0,11.600939890232516,17.62058908870513,4.794537184071822,0,17.9021791607844,24.26546827384644,5.022633313741326,0,0,63.32000000000001,5.9693052879518484,4.794537184071822,0,12.338727669087403,11.567389719653901,5.563451491696996,0,12.13273413692322,12.13273413692322,0,22.441134762235407,0,5.717706793622798,10.527246927577615,9.288039948489685,6.410836640211641,-0.9720679012345679,7.091665406903502,0.05370275888133014,0.3273138699924414,0,0.3,14,3,3,0,0,0,0,1,0,1,1,0,2,2,4,0,4,0,0,0,0,1,3.9188487355064185,1,1.857,55.50020000000002,1,0,0,0,0,0,0,0,1,1,1,0,0,0,0,0,0,1,0,0,0,0,0,0,0,0,0,0,0,0,0,0,0,0,1,0,0,0,0,0,0,0,0,0,1,0,0,0,0,0,0,0,0,0,0,0,0,0,0,0,0,0,0,0,0,0,0,0,0,0,0,0,0,0,0,0,0,0,0,0,0,0,0,0,0
CHLOROQUINE,6.037304924321911,6.037304924321911,0.4415188019652305,0.4415188019652305,0.7564117572128701,12.772727272727273,319.88000000000005,293.672,319.18152551199995,120,0,0.0737050348968934,-0.3819987587014788,0.3819987587014788,0.0737050348968934,1.2272727272727273,2,2.727272727272727,35.49569144082068,10.111198732997597,2.0723278508327083,-2.2041918957043305,2.2482266412434933,-2.252809868520714,6.308865212154878,0.29482291113389825,2.512560409810659,1.9543317629987866,595.902004288487,15.94938298937633,13.772027185079638,14.527956131098094,10.634560252985372,8.168000818314397,8.545965291323624,5.734479833618928,6.170915614090913,4.112580506062865,4.347677608850603,2.7456517126883737,2.91199526772967,-1.3199999999999998,92030.06269054482,17.040493457333096,8.348732456831405,4.586608819803334,138.2301567424412,10.216698334856808,0,0,0,0,0,4.983978520947208,0,0,0,25.448414289613766,63.66511793712681,28.334928203650723,5.516700717616262,0,28.191251096997135,0,9.883888251797686,0,39.654695674071846,24.951057821744055,35.48494515920084,0,0,5.316788604006331,5.687386274683562,0,11.600939890232516,35.55999829868337,0,0,33.61285484492389,30.462311845459514,5.022633313741326,10.902924932081056,0,28.16,0,0,0,0,6.041840829147961,41.1232789552571,12.965578028838586,0,30.462311845459514,35.97188845487589,11.600939890232516,0,6.037304924321911,6.855184867424676,5.466120779407598,2.0739323617800354,0,8.345930616851883,4.2105288993169285,10.122108662008081,0,0.5,22,1,3,0,0,0,0,1,1,2,1,0,3,1,4,1,8,0,0,0,0,1,6.4666600367118185,2,4.810600000000004,96.85970000000006,0,0,0,0,0,1,0,0,0,0,0,0,0,0,0,2,1,0,0,0,0,0,0,0,0,0,0,0,0,1,0,0,0,0,1,0,1,0,0,0,0,0,0,0,1,0,0,0,0,0,0,0,0,0,0,0,0,0,0,0,0,0,0,0,0,0,0,0,0,0,0,0,0,1,0,0,0,0,0,0,0,0,0,0,0
CIMETIDINE,8.427130295299937,8.427130295299937,0.5037500000000001,0.5037500000000001,0.23465880975452968,11,252.347,236.219,252.11571551199998,92,0,0.203960072813623,-0.35864492292956307,0.35864492292956307,0.203960072813623,1.7058823529411764,2.5294117647058822,3.1176470588235294,32.16649129209143,10.386495184748952,1.9981534180658773,-2.0182848663214124,2.1133892805451695,-2.3113533117223186,7.98055008750393,1.009253617899864,2.7307249421932687,2.2046775646270014,405.1737761568005,12.510225400620904,9.948559689713006,10.765056270640732,8.274386907679233,5.214825843391648,6.369526381770901,3.243947169369249,4.349118884891787,2.089742070981229,3.0385525488140153,1.15754560499141,2.0066608258095204,-1.6800000000000002,8399.709922186494,13.38527415143603,7.570081043458362,4.7817848631942805,104.92554288214419,10.300767124953538,0,6.19315609577884,5.959554568743835,0,0,10.309193336642,4.983978520947208,17.0237765041296,0,0,6.923737199690624,24.247307191019228,18.566004475525578,0,17.72143951813495,5.261891554738487,20.601534249907075,4.992404732635668,12.676590806437414,19.345281995336553,17.715176064461463,0,6.19315609577884,10.633577208012662,0,0,11.761884949391115,35.272793605974805,5.752853606746789,18.37878485020795,11.387855989696922,11.31972480740021,0,0,0,88.88999999999999,0,0,0,0,12.50431097465641,22.8935632031905,0,25.136877006832847,13.116893295469463,25.593938982542745,5.261891554738487,0,1.7676575491307633,11.455841635450223,13.697172444875818,2.200029427009045,2.2775668461829177,0,3.5329006029511083,2.6765698241086047,1.7255950036248557,0.5,17,3,6,0,0,0,0,0,1,1,0,0,4,3,7,1,5,0,0,0,0,0,5.960447653839948,1,0.5974,69.59710000000003,0,0,0,0,0,2,1,0,0,0,0,0,0,0,1,3,3,0,0,0,0,1,0,0,0,0,0,0,0,0,1,0,0,0,0,0,0,0,0,0,0,0,0,1,0,0,0,1,0,0,0,0,0,0,0,0,0,1,0,0,0,0,0,0,0,0,0,0,0,0,0,0,0,0,0,1,0,0,0,0,0,0,0,0,0
DISOPYRAMIDE,12.738290816326533,12.738290816326533,0.35660903250188913,-0.9260416666666669,0.8020711980677477,14.04,339.4830000000001,310.25100000000003,339.231062548,134,0,0.2337163280303836,-0.36855491653563877,0.36855491653563877,0.2337163280303836,1.04,1.64,2.12,16.147939192591814,9.732130303323832,2.415838285647443,-2.361639461141838,2.346911632925978,-2.4714156918675356,5.8983882861814605,-0.12229345515634114,2.5911822000739413,2.502189298799148,620.555221777562,18.44938298937633,15.645092274112388,15.645092274112388,11.891588528501451,8.9195437173045935,8.9195437173045935,7.025906625619414,7.025906625619414,4.860954956686851,4.860954956686851,3.559344711909495,3.559344711909495,-2.1999999999999997,333329.6782175118,19.129072805592827,8.25562130177515,4.07432733929559,150.6188129177335,5.733667477162185,5.414990469396779,0,5.907179729351506,0,0,14.678425435869507,0,0,0,36.39820241076966,51.81195605030872,24.825281635821572,5.693927994848461,4.794537184071822,5.907179729351506,0,9.883888251797686,5.733667477162185,51.614442549381195,6.544756405912575,65.98515960585141,0,0,5.733667477162185,0,0,0,34.419506045357686,10.209527653468601,0,45.373149908233955,54.72778011930596,0,0,0,59.22,5.414990469396779,4.794537184071822,0,5.907179729351506,24.198431276070394,12.10820789760957,0,6.196843571613076,48.53093654769288,37.57883705056018,5.733667477162185,0,0,19.614017857142862,0,6.657003495842782,-0.35660903250188913,16.21355300453515,2.317800925925926,9.470900415721845,0,0.42857142857142855,25,2,4,0,0,0,1,1,1,2,1,0,3,1,4,1,8,0,0,0,0,1,6.316895237482395,2,3.361900000000002,102.24840000000006,0,0,0,0,0,1,0,0,0,0,1,1,0,0,0,2,0,1,0,0,0,0,0,0,0,0,0,1,0,0,0,0,0,0,1,0,0,0,0,0,0,0,0,0,0,0,0,0,0,0,0,0,0,0,0,0,0,0,0,0,0,0,0,0,0,0,0,0,0,0,0,1,0,1,0,0,0,0,0,0,0,0,0,0,0
FAMOTIDINE,10.648670588076357,10.648670588076357,0.014377652053066736,-3.9162629078012476,0.28661243847385526,12.35,337.456,322.33600000000007,337.04493571999996,112,0,0.3183666112666898,-0.38640179491470583,0.38640179491470583,0.3183666112666898,1.4,2.1,2.7,32.23843012645176,10.45900241567031,2.035069578064354,-1.9912334617778562,2.214127513772572,-2.2135882879074096,7.980681418920373,0.5993105380194202,2.684804803203603,2.366985109789652,603.3416169759435,15.173362107437434,10.390953928326963,12.840443671110142,9.259838812336918,5.248627762696673,8.786200671458626,3.5582686226138227,6.712511267058128,1.7613462946703262,4.026344734037025,1.0869197273554732,3.1709675684228085,-1.3699999999999999,18919.81944817579,16.683676865271067,7.422318703285096,7.275833665396974,124.28559613101793,17.201002431486554,5.835619785757269,5.959554568743835,5.131558479839333,0,10.209329170397666,0,10.122952258555149,25.17208666635572,15.73449687101616,0,0,23.3065916068855,5.693927994848461,8.417796984328938,50.23473283206396,0,4.983978520947208,31.73009189481159,12.1736752296728,5.752853606746789,11.073990765314376,0,0,22.339976169094495,5.131558479839333,0,23.09867082732585,30.94980346652404,15.962182777144456,0,12.114749617774471,14.770178496183007,0,0,0,175.82999999999998,10.209329170397666,8.417796984328938,0,11.795174354501103,23.05808731625892,5.693927994848461,23.09867082732585,0,5.380062770465915,14.374094246664301,22.339976169094495,24.459977208450542,2.86350278861417,8.026839885620099,7.070600139703016,16.73559822569537,1.184355891556469,0,0.3253887681615857,0,-3.9162629078012476,0.375,20,8,9,0,0,0,0,0,1,1,0,0,6,4,12,1,7,0,0,0,0,0,6.191578341833315,1,-0.7679999999999998,83.0924,0,0,0,0,0,1,0,0,0,0,0,0,0,0,1,3,0,4,0,0,0,0,0,0,0,0,0,0,1,0,0,0,0,0,0,0,0,0,0,0,0,0,0,1,0,0,0,0,0,0,0,0,0,0,0,0,0,0,0,0,0,0,0,0,0,0,0,0,0,0,0,0,0,0,0,1,0,0,0,0,1,0,0,0,0
FLECAINIDE,12.412735771073162,12.412735771073162,0.015653309099376678,-4.633711059046106,0.6715843719947417,17.857142857142858,414.34600000000006,394.18600000000004,414.13781181999997,158,0,0.4220670275888739,-0.48410121481961776,0.48410121481961776,0.4220670275888739,1.0714285714285714,1.75,2.357142857142857,19.417185297443847,10.048938003891688,2.3040182512725558,-2.235334517444808,2.2752393519531573,-2.430675316822064,5.969577040166918,-0.15418003485565124,2.623560874178439,2.106626262239118,657.2732946561475,20.786246282559798,14.751680254511289,14.751680254511289,13.033606621681471,8.581035273521321,8.581035273521321,6.322525627729658,6.322525627729658,3.910882329270227,3.910882329270227,2.6362734967846984,2.6362734967846984,-2.17,927019.4935257063,22.12261696447685,9.351688303824279,7.829161513005718,156.92148456816147,20.10730311561276,11.49902366656781,13.213763929025836,0,5.907179729351506,12.35259703488695,4.794537184071822,0,26.34249028604892,0,6.4208216229260096,37.58550085714943,12.586597235060536,5.563451491696996,40.61075337772084,5.907179729351506,0,10.633577208012662,0,37.65690273281294,26.303276740850986,23.762552697081826,0,11.49902366656781,20.10730311561276,26.34249028604892,11.49902366656781,0,50.60489433423741,0,0,29.620453544546844,18.19910120538483,0,0,0,59.59,37.223052526548194,31.137027470120742,0,23.899560560041436,0,44.00632248007543,0,0,0,20.10730311561276,0,83.32700890975106,0,12.408126771541948,5.75477945002228,-0.3335796957671955,-1.467204900478709,2.935512581320662,-6.411797775878989,-2.2128453405110604,0,0.5882352941176471,28,2,5,0,1,1,1,1,0,1,1,0,4,2,11,1,7,0,1,1,0,1,7.3887077970243835,2,3.4407000000000014,87.51690000000005,0,0,0,0,0,0,0,0,0,0,1,1,0,0,0,0,2,0,0,0,0,0,0,0,0,6,0,1,0,0,0,0,0,0,1,0,0,0,0,0,0,2,0,0,6,0,0,0,0,0,0,0,0,0,0,0,0,0,0,0,0,0,0,0,0,0,0,0,0,1,0,0,0,0,0,0,0,0,0,0,0,0,0,0,0
FLUCONAZOLE,14.112474962207104,14.112474962207104,0.05564814814814789,-1.6952546296296296,0.7515159753061997,11.772727272727273,306.276,294.18,306.10406544399996,114,0,0.13725485636208273,-0.38113798436276414,0.38113798436276414,0.13725485636208273,1,1.5909090909090908,2.0454545454545454,19.145462344355394,9.9264929394231185,2.340672135523436,-2.2820552864922314,2.27658960835272,-2.372777619899982,5.246659911815984,-0.00855349022892143,3.1162095051325753,2.0062012637427222,707.748307396491,15.579139501373252,11.342089561218637,11.342089561218637,10.566298692132577,6.394758573669304,6.394758573669304,4.8418744561459635,4.8418744561459635,3.212779920106776,3.212779920106776,2.251965416600109,2.251965416600109,-2.6799999999999993,150450.59490780073,14.265390353023173,5.6024467573223475,2.8375736961451246,123.41948530867809,5.106527394840706,42.54477279213365,0,0,0,0,0,28.112393007534422,10.197363616602075,0,6.06636706846161,6.06636706846161,11.629818560158606,13.08951281182515,13.887357490190345,0,0,29.528926528786858,0,18.69056362280884,0,60.70627467823178,0,0,0,8.78083009534964,0,0,34.635453923627566,18.69056362280884,11.634441682091788,5.563451491696996,43.508381504442994,0,0,0,81.64999999999999,17.235492493075476,13.887357490190345,0,18.652964303522147,0,12.13273413692322,40.739253237810146,0,0,20.16532065849649,0,29.947713687326782,0,7.57163055345595,18.772242378432857,-1.7509027777777775,-1.5621830645838575,3.0213936130007557,5.398096917779457,-0.14799130763416501,0,0.23076923076923078,22,1,7,0,0,0,0,1,2,3,0,0,5,1,9,2,5,0,0,0,0,0,3.632776814783281,3,0.7357999999999993,70.29880000000001,0,1,0,0,0,6,0,0,0,0,0,0,0,0,0,6,0,0,0,0,0,0,0,0,0,0,0,0,0,0,0,0,0,0,1,0,0,0,0,0,0,0,0,0,2,0,0,0,0,0,0,0,0,0,0,0,0,0,0,0,0,0,0,0,0,0,0,0,0,0,0,0,0,0,0,0,0,0,0,0,0,0,0,0,0
METFORMIN,7.067777777777778,7.067777777777778,0.11342592592592626,-0.2141666666666664,0.24878483893146577,8.222222222222221,129.167,118.07900000000001,129.10144535199998,52,0,0.19687109774601289,-0.36979795817899275,0.36979795817899275,0.19687109774601289,1.4444444444444444,1.8888888888888888,2,15.267920813944366,10.75549987335213,1.9564507155409163,-2.125819992305421,1.696617422645782,-2.420618486272108,5.940582615945816,0.5987415586839497,1.6343741500928624,3.6444856791101587,126.919684538544,7.439157588755425,5.5245638646895845,5.5245638646895845,4.036581260209188,2.406709123344708,2.406709123344708,1.781709123344708,1.781709123344708,0.7002840785861559,0.7002840785861559,0.2393635016364836,0.2393635016364836,-1.26,60.47184355343591,7.739999999999999,2.9071056558917943,3.33347181008902,53.854365920373084,10.633577208012662,0,11.91910913748767,0,0,0,16.135355815589374,0,0,0,0,0,14.09534396535438,0,0,11.91910913748767,10.818567211583044,10.216698334856808,5.733667477162185,0,14.09534396535438,0,0,0,11.050456081168516,0,0,0,30.914362833692522,0,10.818567211583044,0,0,0,0,0,88.99000000000001,0,0,0,11.91910913748767,0,0,4.899909730850477,14.09534396535438,0,5.316788604006331,16.55223468874523,0,0,1.5152777777777777,16.0975,4.935833333333333,-0.10074074074074013,0,0,0,3.385462962962963,0.5,9,5,5,0,0,0,0,0,0,0,0,0,2,4,5,0,0,0,0,0,0,0,2.5001108640669427,0,-1.034159999999999,36.46349999999999,0,0,0,0,0,0,0,0,0,0,0,0,0,0,0,1,3,1,0,0,0,0,0,0,0,0,0,0,0,0,0,0,0,0,0,0,0,0,0,0,0,0,0,2,0,0,0,0,0,0,0,0,0,0,0,0,0,0,0,0,0,0,0,0,0,0,0,0,0,0,0,0,0,0,0,0,0,0,0,0,0,0,0,0,0
METOCLOPRAMIDE,12.136979717813052,12.136979717813052,0.21212396069538908,-0.21212396069538908,0.7558132464087878,10.65,299.8020000000001,277.626,299.14005462399996,112,0,0.2546465849307497,-0.4958418391220392,0.4958418391220392,0.2546465849307497,1.4,2.05,2.6,35.49569161264618,10.139606240301214,2.1437059564122585,-2.1800683226055635,2.2812477118548107,-2.3447865317717027,6.331442082273068,0.09456752647449747,2.4530697788926803,2.6993698551050787,461.97739235477394,15.120955864630139,12.20215258175198,12.958081527770435,9.527605765303287,6.665304741423288,7.043269214432516,4.356788180024037,4.763988306764643,3.1714456944663425,3.4987725298203314,1.8780472915002753,2.0417107091772695,-1.4600000000000002,23853.65052995242,16.593937432578212,7.968039579443504,4.28252067886105,124.57886014192627,20.687228765819043,5.749511833283905,0,0,5.907179729351506,0,4.794537184071822,0,0,0,25.448414289613766,19.15587988028676,19.15587988028676,23.383268621399417,9.53140013787187,23.195505894267583,0,10.216698334856808,0,13.847474399381248,39.02249064209002,22.71881894236154,0,5.749511833283905,15.787319034968565,5.687386274683562,5.749511833283905,11.600939890232516,44.09591262512981,0,0,24.205463075150064,12.13273413692322,5.022633313741326,0,0,67.59,0,4.794537184071822,0,5.907179729351506,28.567739319318363,19.634269217737724,13.176164609739143,6.06636706846161,0,24.064172734238056,22.07147032119475,5.162170493197279,5.947448979519535,14.366614657694354,3.2063410703787696,6.477354097388369,0.2112456433190566,3.0874031557067267,0,7.490470702871497,1.4953956443688585,0.5,20,3,5,0,0,0,1,1,0,1,0,0,4,2,6,0,7,0,0,0,0,0,6.611057512079616,1,2.0023999999999997,82.53760000000004,0,0,0,1,0,0,0,0,0,0,1,1,0,0,0,1,1,1,0,1,0,0,0,0,0,0,0,1,0,1,0,0,0,0,1,0,0,0,0,0,0,1,0,0,1,0,0,0,0,0,0,0,0,0,0,1,0,0,0,0,0,0,0,0,0,0,0,0,0,0,0,0,0,0,0,0,0,0,0,0,0,0,0,0,0
NADOLOL,9.995061912110524,9.995061912110524,0.048472739098190054,-0.759508606689794,0.641468123492022,23,309.406,282.19,309.194008344,124,0,0.12250126793438662,-0.49054661862706633,0.49054661862706633,0.12250126793438662,1.2272727272727273,1.9090909090909092,2.590909090909091,16.48993002078529,9.870497287840655,2.2694598223559828,-2.277302460157157,2.296200980110771,-2.4215529937461615,5.42568430532179,0.013185757945354344,2.432505803001663,1.9518277980661054,497.9225718548434,16.328062645816686,13.542417816847687,13.542417816847687,10.25983881233692,7.788399551893129,7.788399551893129,7.03249815227613,7.03249815227613,3.8157637852440027,3.8157637852440027,2.5446736657346753,2.5446736657346753,-1.1400000000000001,58912.85804289727,17.217594573803684,6.959388449702855,4.678256471765859,131.4860438940334,25.373233742328495,18.460360185545124,0,0,0,0,0,0,0,0,12.13273413692322,32.40103015923048,30.488776395844933,12.207932775496605,20.056445138322168,0,0,5.316788604006331,0,57.46367926055214,13.151638370425493,29.32600418877882,0,5.749511833283905,10.05365155780638,0,5.749511833283905,0,52.32204497057586,12.841643245852019,0,31.898114582465862,18.19910120538483,0,0,0,81.95,18.31189916324491,15.319582184522117,0,12.145807216896262,25.1359114850485,11.126902983393991,0,0,38.970312804456704,5.316788604006331,4.736862953800049,5.7322515117157975,0,0,32.80080113667089,1.8764225299662263,0.6789432161753592,5.65318857867221,-1.2699713985175758,6.77836442531709,0,0.6470588235294118,22,4,5,1,0,1,0,1,0,1,3,0,5,4,5,0,5,0,0,0,0,3,5.446542218572541,2,0.6347999999999998,85.12110000000003,0,3,3,0,0,0,0,0,0,0,0,0,0,1,0,0,1,0,0,0,0,0,0,0,0,0,0,0,0,0,0,0,0,0,1,0,1,0,0,0,0,1,0,0,0,0,0,0,0,0,0,0,0,0,0,0,0,0,0,0,0,0,0,0,0,0,0,0,0,0,0,0,0,0,0,0,0,0,0,0,0,0,0,0,0
OFLOXACIN,14.983653155706726,14.983653155706726,0.04335879104728346,-1.3153294094140058,0.8747398264671755,20.26923076923077,361.37300000000005,341.2130000000001,361.14378433999997,138,0,0.340723138098498,-0.4869169906040939,0.4869169906040939,0.340723138098498,1.3076923076923077,2,2.6538461538461537,19.14222037784276,10.052547816243719,2.303971358738993,-2.3658502773636156,2.4150259441476183,-2.448220383518268,5.968800079492731,0.06940102819097269,2.6008121369340973,2.004088915400979,963.2881482992597,18.585057479767894,14.659148439902266,14.659148439902266,12.379917853109722,8.590996602544717,8.590996602544717,6.966959135208313,6.966959135208313,5.19184167056234,5.19184167056234,3.6887701657350496,3.6887701657350496,-2.61,825393.7397774052,16.8368029259421,5.979774542196717,2.4384574228435856,148.73152976640841,24.210309458133064,17.857719730893475,11.5667326743298,5.428790391900541,0,5.9693052879518484,4.794537184071822,9.184952231746642,0,0,0,20.037776250829424,32.37586919526338,16.944765761229018,19.028342580387395,22.559616494716465,0,9.467009378641832,0,12.965578028838586,44.73348930169088,33.86721054878994,0,5.749511833283905,15.065563076551069,10.077801322358383,5.749511833283905,0,60.376421632274784,0,5.817220841045894,23.3235667046074,17.05774782414651,0,10.902924932081056,0,75.00999999999999,17.215316520898284,19.086016810659167,0,23.598398499822668,30.043111637408877,19.15587988028676,6.196843571613076,4.567099647791355,18.871318913218293,4.899909730850477,4.736862953800049,22.556683437263793,0,28.085371659380563,9.363410540086191,-0.22381680128433334,-1.5426565069196736,0.9940744415049967,1.342611961451247,5.075710339627637,2.0152775955562405,0.4444444444444444,26,1,7,0,2,2,0,1,1,2,1,0,5,1,8,3,2,0,1,1,0,1,3.8723186734050676,4,1.5439999999999998,95.04130000000004,0,0,0,0,1,1,0,0,1,1,1,0,0,0,0,3,0,0,0,1,0,0,0,0,0,0,0,0,0,1,0,0,0,0,1,0,0,0,0,0,0,1,0,0,1,0,0,0,0,0,0,0,0,0,0,0,0,0,0,0,0,0,0,0,0,0,0,0,0,0,1,0,0,1,0,0,0,0,0,0,0,0,0,0,0
PILSICAINIDE,12.472526927437642,12.472526927437642,0.16733453798185938,0.16733453798185938,0.9156896793854015,20.9,272.392,248.19999999999996,272.188863388,108,0,0.22575327186067945,-0.32554154784722633,0.32554154784722633,0.22575327186067945,1.2,1.8,2.4,16.14923451472515,9.895935102285227,2.4481802259013588,-2.3112916061465287,2.4104454313563823,-2.4092144536970985,5.92688614002389,-0.11789216836794839,2.926815522307187,1.7125760156135517,493.47133102132113,14.164925939000156,12.537260161838534,12.537260161838534,9.60579081385722,7.718416973244975,7.718416973244975,6.410258446832873,6.410258446832873,5.046308373645611,5.046308373645611,4.008007658537595,4.008007658537595,-1.3499999999999999,52076.82858841177,13.624737496262508,5.208494713507499,2.350784995871097,120.9053220246564,5.316788604006331,0,0,5.907179729351506,0,0,9.694446914922299,0,0,0,18.19910120538483,63.74717668630443,17.647133149992918,0,4.794537184071822,11.594566004035068,0,4.899909730850477,0,51.49050776639466,18.406301415831482,29.32600418877882,0,0,5.316788604006331,5.687386274683562,0,0,29.43552752441048,4.794537184071822,13.847474399381248,43.23101109802404,18.19910120538483,0,0,0,32.34,0,4.794537184071822,0,11.446104981734852,6.4208216229260096,16.814289258077554,38.7727993035292,0,6.06636706846161,36.196906871161275,0,0,0,15.011502739984882,3.147199074074074,3.4520973875661376,0.1770370370370371,6.144213396006551,5.522288989669941,6.462328042328043,0,0.5882352941176471,20,1,3,0,2,2,1,1,0,1,0,0,2,1,3,2,3,0,2,2,0,0,3.5482186611105333,3,3.260440000000002,81.93470000000005,0,0,0,0,0,0,0,0,0,0,1,1,0,0,0,1,1,0,0,0,0,0,0,0,0,0,0,1,0,1,2,0,0,0,1,0,1,0,0,0,0,0,0,0,0,0,0,0,0,0,0,0,0,0,0,0,0,0,0,0,0,0,0,0,1,0,0,0,0,0,0,0,0,0,0,0,0,0,0,0,0,0,0,0,0
PSEUDOEPHEDRINE,9.726527777777779,9.726527777777779,0.09018518518518492,-0.4201851851851859,0.7078187228911748,15.583333333333334,165.236,150.11599999999996,165.1153641,66,0,0.09396530090752896,-0.386793435239553,0.386793435239553,0.09396530090752896,1.25,1.8333333333333333,2.3333333333333335,16.26842054163377,10.042306693503896,2.1239175194531383,-2.174765274864405,2.145997287548377,-2.28071534970903,5.179029406298928,0.13988893925778467,2.167053352545513,2.7110407232330616,222.5400055614587,8.974691494688164,7.488665479827341,7.488665479827341,5.753218857624056,4.156916363982706,4.156916363982706,2.932871181752819,2.932871181752819,2.070042378653169,2.070042378653169,1.096760393670485,1.096760393670485,-0.8600000000000001,606.7749387127436,9.229766606822263,4.236737214638821,2.061452680853266,73.23526751288745,10.423315998847038,0,0,0,0,0,0,0,0,0,30.33183534230805,19.53486067406481,6.041840829147961,6.103966387748303,5.106527394840706,0,0,5.316788604006331,0,19.069544416586886,7.04767198267719,35.89528683400505,0,0,5.316788604006331,0,0,0,18.196040206665856,0,0,18.591155079135923,30.33183534230805,0,0,0,32.26,6.103966387748303,5.106527394840706,0,6.041840829147961,0,5.563451491696996,0,0,44.30324452467586,5.316788604006331,0,0,0,0,12.739694822373394,0.9577314814814817,0,9.755999622071052,-0.4201851851851859,1.9560185185185186,1.844074074074074,0.4,12,2,2,0,0,0,0,1,0,1,2,0,2,2,2,0,3,0,0,0,0,0,3.2586746387962133,1,1.3278999999999999,49.92350000000003,0,1,1,0,0,0,0,0,0,0,0,0,0,0,0,0,1,0,0,1,0,0,0,0,0,0,0,0,0,0,0,0,0,0,1,0,0,0,0,0,0,0,0,0,0,0,0,0,0,0,0,0,0,0,0,0,0,0,0,0,0,0,0,0,0,0,0,0,0,0,0,0,0,0,0,0,0,0,0,0,0,0,0,0,0
PYRIDOSTIGMINE,11.117970521541949,11.117970521541949,0.3692592592592592,-0.3692592592592592,0.5934152756520555,9.461538461538462,181.21499999999997,168.11099999999996,181.09715407609,70,0,0.4144206474603585,-0.4038001748026675,0.4144206474603585,0.4038001748026675,1.5384615384615385,2.230769230769231,2.769230769230769,16.553539635926423,10.443219901731354,2.0752051900023147,-2.0850514879812203,2.0538295207533204,-2.2893075797634013,5.69140677336818,-0.6713031183115017,2.035249264451089,2.6927851604506556,310.2379407824653,9.844934982691242,8.020324848686148,8.020324848686148,6.092224152875016,3.9380347352962626,3.9380347352962626,2.9675220876108694,2.9675220876108694,1.4828802491749515,1.4828802491749515,0.8128750604868012,0.8128750604868012,-1.58,726.5839874090387,9.50756567425569,3.8886672016230377,2.7399686665944647,77.35569204437924,9.636772684650527,7.04767198267719,11.94635540489698,6.196843571613076,0,6.093240070938415,0,9.361636831863176,0,0,0,6.06636706846161,20.16171103381599,0,14.098499785663225,6.093240070938415,0,4.899909730850477,7.04767198267719,0,14.09534396535438,24.526421280149375,0,5.749511833283905,9.303962601591405,4.794537184071822,5.749511833283905,0,25.08849376714327,7.04767198267719,0,0,24.526421280149375,0,0,0,33.42,0,4.794537184071822,0,6.093240070938415,5.749511833283905,0,4.899909730850477,26.358554605429067,23.87798227054323,0,4.736862953800049,6.840509259259259,0,12.499914965986394,0,0,0.5450925925925929,3.5552314814814814,3.236292517006803,0,5.156292517006802,0.3333333333333333,13,0,4,0,0,0,1,0,1,1,0,0,2,0,4,1,1,0,0,0,0,0,2.843981446519625,1,0.5714999999999999,47.32900000000003,0,0,0,0,0,1,0,0,0,0,1,1,0,0,0,2,0,0,0,0,0,0,0,0,0,0,0,1,0,0,1,0,0,0,0,0,0,0,0,0,0,1,0,0,0,0,0,0,0,0,0,0,0,0,0,0,0,0,0,0,0,0,0,0,0,0,0,0,0,0,0,0,0,1,0,0,0,0,0,0,0,0,0,0,0
PYRIMETHAMINE,5.903753306878307,5.903753306878307,0.20561437949665495,0.20561437949665495,0.8561371493463951,10.470588235294118,248.71700000000004,235.613,248.08287409599998,88,0,0.22172679395169156,-0.38300675062549666,0.38300675062549666,0.22172679395169156,1.1176470588235294,1.7647058823529411,2.3529411764705883,35.495691184743244,10.031789031807538,2.1141891847676417,-2.1022343415251954,2.2888533067901435,-2.056161147218913,6.301811931707475,1.0170504902188005,2.295831446398301,2.6135116574993575,536.9470467453647,12.41384908344359,9.443600060333447,10.199529006351902,8.113392202930191,5.292787073519896,5.670751546529123,3.6491864911472405,4.085622271619225,2.4970179513962876,2.7489942667357727,1.7332054554924157,1.8591936131621583,-1.8099999999999996,7328.293976903377,11.668871767129149,4.590610960583782,2.3134684472120433,104.64072513715435,11.46733495432437,5.817862777835028,0,5.948339280986494,0,0,0,4.983978520947208,4.983978520947208,0,30.657411226846357,24.117007251546223,10.586084805438322,5.693927994848461,0,23.367141949054037,0,9.967957041894415,0,13.344558822616634,11.46733495432437,34.982029582436226,0,11.126902983393991,11.46733495432437,11.766202058821523,0,11.600939890232516,9.967957041894415,6.4208216229260096,0,12.617665194539086,24.26546827384644,5.022633313741326,11.126902983393991,0,77.82,0,0,0,5.948339280986494,10.840496091576355,23.24165260116846,0,0,31.18920547353706,9.967957041894415,23.068274844556885,0,5.855308650723663,8.197384731670446,0.682160441337029,14.110988021751911,0.6053110915147957,7.414411060720584,0.7449203987150417,2.0006267146776406,0,0.16666666666666666,17,4,4,0,0,0,0,1,1,2,0,0,4,2,5,1,2,0,0,0,0,0,3.151014743048807,2,2.5238000000000005,70.68080000000002,0,0,0,2,0,2,0,0,0,0,0,0,0,0,0,2,0,2,0,0,0,0,0,0,0,0,0,0,0,2,1,0,0,0,1,0,0,0,0,0,0,0,0,0,1,0,0,0,0,0,0,0,0,0,0,0,0,0,0,0,0,0,0,0,0,0,0,0,0,0,0,0,0,0,0,0,0,0,0,0,0,0,0,0,0
SOTALOL,11.02640851802919,11.02640851802919,0.31094838085729126,-3.2565820625515784,0.7241218527557277,13.61111111111111,272.37,252.20999999999998,272.1194635,102,0,0.2293188515851021,-0.3870834441683909,0.3870834441683909,0.2293188515851021,1.2222222222222223,1.7777777777777777,2.2222222222222223,32.233100931346335,10.09527488053452,2.0819122834641015,-2.1447423959127967,2.1609951394315394,-2.273959632304649,7.91518926152532,0.1714139703820835,2.243626827462746,2.6455784946755836,468.6008195677134,13.759148545064338,10.843166863215853,11.659663444143577,8.276675564742526,5.769124352448222,7.660535890506478,4.574982672303702,6.323437871487451,2.318152183760633,2.924645256054747,1.452569779277898,2.016804892891243,-1.11,6210.3590584168815,14.94920663114269,6.1727827627007485,5.482865645542789,108.2757898177038,10.423315998847038,0,0,10.023291153407584,0,0,4.722094864452088,8.417796984328938,0,0,25.980208536304467,17.696185628620217,18.2739835097441,12.359735571259707,13.524324379169643,15.710677428091145,0,5.316788604006331,0,25.993281616277514,17.522620453876065,29.828919765543436,0,0,10.038883468458419,5.687386274683562,0,0,32.36669079774158,10.023291153407584,0,25.514892278826544,24.26546827384644,0,0,0,78.43,16.127257541155885,13.524324379169643,0,0,18.2739835097441,11.819220675208399,0,24.26546827384644,13.847474399381248,10.038883468458419,0,24.42527399415026,0,0,13.026777066536491,1.2430275783152773,0,6.995798154099922,0.5020040359271951,4.480367900189103,-3.2565820625515784,0.5,18,3,5,0,0,0,0,1,0,1,1,0,4,3,6,0,6,0,0,0,0,1,5.1265669449316285,1,1.0895000000000001,73.00700000000005,0,1,1,0,0,0,0,0,0,0,0,0,0,0,0,0,2,0,0,0,0,0,0,0,0,0,0,0,0,1,0,0,0,0,1,0,0,0,0,0,0,0,0,0,0,0,0,0,0,0,0,0,0,0,0,0,0,0,0,0,0,0,0,0,0,0,0,0,0,0,0,0,0,0,0,0,1,0,0,0,0,0,0,0,0
STAVUDINE,11.50527730536659,11.50527730536659,0.13483528596623828,-0.5692592592592598,0.6498890462135971,23.875,224.21599999999998,212.11999999999998,224.079706864,86,0,0.3302251957056653,-0.3933303909580823,0.3933303909580823,0.3302251957056653,1.5,2.25,2.875,16.524034076182247,10.339588692095548,2.2046181048537754,-2.1436381944704617,2.1820008757555125,-2.3316777691946586,5.05831338121782,-0.010390647454939683,2.714498906318688,2.3618874941980867,528.3559464826387,11.706742302257043,8.713030189526183,8.713030189526183,7.613392202930192,4.882808579574711,4.882808579574711,3.611230981313145,3.611230981313145,2.4045857811812636,2.4045857811812636,1.526133574358958,1.526133574358958,-1.66,5760.166679208256,10.844513937877473,4.070238064132969,1.8434062253001617,90.8057122504419,9.843390348640755,6.103966387748303,6.22790117073487,0,5.559266895052007,5.689743398203474,14.345615352810384,4.794537184071822,0,0,6.076020106833881,12.999757306524504,11.760295063310071,6.606881964512918,9.843390348640755,0,0,9.551078168738563,0,19.255604758173796,6.606881964512918,44.75041993837695,0,0,11.24901029325548,0,0,0,27.368453915840487,4.736862953800049,6.923737199690624,11.791352662431866,27.93795815342448,0,0,0,84.32,23.58087785173865,9.589074368143644,0,6.606881964512918,5.563451491696996,0,10.763943219404432,19.075777413358384,0,4.983978520947208,9.843390348640755,6.632784391534392,0,24.85722970206601,8.87726581527673,-0.4909046411774578,0,0,3.817026643990929,1.4732647549760645,0,0.4,16,2,6,0,1,1,0,0,1,1,2,0,4,2,6,2,2,0,0,0,0,0,2.758734588560588,2,-0.7090799999999999,56.19550000000001,0,1,1,0,0,2,1,0,0,0,0,0,0,0,0,1,1,0,0,0,0,1,0,0,0,0,0,0,0,0,1,0,0,0,0,0,0,0,0,0,0,1,0,0,0,0,0,0,0,0,0,0,0,0,0,0,0,0,0,0,0,0,0,0,0,0,0,0,0,0,0,0,0,0,0,0,0,0,0,0,0,0,0,0,0
TERBUTALINE,9.84800925925926,9.84800925925926,0.051103080120936895,-0.7525694444444448,0.6290731330689312,13.75,225.288,206.13599999999997,225.136493468,90,0,0.1191376704562674,-0.5078109740560278,0.5078109740560278,0.1191376704562674,1.125,1.625,2.0625,16.273146908594157,10.056733443878292,2.1409229403031307,-2.226895287303302,2.2428019965659614,-2.380714897310897,5.372287712598206,0.16239887629426128,2.109761559104854,2.6907793139141805,337.5217724119264,12.344934982691244,9.858148644444928,9.858148644444928,7.276675564742527,5.2379401084679476,5.2379401084679476,4.9294424311890115,4.9294424311890115,2.1353803393486994,2.1353803393486994,1.3311355836319576,1.3311355836319576,-1.2600000000000002,2177.2739289962096,12.807842605156038,4.718527703418083,4.082142092621231,95.5536192460727,20.63637078852845,11.49902366656781,0,0,0,0,0,0,0,0,0,38.46739722769209,18.15004872675753,6.103966387748303,15.319582184522117,0,0,5.316788604006331,0,32.41410323920352,6.544756405912575,23.762552697081826,0,11.49902366656781,5.316788604006331,0,11.49902366656781,0,27.403263842818035,0,0,32.43862947851717,18.19910120538483,0,0,0,72.72,6.103966387748303,15.319582184522117,0,17.037948918951155,12.10820789760957,0,18.19910120538483,0,20.771211599071872,5.316788604006331,0,0,0,0,31.552484174225246,0.41119342876039333,-0.10220616024187379,4.107996149848828,-0.7525694444444448,6.366435185185185,0,0.5,16,4,4,0,0,0,0,1,0,1,1,0,4,4,4,0,3,0,0,0,0,1,3.7771350095904497,1,1.5192999999999997,62.48710000000004,0,1,1,0,0,0,0,2,0,0,0,0,0,1,0,0,1,0,0,0,0,0,0,0,0,0,0,0,0,0,0,0,0,0,1,0,0,0,0,0,0,0,0,0,0,0,0,0,0,0,0,0,0,0,0,0,0,0,0,0,0,0,0,0,0,2,2,0,0,0,0,0,0,0,0,0,0,0,0,0,0,0,0,0,0
DIGOXIN,12.568396954481036,12.568396954481036,0.04520626746168088,-1.012484854401225,0.16221462387574462,55.54545454545455,780.9490000000002,716.4370000000002,780.4296067280001,312,0,0.3306610137508224,-0.4579796474063008,0.4579796474063008,0.3306610137508224,0.6909090909090909,1.290909090909091,1.8727272727272728,16.740962470818406,9.422150111309008,2.7056473634492333,-2.646607797995233,2.6967997496497036,-2.6664178792453295,5.850098723713078,-0.3359243965230939,3.673753658404126,0.8374981988041249,1409.0037418555946,39.189141007523446,32.904204385552106,32.904204385552106,26.010750257449796,20.940873252225263,20.940873252225263,18.815636027838842,18.815636027838842,15.951628518858236,15.951628518858236,12.762329157364425,12.762329157364425,-1.2700000000000002,1464396350590.4775,40.506602762877655,15.080660135484404,6.950374051685667,323.3224245630436,63.79720504564457,24.918781127757825,18.870080188005637,0,0,5.9693052879518484,0,4.794537184071822,0,0,13.847474399381248,106.79750376659157,30.753475445008686,54.4327819129701,68.59174222971639,5.9693052879518484,0,0,34.50160512343913,196.86248511485988,6.606881964512918,11.649124636903148,0,0,0,0,0,0,134.83011288572968,37.952577860672164,34.50160512343913,105.24772385063923,11.649124636903148,0,0,0,203.05999999999997,90.92578534586912,35.43370155311605,0,61.11132711687205,18.75954929201341,44.09803426762532,0,19.92349450621513,13.847474399381248,6.923737199690624,33.15804067660034,42.07609305117681,0,11.94416008709359,66.86696110569042,-0.8917606903031147,0.20418191395697838,0,-1.5118808956400893,9.895578761358749,0,0.926829268292683,55,6,14,4,4,8,0,0,0,0,21,0,14,6,14,4,7,4,3,7,0,0,11.106660172909663,8,2.218100000000003,192.61079999999941,0,6,5,0,0,0,0,0,0,0,1,1,0,0,0,0,0,0,0,0,0,0,0,0,0,0,0,0,0,0,0,0,0,0,0,0,5,0,0,0,1,7,0,0,0,0,0,0,0,0,0,0,0,0,1,0,0,0,0,0,0,0,0,0,0,0,0,0,0,0,0,0,0,0,0,0,0,0,0,0,0,0,0,0,0
LAMIVUDINE,11.442129157218442,11.442129157218442,0.057224033131771046,-0.4313057445200299,0.7038615838122526,25.666666666666668,229.261,218.17299999999997,229.052112212,82,0,0.35114912918772007,-0.3927583774368384,0.3927583774368384,0.35114912918772007,1.8,2.6,3.2,32.166667004912,10.511606403153445,2.266732862019777,-2.1255341355021593,2.297015730598127,-2.282360458160376,7.995212916408958,-0.006286792615203938,2.656999263425458,2.2042997522549417,408.3635221838066,10.836498814253964,7.8673505662126875,8.683847147140414,7.2027086004072345,4.4305321832250755,5.479286973205732,3.0784498632329544,4.2708999529628295,2.0444089211085625,3.1539803063209466,1.330063167672436,2.2607508790732913,-1.05,3818.107941542383,10.467220165322534,4.213446893102682,2.137865937402115,90.06690967616713,15.577057825802939,17.481762320138984,0,0,0,5.689743398203474,4.567099647791355,4.794537184071822,4.983978520947208,11.761884949391115,0,6.06636706846161,11.949697178359866,6.606881964512918,9.843390348640755,17.57974772722614,0,9.551078168738563,0,11.663899542303952,18.09340304842189,22.74749122234998,0,0,11.423410875365658,5.817862777835028,0,11.761884949391115,32.45333950640806,4.736862953800049,0,6.22790117073487,17.057747824146507,0,0,0,90.36999999999999,5.689743398203474,4.794537184071822,0,24.088644284651902,5.752853606746789,0,16.32898459718247,12.263210640074686,0,4.983978520947208,15.577057825802939,6.786462585034014,1.467232379062736,15.044570105820105,8.87527893256068,4.6734825365331325,0.816764954438566,1.543352229780801,1.1834136432350713,-0.057224033131771046,0,0.5,15,3,6,0,1,1,0,0,1,1,2,0,6,2,7,2,2,0,1,1,0,0,2.9402050856666646,2,-0.5941000000000001,56.36320000000001,0,1,1,1,0,2,0,0,0,0,0,0,0,0,0,2,0,1,0,0,0,0,0,0,0,0,0,0,0,1,0,0,0,0,0,0,0,0,0,0,0,1,0,0,0,0,0,0,0,0,0,0,0,0,0,0,0,0,0,0,0,0,0,0,0,0,0,0,0,0,0,0,0,0,0,1,0,0,0,0,0,0,0,0,0
LEVETIRACETAM,11.197222222222223,11.197222222222223,0.05615740740740782,-0.3956018518518516,0.6410492145588488,19.75,170.212,156.1,170.105527688,68,0,0.23971775495040148,-0.3678820428687549,0.3678820428687549,0.23971775495040148,1.75,2.4166666666666665,2.75,16.16026056499817,10.168498417656918,2.2921926417543124,-2.228838222096115,2.145352036392384,-2.443701938175591,5.870361165507128,-0.1356678464846094,2.376275387923727,2.6471642061485827,203.23454122869492,9.137828201504695,7.246837839553127,7.246837839553127,5.663902460147013,4.252540475411151,4.252540475411151,3.0171012387502736,3.0171012387502736,2.2013501101063317,2.2013501101063317,1.5737475927688398,1.5737475927688398,-1.06,584.5637454292369,9.031407678244971,3.559264205416041,1.571153344803631,71.7107832423802,10.633577208012662,6.041840829147961,0,11.814359458703011,0,0,9.589074368143644,0,0,0,6.923737199690624,12.841643245852019,12.965578028838586,0,9.589074368143644,11.814359458703011,0,4.899909730850477,5.733667477162185,32.22804289761662,6.544756405912575,0,0,0,5.733667477162185,0,0,0,29.300866424614025,9.589074368143644,0,26.186202068468653,0,0,0,0,63.400000000000006,5.907179729351506,9.589074368143644,0,11.949020558499466,19.386399651764595,6.4208216229260096,0,4.899909730850477,6.923737199690624,0,5.733667477162185,0,0,23.674305555555556,0,5.1564351851851855,-0.33944444444444377,-0.3888888888888893,2.0212962962962964,2.542962962962963,0,0.75,12,2,4,0,1,1,2,0,0,0,1,0,2,1,4,1,3,0,1,1,0,0,2.6787638394747435,1,-0.12729999999999997,44.22040000000001,0,0,0,0,0,0,0,0,0,0,2,2,0,0,0,1,0,1,0,0,1,0,0,0,0,0,0,2,0,0,0,0,0,0,0,0,0,0,0,0,0,0,0,0,0,0,0,0,0,0,0,0,0,0,0,0,0,0,0,0,0,0,0,0,0,0,0,0,0,0,0,1,0,0,0,0,0,0,0,0,0,0,0,0,0
NIZATIDINE,10.354560047262865,10.354560047262865,0.4190070103390817,-0.4786405335652266,0.3799534662760676,11.714285714285714,331.4670000000001,310.29900000000004,331.1136669120001,118,0,0.27357019168233704,-0.3698300008531342,0.3698300008531342,0.27357019168233704,1.619047619047619,2.380952380952381,3,32.166541212629056,10.536476660916252,2.0359184803691956,-2.067999314300306,2.159059216451153,-2.259202056640515,7.980585468966738,-0.40360195155860024,2.827815221100466,2.218277243493725,475.9677720170103,15.664925939000156,12.45776161148077,14.090754773336222,10.007239053047545,6.436402929720506,8.47075627935465,4.527855928604028,6.575681485347466,2.366438261654426,4.241517310253439,1.4969518722018218,3.2610165683885577,-1.32,43242.95036106833,17.73081300813008,9.586301469178254,7.88095641540746,132.52193415352465,15.533486938863138,5.007623696852765,5.8209740960423995,0,6.199954889820448,0,10.114318268765572,4.983978520947208,11.761884949391115,11.336785877934735,0,14.09534396535438,37.02295477846183,10.617239043666132,4.923311048817671,23.09867082732585,0,20.517465459810346,0,12.297610012659364,33.44062596069093,38.21686171679556,0,0,10.633577208012662,0,0,23.09867082732585,48.24782526130629,12.297610012659364,10.114318268765572,10.701551691701226,17.400991756328764,0,0,0,83.33,4.923311048817671,10.114318268765572,0,0,12.365730501954975,34.951970200927825,0,30.14634281000304,14.09534396535438,25.89752823027626,0,0,3.434327357613793,16.535008635304347,19.296488940652903,1.0940033436213994,2.1379759729241155,0,0.9291897080993399,1.5356900963856508,5.703982612065119,0.5833333333333334,21,2,7,0,0,0,0,0,1,1,0,0,8,2,9,1,10,0,0,0,0,0,8.09394851378868,1,1.3224999999999998,87.80680000000004,0,0,0,0,0,1,0,0,0,0,0,0,0,0,0,3,2,0,0,0,0,0,0,0,0,0,0,0,0,0,0,0,0,0,0,0,0,0,0,0,0,0,0,0,0,0,0,0,0,0,0,0,0,0,0,0,0,0,1,0,0,0,0,0,0,0,0,0,0,0,0,0,0,0,0,1,0,0,0,0,1,0,0,0,0
AMPICILLIN,12.334172965482487,12.334172965482487,0.3745154111027129,-1.033228263272455,0.674878289478739,28.708333333333332,349.4120000000001,330.26000000000005,349.10962708799997,128,0,0.32739938470277585,-0.4796728023655437,0.4796728023655437,0.32739938470277585,1.3333333333333333,1.9583333333333333,2.5416666666666665,32.166906225224395,9.954473240678947,2.637630873526472,-2.433840923239489,2.5029528711176527,-2.706287100924418,8.01314783689116,-0.16071005957047552,2.8039531202147367,1.711293315571299,693.8227554205865,17.64589989101247,13.30092304475163,14.117419625679355,11.2368879901222,7.575211293076027,8.454864104330921,6.472759659838315,8.243644799210875,4.413850051011857,5.98538064585934,3.2002018181598064,4.8255984077691325,-2.0599999999999996,206112.98596074487,16.785786144559395,5.784053910830547,2.5522148388756962,143.1206585849213,21.056893206859698,23.499395300412623,0,11.814359458703011,0,5.9693052879518484,9.589074368143644,4.794537184071822,0,11.761884949391115,30.33183534230805,19.410925891078243,4.747022453217559,0,19.490138947056174,29.545549696045974,0,10.216698334856808,5.733667477162185,42.09389215301143,0,35.89528683400505,0,0,11.050456081168516,0,0,11.761884949391115,49.994678796828254,14.383611552215466,0,25.452766720226204,30.33183534230805,0,0,0,112.73,34.749029957964794,19.490138947056174,0,11.281052542320246,5.563451491696996,0,16.66179468024159,38.112942673227685,6.06636706846161,5.316788604006331,5.733667477162185,-0.6178732809698717,1.384119373057865,37.458717839782125,11.668857470784294,6.59329714138742,-1.8568691887784594,6.376417836304613,0,3.5766661417653483,0,0.4375,24,4,7,0,2,2,2,1,0,1,4,0,5,3,8,2,4,0,2,2,0,0,4.0454121664918326,3,0.3181000000000002,89.02890000000005,1,0,0,0,0,0,0,0,1,1,3,2,0,0,0,1,1,1,0,0,0,0,0,0,0,0,0,2,0,0,0,0,0,0,1,0,1,0,0,0,0,0,0,0,0,0,0,0,0,0,0,0,0,1,0,0,0,0,0,0,0,0,0,0,0,0,0,0,0,0,0,0,0,0,0,1,0,0,0,0,0,0,0,0,0
CEPHALEXIN,12.310561854371379,12.310561854371379,0,-1.1278578929020855,0.6204265138162577,23.12,365.4110000000001,346.25900000000007,365.10454170800006,134,0,0.352114880680069,-0.4765611911664806,0.4765611911664806,0.352114880680069,1.36,2,2.6,32.16663684209654,10.01294411214911,2.534278530568928,-2.4895297736613498,2.3970597594166287,-2.705383237287747,7.998327837865829,-0.15044404817212834,2.585085858996951,2.2533310485857166e-6,736.5455521403326,17.430356941388638,13.430679556748553,14.247176137676279,11.413591357920932,7.401373311845372,8.45012810182603,5.718510597143325,6.823503102725273,4.1003676495937675,5.5245523440363185,2.8301220631043607,4.122877966354354,-2.3599999999999994,232419.8994106979,18.97125191464752,7.25773741908422,3.255013763791869,147.91180898115138,21.633175311890586,23.154593784320497,0,5.907179729351506,5.907179729351506,5.9693052879518484,14.48898409899412,4.794537184071822,0,11.761884949391115,30.33183534230805,18.060293221456885,5.752853606746789,0,24.966330782937533,29.545549696045974,0,10.216698334856808,5.733667477162185,24.381291670955285,5.752853606746789,47.165430677130146,0,0,11.050456081168516,0,0,11.761884949391115,50.434860957090905,14.383611552215466,0,18.52902952053558,41.60197918543315,0,0,0,144.23000000000002,35.24121921791952,19.49013894705617,0,11.173231148937196,16.88940962851305,0,16.66179468024159,31.18920547353706,6.06636706846161,5.316788604006331,5.733667477162185,0,1.431943447131939,37.20740721367983,11.528112478342873,7.236305905460849,-1.4952518611005252,7.233170951615631,0,1.6916451982027378,0,0.3125,25,6,8,0,2,2,2,1,0,1,3,0,5,3,9,2,4,0,1,1,0,0,5.507534596312419,3,-0.37979999999999803,92.34270000000004,1,0,0,0,0,0,0,0,1,1,3,2,0,0,0,1,1,1,0,0,0,0,0,0,0,0,0,2,0,0,0,0,0,0,1,0,1,0,0,0,0,0,0,0,0,0,0,0,0,0,0,0,0,1,0,0,0,0,0,0,0,0,0,0,0,0,0,0,0,0,0,0,0,0,0,1,0,0,0,0,0,0,0,0,0
GABAPENTIN,10.576064342403628,10.576064342403628,0.07928240740740722,-0.7061574074074068,0.6737273296978754,22.083333333333332,171.23999999999992,154.10399999999996,171.125928784,70,0,0.3034555879594419,-0.48121457066033124,0.48121457066033124,0.3034555879594419,1.3333333333333333,1.9166666666666667,2.3333333333333335,16.365345369539725,9.717817546969004,2.321480205694005,-2.3416982142331233,2.3758786912644423,-2.344426008588456,5.673151788239589,-0.1397408588295022,2.0484490301472014,2.532630281022175,161.9114705065293,9.02709773749546,7.382559623459281,7.382559623459281,5.684269172402757,4.603746186412143,4.603746186412143,3.835299555531742,3.835299555531742,2.8734519894182267,2.8734519894182267,2.075644526710341,2.075644526710341,-0.5700000000000001,491.62776723532835,9.517489063867016,3.895613316930221,2.2058301462550474,72.94860333872568,10.84019487200289,0,0,0,0,5.9693052879518484,4.794537184071822,0,0,0,19.26246486877803,24.801390121161372,0,6.4208216229260096,9.901064578912528,5.9693052879518484,0,0,11.148657946558963,38.524929737556064,6.544756405912575,0,0,0,5.733667477162185,0,0,0,17.62058908870513,4.794537184071822,5.414990469396779,38.524929737556064,0,0,0,0,63.32000000000001,5.9693052879518484,4.794537184071822,0,11.835812092322788,6.544756405912575,25.683286491704038,6.4208216229260096,0,0,0,10.84019487200289,0,0,10.576064342403628,8.706489512471656,5.543912037037037,-0.7061574074074068,0,5.76927484882842,0.5270833333333333,0,0.8888888888888888,12,3,3,1,0,1,0,0,0,0,0,0,2,2,3,0,3,1,0,1,0,0,3.0897047617448408,1,1.3702999999999994,46.82520000000003,1,0,0,0,0,0,0,0,1,1,1,0,0,0,0,0,0,1,0,0,0,0,0,0,0,0,0,0,0,0,0,0,0,0,0,0,0,0,0,0,0,0,0,0,0,0,0,0,0,0,0,0,0,0,0,0,0,0,0,0,0,0,0,0,0,0,0,0,0,0,0,0,0,0,0,0,0,0,0,0,0,0,0,0,0
PREGABALIN,10.294544595616024,10.294544595616024,0.14583333333333304,-0.7489814814814812,0.6306196110552211,13.454545454545455,159.229,142.093,159.125928784,66,0,0.3031719403349951,-0.48122220770897245,0.48122220770897245,0.3031719403349951,1.5454545454545454,2.090909090909091,2.3636363636363638,16.36522934940139,9.943728206473665,2.1185921211300784,-2.1334123936516045,2.1303904526271364,-2.1915943443179597,5.665284958930585,-0.13765979774928083,1.8393274935143755,3.6645690593675506,123.26046567326583,8.85337115112852,7.208833037092342,7.208833037092342,5.0577493102643665,3.977226324273752,3.977226324273752,3.329139463148107,3.329139463148107,1.6013667483033724,1.6013667483033724,1.1765089532696094,1.1765089532696094,-0.5700000000000001,176.57543937738006,10.430000000000001,5.129492287873465,5.854178154825026,67.58949237785829,10.84019487200289,0,0,0,0,5.9693052879518484,4.794537184071822,0,0,0,13.847474399381248,24.801390121161372,6.4208216229260096,0,9.901064578912528,5.9693052879518484,0,0,17.569479569484972,26.689117645233267,6.544756405912575,0,0,0,5.733667477162185,0,0,0,17.62058908870513,4.794537184071822,11.835812092322787,26.689117645233267,0,0,0,0,63.32000000000001,5.9693052879518484,4.794537184071822,0,12.338727669087403,12.462662452073968,6.4208216229260096,0,0,0,13.847474399381248,10.84019487200289,0,0,10.294544595616024,8.472339380196523,5.406018518518518,-0.07268518518518541,0,1.1086111111111112,4.624504913076342,0,0.875,11,3,3,0,0,0,0,0,0,0,1,0,2,2,3,0,5,0,0,0,0,0,4.863691323865477,0,1.0821,44.2522,1,0,0,0,0,0,0,0,1,1,1,0,0,0,0,0,0,1,0,0,0,0,0,0,0,0,0,0,0,0,0,0,0,0,0,0,0,0,0,0,0,0,0,0,0,0,0,0,0,0,0,0,0,0,0,0,0,0,0,0,0,0,0,0,0,0,0,0,0,0,0,0,0,0,0,0,0,0,0,0,0,0,0,0,0
ACYCLOVIR,11.410637676366843,11.410637676366843,0.029081658898127527,-0.38573315591668744,0.554385971786765,11.0625,225.20799999999997,214.11999999999998,225.086189212,86,0,0.2799857321708005,-0.3939786739601539,0.3939786739601539,0.2799857321708005,1.625,2.4375,3.1875,16.494624044700593,10.525512391421438,2.0801932360312514,-2.0322758603435584,2.0544240860914393,-2.126443707968412,5.697929525423909,0.049881717463823146,2.6210368602518486,2.3607877514506095,546.0876253223264,11.543605595440512,8.381371844866452,8.381371844866452,7.7195453528128395,4.613430051544285,4.613430051544285,3.0986930961688386,3.0986930961688386,1.9591029223873324,1.9591029223873324,1.2927101546233108,1.2927101546233108,-1.9300000000000002,5884.2277512654,10.5832429991603,4.289049481140565,1.8772308667996151,89.69516162363053,15.57705782580294,6.7308167474994844,11.16387793838399,5.948339280986494,5.559266895052007,0,14.345615352810384,4.983978520947208,4.983978520947208,0,0,0,0,19.541084003790377,9.843390348640755,17.112217219370486,0,19.51903521063298,0,6.7308167474994844,18.94743140618802,16.68112415388837,0,0,11.29293437221419,5.948339280986494,0,0,37.83932653449952,11.467679701299534,0,0,11.121857258836364,0,11.16387793838399,0,119.04999999999998,0,4.794537184071822,0,36.96888757018009,5.647177220767728,0,10.894419722555895,0,0,14.951935562841623,15.57705782580294,6.633219954648526,0,21.610906163391284,8.555883356428993,5.603646017048795,0.029081658898127527,0,1.4342469765684052,0.2996825396825398,0,0.375,16,4,8,0,0,0,0,0,2,2,0,0,6,3,8,2,4,0,0,0,0,0,2.8370033058958124,2,-1.3318000000000003,55.59890000000001,0,1,1,1,0,4,1,0,0,0,0,0,0,0,0,3,1,1,0,0,0,1,0,0,0,0,0,0,0,1,0,0,0,0,0,0,1,0,0,0,0,1,0,0,0,0,0,1,0,0,0,0,0,0,0,0,0,0,0,0,0,0,0,0,0,0,0,0,0,0,0,0,0,0,0,0,0,0,0,0,0,0,0,0,0
APAZONE,12.7721910430839,12.7721910430839,0.15930555555555515,-0.6096182917611495,0.7856488020836657,20,300.3620000000001,280.202,300.15862588,116,0,0.2610071418410461,-0.34683666302736393,0.34683666302736393,0.2610071418410461,1.1818181818181819,1.8636363636363635,2.5,16.19805705685323,10.03277758049707,2.501060205884408,-2.3506745212652316,2.3998507495967654,-2.515904605013785,6.2213934207956285,-0.13001671024042108,2.720924042496349,2.1749452813953205,680.7234211788236,16.016143379015546,13.328965602059158,13.328965602059158,10.451596160381722,7.498662278266255,7.498662278266255,5.939742374537686,5.939742374537686,3.960044698623429,3.960044698623429,2.8902438567776163,2.8902438567776163,-2.3699999999999997,103876.71717038311,14.562400483994145,5.119926717336136,1.9794669744097448,129.53716567319734,4.899909730850477,5.917906046161393,0,5.959554568743835,11.814359458703011,0,9.589074368143644,10.001317256590198,5.008912523954531,0,19.410925891078243,31.040744451236847,14.09534396535438,11.374772549367124,9.589074368143644,29.14868657681397,0,9.908822254805008,10.910310778797061,26.689117645233267,19.10425648930891,23.762552697081826,0,0,5.008912523954531,11.374772549367124,0,0,41.77808024760623,9.589074368143644,12.841643245852017,25.328831937239638,23.191505938020498,0,0,0,56.220000000000006,5.917906046161393,9.589074368143644,0,11.814359458703011,23.75514874103697,11.984273114623004,10.017825047909062,4.899909730850477,46.14191957012046,4.992404732635668,0,0,0,31.798912037037038,2.9144444444444444,2.4238843484924844,-0.4774773242630381,5.741426051902242,1.3526448727639204,3.938427001973629,3.6410719009826154,0.4375,22,0,6,0,2,2,2,1,0,1,1,0,4,0,6,2,2,0,1,1,0,1,3.3890192412068316,3,2.0642199999999997,84.69100000000005,0,0,0,0,0,0,0,0,0,0,2,2,0,0,1,4,0,0,0,0,0,0,0,0,0,0,0,2,0,1,1,0,0,0,1,0,3,0,0,0,0,0,0,1,0,1,0,0,0,0,0,0,0,0,0,0,0,0,0,0,0,0,0,0,0,0,0,0,0,0,0,0,0,0,0,0,0,0,0,0,0,0,0,0,0
CANDESARTAN,11.819107040850612,11.819107040850612,0.19182162067776476,-1.0012415034137054,0.39211603092631026,11.06060606060606,440.4630000000001,420.3030000000002,440.15968850000013,164,0,0.33740345579272973,-0.47758226546440086,0.47758226546440086,0.33740345579272973,1.0303030303030303,1.8181818181818181,2.515151515151515,16.493529546631077,9.980637863418508,2.187223379733194,-2.1176807313094126,2.3066584248221917,-2.0752034505164603,6.010991005564673,0.06982802355645154,3.4850869274079743,1.5251377806690443,1424.913779430258,22.785881803630282,17.764844677386456,17.764844677386456,16.152198343190413,10.431793357197023,10.431793357197023,7.3843537881313175,7.3843537881313175,5.368645467570325,5.368645467570325,3.9097021341830134,3.9097021341830134,-4.529999999999999,64441627.146884084,20.376998277247036,8.54138068507916,3.8011577516793493,188.2256647663815,9.843390348640755,0,5.824404497999927,0,6.010464839586836,5.9693052879518484,4.567099647791355,9.893218992372859,4.983978520947208,5.098681808301038,54.59730361615449,46.173596003014566,5.563451491696996,29.748491297355013,14.637927532712576,17.002706723184374,0,30.175211976650374,0,13.4684936056032,6.606881964512918,77.85694073647171,0,28.52522381267775,4.736862953800049,0,6.010464839586836,0,47.85792662395585,6.544756405912575,0,22.845177367156435,66.73003775307771,0,33.54816040832343,0,118.81,5.9693052879518484,9.901064578912528,0,5.563451491696996,36.019909143244774,22.253805966787983,0,18.19910120538483,60.021773395174854,25.60811232885902,4.736862953800049,7.526671914284754,0,16.321108408023335,23.867942639699773,5.219779663989067,-0.40205808694420697,21.410886358503117,0,2.722335769110834,0,0.125,33,2,9,0,0,0,0,3,2,5,0,0,6,2,9,2,7,0,0,0,0,0,5.274172712277854,5,4.028600000000002,122.01299999999999,0,0,0,0,1,6,1,0,1,1,1,0,0,0,0,5,1,0,0,0,0,1,0,0,0,0,0,0,0,0,0,0,0,0,3,0,1,0,0,0,0,1,0,0,0,0,0,1,0,0,0,0,0,0,0,0,0,0,0,0,0,0,0,0,1,0,0,0,0,0,0,0,0,0,0,0,0,0,0,1,0,0,0,0,0
CEFPROZIL,12.50232546684116,12.50232546684116,0.04612775048290918,-1.1737766963208884,0.5450750848987173,23.037037037037038,389.4330000000001,370.2810000000001,389.104541708,142,0,0.3524649575419636,-0.5079666252286738,0.5079666252286738,0.3524649575419636,1.3703703703703705,2.037037037037037,2.6296296296296298,32.16663699428788,10.007003122057691,2.536892714008591,-2.4898215911197816,2.403205147090832,-2.705642704292193,7.998452674290128,-0.15040615192853746,2.650886743043165,1.7379852245863512,849.0579977661422,19.71481399176481,14.455243421438135,15.271740002365862,12.84544301049907,8.235022449236084,9.283777239216741,6.144267539636927,7.249260045218875,4.400645295982389,5.702821522496789,3.048311777607252,4.366851103920452,-2.7799999999999994,907674.224364952,18.994733071859827,7.453069069184643,3.428942242947475,159.26557050154196,21.263510870849927,28.9041056176044,0,5.907179729351506,5.907179729351506,5.9693052879518484,14.48898409899412,4.794537184071822,0,11.761884949391115,24.284774350590983,30.193027358380103,5.752853606746789,0,24.596666341896878,29.545549696045974,0,10.216698334856808,5.733667477162185,24.381291670955285,5.752853606746789,53.2511038223363,0,5.749511833283905,11.050456081168516,0,5.749511833283905,11.761884949391115,50.06519651605024,14.383611552215466,0,18.52902952053558,47.6876523306393,0,0,0,132.96,35.24121921791952,24.596666341896878,0,11.446551146339738,16.88940962851305,0,40.92726295408803,19.075777413358384,0,5.316788604006331,5.733667477162185,0,1.389545222460987,37.731200476000815,20.925928537501857,6.934895997427564,-1.707545957093353,4.058473192205154,3.3947903863389417,1.7727121451580325,0,0.2777777777777778,27,5,8,0,2,2,2,1,0,1,3,0,6,4,9,2,5,0,1,1,0,0,5.243298427233225,3,0.7067000000000008,99.53370000000001,1,0,0,0,0,0,0,1,1,1,3,2,0,0,0,1,1,1,0,0,0,0,0,0,0,0,2,2,0,0,0,0,0,0,1,0,1,0,0,0,0,0,0,0,0,0,0,0,0,0,0,0,0,1,0,0,0,0,0,0,0,0,0,0,0,1,1,0,0,0,0,0,0,0,0,1,0,0,0,0,0,0,0,0,0
CIPROFLOXACIN,14.607685185185183,14.607685185185183,0.1372078136810284,-1.2751022303881248,0.8932298763507216,18.125,331.34700000000004,313.2030000000001,331.13321965599994,126,0,0.3407230786793809,-0.4774970228339016,0.4774970228339016,0.3407230786793809,1.25,1.9583333333333333,2.5833333333333335,19.142215575449004,10.09018091417235,2.276383401328502,-2.297744100277086,2.3770727924665445,-2.4348915816481864,5.9325874482374825,0.0694556947879945,3.403898859383535,1.948598124702446,882.7602568968719,16.844570503761737,13.088143604314618,13.088143604314618,11.558550648063802,8.13388326683475,8.13388326683475,6.373312034026569,6.373312034026569,4.729110360732636,4.729110360732636,3.3138575734326077,3.3138575734326077,-2.41,672746.5705685618,15.137295119421712,5.592172599010578,2.4478616810646066,137.04307093590964,19.890325377488868,11.38067233274289,0,5.428790391900541,0,5.9693052879518484,4.794537184071822,9.184952231746642,0,0,0,24.974377382775238,43.80393423887614,11.204086992299825,14.291479626587348,22.55961649471647,0,9.883888251797686,0,18.88348407499998,31.07893535450078,39.933577617251544,0,0,15.64548872675735,10.077801322358383,0,0,41.82195795423421,0,5.817220841045894,29.241472750768796,23.124114892608116,0,10.902924932081056,0,74.57,17.215316520898284,19.08601681065917,0,16.991516535309753,24.293599804124977,25.93115605767717,12.263210640074686,6.06636706846161,9.467009378641832,5.316788604006331,0,16.43241047808012,0,25.714565710964518,12.6196285019594,0.15943609851348062,-1.755300643086537,3.07809812505249,3.290533509700176,2.9606282188163506,0,0.4117647058823529,24,2,6,1,1,2,0,1,1,2,0,0,4,2,7,2,3,1,1,2,0,0,3.5270986245819436,4,1.5833,88.47900000000006,0,0,0,0,1,1,0,0,1,1,1,0,0,0,0,2,1,0,0,0,0,0,0,0,0,0,0,0,0,1,0,0,0,0,1,0,1,0,0,0,0,0,0,0,1,0,0,0,0,0,0,0,0,0,0,0,0,0,0,0,0,0,0,0,0,0,0,0,0,0,1,0,0,1,0,0,0,0,0,0,0,0,0,0,0
NITROFURANTOIN,11.060776486520535,11.060776486520535,0.11467498110355279,-0.6910429526748967,0.34574784602989994,15.647058823529411,238.15899999999996,232.11099999999996,238.033819292,88,0,0.4330616376402304,-0.3995922484094392,0.4330616376402304,0.3995922484094392,1.5294117647058822,2.2941176470588234,2.823529411764706,16.64845382511317,10.475059254627206,2.255993444824663,-2.020033667215906,2.1364965065990447,-2.235267456059034,6.016341790736579,-0.40173043096536326,2.8220175609935407,2.0702875864987447,519.7401440929854,12.41384908344359,8.322039827574615,8.322039827574615,8.0585506480638,4.456197331572841,4.456197331572841,3.0886593066695416,3.0886593066695416,1.8910596723837505,1.8910596723837505,1.160733316182176,1.160733316182176,-2.71,9165.91303810702,10.796107985957985,4.040253449723967,2.2746039733648105,93.83084397012485,4.417150937053347,11.468067454730246,5.7602474188744415,5.907179729351506,0,11.91529671419908,20.225644056843723,9.803449708026353,5.101407525739722,0,0,6.06636706846161,0,12.280967647996928,18.92953635401466,24.037077023085903,0,10.325701127960862,5.101407525739722,0,6.544756405912575,28.007299824563233,0,0,5.316788604006331,10.67871938593283,0,0,34.62987479990967,4.794537184071822,10.114318268765572,5.7602474188744415,21.65129259971629,0,0,0,118.05000000000001,22.745787492368255,19.703392636909214,0,12.305003824787017,0,17.289880171951456,6.06636706846161,0,5.316788604006331,5.101407525739722,4.417150937053347,4.775271872637944,0,31.496028911564625,16.882178183001596,0,-0.7686812116822026,1.848024507642563,1.11625,-0.1824055964978586,0,0.125,17,1,9,0,1,1,3,0,1,1,0,0,6,1,9,2,3,0,1,1,0,0,2.565824266697601,2,0.07349999999999995,53.20110000000001,0,0,0,0,0,0,0,0,0,0,2,2,0,0,0,3,1,0,0,0,0,0,0,0,0,0,0,3,0,0,0,0,0,0,0,0,0,0,0,0,0,0,1,0,0,0,1,0,1,0,0,0,0,0,0,0,0,0,1,0,0,0,0,0,0,0,0,0,0,0,0,0,0,0,0,0,0,0,0,0,0,0,0,0,1
PENICILLIN V,12.249309527453466,12.249309527453466,0.1974881109851352,-1.0272801251688677,0.759069056624305,27.166666666666668,350.3960000000001,332.25200000000007,350.09364267599994,128,0,0.3273993847028879,-0.48378793569582257,0.48378793569582257,0.3273993847028879,1.3333333333333333,2,2.625,32.1669062359869,9.958704938817503,2.636571560994235,-2.4305571735518194,2.5020643800318805,-2.704619056825604,8.013146886456171,-0.16073452555524415,2.7975240095375007,1.585949621534698,678.3051601160009,17.48276318419594,13.261577578022788,14.078074158950514,11.309367635193635,7.510880360973086,8.39053317222798,6.245058385963449,8.015943525336011,4.104555442894086,5.676086037741568,3.026117698574494,4.651514288183821,-2.22,216942.3918916141,16.631264146178772,6.0100027114767025,2.8151897888677238,142.8943131174155,20.06008868349756,23.207066304548565,6.606881964512918,5.907179729351506,5.907179729351506,5.9693052879518484,9.589074368143644,4.794537184071822,0,11.761884949391115,18.19910120538483,25.980208536304467,4.747022453217559,0,24.227001900856216,29.545549696045974,0,10.216698334856808,0,36.05205132386347,6.606881964512918,30.33183534230805,0,5.749511833283905,10.05365155780638,0,5.749511833283905,11.761884949391115,56.601560761341176,14.383611552215466,0,13.847474399381248,30.33183534230805,0,0,0,95.94000000000001,28.707189128816832,19.490138947056174,0,17.88793450683316,5.749511833283905,0,16.66179468024159,38.112942673227685,6.06636706846161,5.316788604006331,4.736862953800049,4.741292705927897,1.3910608873816845,37.01686932709222,11.636230884817124,0,-1.2318183271831695,7.31161293151324,0,3.384751590450995,0,0.4375,24,2,7,0,2,2,2,1,0,1,3,0,5,2,8,2,5,0,2,2,0,0,4.1647476089091535,3,0.6970999999999998,87.59550000000004,1,0,0,0,0,0,0,0,1,1,3,2,0,0,0,1,1,0,0,0,0,0,0,0,0,0,0,2,0,0,0,0,0,0,1,0,1,0,0,0,0,1,0,0,0,0,0,0,0,0,0,0,0,1,0,0,0,0,0,0,0,0,0,0,1,0,0,0,0,0,0,0,0,0,0,1,0,0,0,0,0,0,0,0,0
SULFISOXAZOLE,12.034654195011338,12.034654195011338,0.1158824640967504,-3.678564814814814,0.8241959038664723,11.444444444444445,267.31,254.20599999999996,267.067762276,96,0,0.26375397675254864,-0.3987277171274377,0.3987277171274377,0.26375397675254864,1.2222222222222223,1.8333333333333333,2.3333333333333335,32.233271168179364,10.27852201463451,2.1822827290620093,-2.0524150655609903,2.2150112398370765,-2.126776767901063,7.923164501696421,0.4298413396810094,2.610870416113322,2.327592361324992,659.3419266315426,13.336498814253964,9.96695810330354,10.783454684231266,8.39868403267067,5.211929092254895,6.695092339849286,3.8966429817300456,5.579045223139565,2.574622477876861,3.921514589939969,1.3384655134836343,2.3851377194804297,-2.0199999999999996,11425.168940911897,12.437269065941917,4.337583644907168,2.3030302240964393,104.83424387818272,10.256762414135533,0,0,5.884182201861008,10.023291153407584,0,0,13.139891848781026,0,0,5.156663257125445,38.112942673227685,11.250837766380558,10.589411470366237,12.940891921302285,21.594859629952154,0,5.156663257125445,0,18.742957874899023,10.455762341614273,35.5228477603919,0,0,10.455762341614273,11.57156847654457,0,0,13.574460241454382,10.023291153407584,13.847474399381248,11.257379486545457,33.68404668633756,0,0,0,98.22,10.023291153407584,8.417796984328938,0,10.779665677378784,16.944765761229018,0,24.26546827384644,13.847474399381248,0,9.878758121577533,10.256762414135533,31.32584270282187,0,0.1158824640967504,3.6861661207692955,7.3114692180948495,0.12900462962962966,5.895401549508692,0,3.4647981298937287,-3.678564814814814,0.18181818181818182,18,3,6,0,0,0,0,1,1,2,0,0,5,2,7,1,3,0,0,0,0,0,2.9970941604299726,2,1.67444,67.63990000000003,0,0,0,1,0,1,0,0,0,0,0,0,0,0,0,1,1,1,0,0,0,0,0,0,0,0,0,0,0,2,1,0,0,0,1,0,0,0,0,0,0,0,0,0,0,0,0,0,0,0,0,0,0,0,0,0,0,0,0,0,0,0,0,0,0,0,0,0,0,0,0,0,0,0,0,0,1,0,0,0,0,0,0,0,0
AMISULPRIDE,12.609648526077098,12.609648526077098,0.03055453199798408,-3.52197461813646,0.7023165228263907,18.28,369.4870000000002,342.2710000000001,369.172227344,140,0,0.2546468350256778,-0.4958422275250794,0.4958422275250794,0.2546468350256778,1.4,2.12,2.72,32.22787257727126,10.126661708033309,2.252823864461709,-2.228087652604681,2.290642328848115,-2.396906122468913,7.911293334947569,0.09378873743476257,3.0607985209939645,2.241239295541135,733.6536618070231,18.61251969619286,15.040496811697064,15.85699339262479,11.834065645098947,8.560922822736803,10.213188049056956,6.128407517004095,8.3750799440283,4.695141381205592,6.478895417545322,3.195197371991156,4.2216534358466795,-1.8,372275.74171293294,19.52374837784304,8.052660123966941,4.243964693315342,148.9899874864918,15.787319034968565,5.749511833283905,9.837253136417502,0,5.907179729351506,0,9.694446914922299,8.417796984328938,0,0,13.847474399381248,31.997523126138777,18.652964303522147,29.008972389922654,17.949197122200808,21.431819140452568,0,10.216698334856808,0,37.626441949899004,38.23058784292424,17.696185628620217,0,5.749511833283905,15.787319034968565,5.687386274683562,5.749511833283905,0,57.76364763944093,9.837253136417502,0,37.04710632100208,17.028217612440994,0,0,0,101.73,9.837253136417502,13.212334168400758,0,33.55586641128053,12.586597235060536,25.931156057677168,26.166268877891376,0,0,17.140435534547432,10.470530430962235,29.588389488230757,0,14.905944297472077,2.8998145786092215,6.111130026428999,-0.17206800621483143,3.020843267090786,2.1675766841784156,6.157749721368498,-2.0960467238305895,0.5882352941176471,25,3,7,0,1,1,1,1,0,1,1,0,6,2,8,1,7,0,1,1,0,1,6.288724401304836,2,1.2851000000000006,97.73540000000006,0,0,0,1,0,0,0,0,0,0,1,1,0,0,0,1,1,1,0,1,1,0,0,0,0,0,0,1,0,1,0,0,0,0,1,0,0,0,0,0,0,1,0,0,0,0,0,0,0,0,0,0,0,0,0,1,0,0,0,0,0,0,0,0,0,0,0,0,0,0,0,0,0,0,0,0,0,1,0,0,0,0,0,0,0
PALIPERIDONE,13.398204666203737,13.398204666203737,0.0023748735031206003,-0.6413589845578542,0.6902887957170618,20.29032258064516,426.49200000000025,399.2760000000002,426.206718944,164,0,0.2565554948493981,-0.3851715130767665,0.3851715130767665,0.2565554948493981,1.2258064516129032,2.032258064516129,2.838709677419355,19.14214880918696,9.911977065084585,2.2647118293617945,-2.31020563467573,2.3248309005363117,-2.3739325293454376,5.794451545647626,0.1293942616182227,3.1769648222021667,1.239667270275592,1163.573356693954,21.53480494807372,17.6812414080638,17.6812414080638,15.008040390846983,11.064631058255014,11.064631058255014,8.722993143887885,8.722993143887885,6.770434872129037,6.770434872129037,4.976742477186207,4.976742477186207,-2.579999999999999,18087426.530102886,20.32979285221992,8.163633643455372,3.784882514168512,179.03353084764743,14.529532062664531,17.745591726794125,5.583020141642242,0,5.559266895052007,0,9.361636831863176,9.374393568622027,0,0,5.156663257125445,64.25009226306904,41.7173896274584,5.693927994848461,14.020037379488874,10.969244356107037,0,19.607651156714486,0,57.594474154142944,19.634269217737724,57.14583810494839,0,0,5.559266895052007,4.39041504767482,0,0,44.34844776929292,12.965578028838586,12.740958040736519,60.48087090500758,27.51673332643,0,10.969244356107037,0,84.39,6.103966387748303,14.291479626587348,0,11.3764877360979,36.711730337568156,61.234265782374464,12.13273413692322,10.633466716252965,6.923737199690624,15.04055150892313,4.523094936973348,20.381401347373625,0,19.877125223455387,15.267085009843083,2.898062477991057,0.48856540222542555,4.58054630301087,3.3796144632623992,5.1275997728381535,0,0.5217391304347826,31,1,7,0,2,2,0,1,2,3,1,0,6,1,8,4,4,0,1,1,0,1,5.3537090610600355,5,3.081320000000002,113.51380000000005,0,1,1,0,0,3,0,0,0,0,0,0,0,0,0,4,0,0,0,0,1,0,0,0,0,0,0,0,0,0,1,0,0,0,1,0,2,0,0,0,0,0,0,0,1,0,0,0,0,0,0,0,0,0,0,0,0,0,0,0,0,0,0,0,0,0,0,0,0,1,0,0,0,0,0,0,0,0,0,0,0,0,0,0,0
ROXITHROMYCIN,14.32306010010004,14.32306010010004,0.03068726045412573,-1.9665538399945661,0.07781066233799223,45.827586206896555,837.058,760.45,836.524569732,340,0,0.31118842024956994,-0.4589365911817189,0.4589365911817189,0.31118842024956994,0.896551724137931,1.5517241379310345,2.1379310344827585,16.745568763535914,9.733583663949412,2.5311814720377708,-2.488405658684894,2.407176428320498,-2.6089318117012983,5.884497803264551,-0.31748884951559403,3.1520763178436684,2.2197529565589083,1303.8127067323928,43.913120125584555,37.32297957928854,37.32297957928854,26.9635235980827,20.759123132963154,20.759123132963154,17.73363585802785,17.73363585802785,12.596289630220674,12.596289630220674,8.932908111750324,8.932908111750324,-1.5800000000000005,814413428747.8557,50.77419182369555,21.476425115493377,12.072216598749993,345.0832347252334,73.16503891919103,23.912949974228596,12.580053458670426,6.792942306099827,0,5.9693052879518484,4.794537184071822,0,0,0,32.85066152551303,74.90023203227615,44.43597567311322,66.5652885386668,73.05966637241238,11.680990290722551,0,4.899909730850477,28.827336911396117,179.17743631136617,48.32164528303511,0,0,0,0,0,0,0,174.69196010156753,47.527029398208846,23.671624184645573,94.92065848861026,5.15571272675054,0,0,0,216.88999999999996,101.75190007845703,30.327174158275348,0,44.80809635628703,18.73938859020963,0,14.033534740968157,55.57595793911189,32.84272809558611,5.15571272675054,42.732492214137025,48.12980474324705,0,21.79480216933431,63.552029875772334,-4.493387337864709,-4.140046101783253,-0.32800048123711156,-9.493823707857647,17.30215272629137,6.759801447430997,0.9512195121951219,58,5,17,0,3,3,0,0,0,0,18,0,17,5,17,3,13,0,3,3,0,0,18.800829801746442,3,2.2096000000000076,212.46599999999918,0,5,3,0,0,0,0,0,0,0,1,1,0,0,0,2,0,0,0,1,0,0,0,0,0,0,0,0,0,0,0,0,0,0,0,0,0,0,0,0,1,8,0,0,0,0,0,0,0,0,0,0,0,0,1,2,0,0,0,0,0,0,0,1,0,0,0,0,0,0,0,0,0,0,0,0,0,0,0,0,0,0,0,0,0
ACETAZOLAMIDE,10.704977796674225,10.704977796674225,0.1078935185185188,-3.824175170068027,0.6318586926732331,11.23076923076923,222.251,216.203,221.988132052,72,0,0.2668537466795803,-0.3007462541560122,0.3007462541560122,0.2668537466795803,1.5384615384615385,2.1538461538461537,2.5384615384615383,32.24798770653749,10.716643479787626,2.145478751799391,-1.9002949045682123,2.173442592638902,-2.110221023732913,7.907717150159773,-0.11374015908453287,2.32016080547215,2.938691458826851,422.35246826398924,10.060477932315068,6.513018912508858,8.14601207436431,5.892865415757243,3.032745770156533,5.395561829005821,2.0993176423790123,4.811973693691262,0.9328171861807086,3.0815095121098466,0.5258473654376647,1.9053602623835681,-1.06,682.1272768088121,10.023752093802344,3.3584989230794076,2.7167362781176934,78.02145102207902,5.316788604006331,0,0,15.378393889864384,10.023291153407584,0,4.794537184071822,13.556770721936878,0,10.197363616602075,11.336785877934735,0,6.923737199690624,0,13.212334168400758,32.39881524053316,0,10.197363616602075,5.138973737607942,11.263392880364169,5.316788604006331,0,0,0,10.455762341614273,5.131558479839333,0,11.336785877934735,24.522340330282518,14.817828337479405,0,6.923737199690624,4.339655680673546,0,0,0,115.03999999999999,10.023291153407584,13.212334168400758,0,15.378393889864384,11.336785877934735,0,6.923737199690624,0,0,15.514152220608405,5.138973737607942,21.087038926681785,0.7010185185185183,10.519172808012094,13.841021825396826,0,-0.34988945578231223,0,0,1.2758125472411188,-3.824175170068027,0.25,13,3,7,0,0,0,1,0,1,1,0,0,6,2,9,1,2,0,0,0,0,0,2.5895969701730865,1,-0.8561000000000003,45.58590000000001,0,0,0,0,0,2,0,0,0,0,1,1,0,0,0,2,1,1,0,0,0,0,0,0,0,0,0,1,0,1,0,0,0,0,0,0,0,0,0,0,0,0,0,0,0,0,0,0,0,0,0,0,0,0,0,0,0,0,0,0,0,0,0,0,0,0,0,0,0,0,0,0,1,0,0,0,1,0,0,0,0,0,0,0,0
LEVONORGESTREL,11.750304590040791,11.750304590040791,0.06089234536407129,-0.8928235491727556,0.7460501574652694,48.73913043478261,312.4530000000001,284.229,312.208930136,124,0,0.15517640199485053,-0.3770227702903542,0.3770227702903542,0.15517640199485053,1.2173913043478262,2.0434782608695654,2.782608695652174,16.286049584237244,9.492320821967267,2.6279414730389963,-2.554845944269997,2.655420366344058,-2.530215494981286,5.9091433409685115,-0.11677717046577246,2.8809595799769823,1.6711962826978066,597.4530522903293,16.242276208189782,14.183524531780508,14.183524531780508,11.043772185574866,9.478973511964345,9.478973511964345,8.395265548761222,8.395265548761222,8.018385648348154,8.018385648348154,6.9603098502532115,6.9603098502532115,-1.07,264546.99439096637,15.457260686118481,5.214170225517998,1.9555471707233982,139.2801469135596,5.106527394840706,5.601050810983688,5.783244946364939,0,0,0,4.794537184071822,0,0,6.423349895620259,18.417276048615534,81.11421727488754,11.835812092322788,0,9.901064578912528,5.783244946364939,0,0,29.08661465404235,70.3121826170084,0,11.649124636903148,0,12.343784214475903,0,0,0,0,16.490823152189332,4.794537184071822,41.430398868518246,64.71113180602472,11.649124636903148,0,0,0,37.3,5.601050810983688,9.901064578912528,0,5.414990469396779,29.45486913101051,44.94575136048208,18.414747775921285,0,6.076020106833881,12.844171518546268,6.423349895620259,0,0,11.750304590040791,11.11098243502329,0.4737905879944575,5.7306521392418315,0,16.884279179915005,2.216657734451295,0,0.7619047619047619,23,1,2,4,0,4,0,0,0,0,6,0,2,1,2,0,1,3,0,3,0,0,3.5042081929403865,4,3.8826000000000036,90.49280000000006,0,1,0,0,0,0,0,0,0,0,1,1,0,0,0,0,0,0,0,0,0,0,0,0,0,0,1,0,0,0,0,0,0,0,0,0,5,0,0,0,0,0,0,0,0,0,0,0,0,0,0,1,0,0,0,0,0,0,0,0,0,0,0,0,0,0,0,0,0,0,0,0,0,0,0,0,0,0,1,0,0,0,0,0,0
MEDROXYPROGESTERONE ACETATE,12.791282206057865,12.791282206057865,0.004692207627363221,-0.9610515348114559,0.6479725905950843,47.464285714285715,386.53200000000027,352.26000000000016,386.245709568,154,0,0.30314190756019826,-0.45064075304978457,0.45064075304978457,0.30314190756019826,1.0714285714285714,1.75,2.392857142857143,16.55912247846242,9.444764474449814,2.6771966582035116,-2.600260255750562,2.6861541189364297,-2.5879366152674685,5.915639092481389,-0.18736510713215054,2.899239231036813,1.734944964196879,766.5668378003054,20.482763184195935,17.969491976109417,17.969491976109417,13.049002039601005,11.005220059218564,11.005220059218564,10.468711949682659,10.468711949682659,9.285030716961565,9.285030716961565,8.046195645461696,8.046195645461696,-1.45,1615357.525399857,19.848667834780596,6.272007655173047,2.4498417061726503,168.01810354228854,4.736862953800049,0,17.167540703713566,0,0,5.9693052879518484,14.383611552215466,0,0,0,26.344316129141138,80.61130169812293,18.75954929201341,0,19.120474506015512,17.535795180681728,0,0,34.50160512343913,85.16548816991887,0,11.649124636903148,0,0,0,0,0,0,23.136845991665414,19.120474506015512,34.50160512343913,79.5644373589352,11.649124636903148,0,0,0,60.440000000000005,5.601050810983688,14.383611552215466,0,28.365776119475285,36.51326743049759,32.10410811463005,12.49684172975989,6.923737199690624,6.076020106833881,20.771211599071872,4.736862953800049,5.840635588908046,0,36.807793100848954,0,0.2175757695053333,1.8221755179344474,0,8.1942876421051,9.867532380698123,0,0.7916666666666666,28,0,4,4,0,4,0,0,0,0,7,0,4,0,4,0,2,3,0,3,0,0,4.446107021597533,4,4.655200000000004,106.43500000000007,0,0,0,0,0,0,0,0,0,0,3,3,0,0,0,0,0,0,0,0,0,0,0,0,0,0,1,0,0,0,0,0,0,0,0,0,5,0,0,0,1,1,0,0,0,0,0,0,0,0,0,2,1,0,0,0,0,0,0,0,0,0,0,0,0,0,0,0,0,0,0,0,0,0,0,0,0,0,0,0,0,0,0,0,0
FLEROXACIN,15.183436791383219,15.183436791383219,0.2771452191987904,-1.5338252521955618,0.8887969358156733,15.615384615384615,369.3430000000002,351.19900000000007,369.130026096,140,0,0.34072289775856157,-0.4774970239740692,0.4774970239740692,0.34072289775856157,1.2307692307692308,1.8846153846153846,2.4615384615384617,19.146360110430763,10.081373093754408,2.2608173706999835,-2.3420296442844526,2.303259119674505,-2.448544606159278,5.934482611110063,0.0694387437544877,2.584371049285323,2.2737659413800606,921.0797704773662,19.007707210578264,14.136585607453778,14.136585607453778,12.345443010499073,8.1268711177512,8.1268711177512,6.266898086195343,6.266898086195343,4.604943091600363,4.604943091600363,3.2163204683940965,3.2163204683940965,-2.5499999999999994,599532.7334974064,18.247356811190322,6.986799011094744,3.0256462698611455,146.58994438188665,19.473446504333015,23.742649579701357,5.817220841045894,5.428790391900541,0,5.9693052879518484,4.794537184071822,17.96578232709628,0,0,0,13.1140390511388,32.37586919526338,17.447681337993632,23.07230972193699,22.559616494716465,0,9.467009378641832,0,6.544756405912575,44.80119830945287,39.68443138983584,0,0,10.328700122751018,18.858631417708022,0,0,60.444130640036775,6.544756405912575,11.634441682091788,10.357988675768818,17.05774782414651,0,10.902924932081056,0,65.78,40.65680404038088,18.369904463493285,4.39041504767482,17.7488433982124,26.1790256236503,16.83031028786604,0,4.899909730850477,11.947581713527667,0,5.106527394840706,43.72379115768591,0,27.109749094749162,8.721326498136078,-2.2119498322745073,-3.452314008809317,0.8428287981859408,0.9040934429327285,0.7962170286056462,1.899591154121693,0.4117647058823529,26,1,6,0,1,1,0,1,1,2,0,0,4,1,9,2,4,0,1,1,0,0,4.9034851739814425,3,1.6991999999999998,90.76830000000005,0,0,0,0,1,1,0,0,1,1,1,0,0,0,0,3,0,0,0,1,0,0,0,0,0,1,0,0,0,1,1,0,0,0,1,0,1,0,0,0,0,0,0,0,3,0,0,0,0,0,0,0,0,0,0,0,0,0,0,0,0,0,0,0,0,0,0,0,0,0,1,0,0,1,0,0,0,0,0,0,0,0,0,0,0
FEXOFENADINE,12.05582860793869,12.05582860793869,0.13213695223019206,-1.00776675170213,0.34130592103345714,16.43243243243243,501.66700000000014,462.35500000000036,501.287908728,196,0,0.3130463238901625,-0.4805900937855873,0.4805900937855873,0.3130463238901625,0.8648648648648649,1.3783783783783783,1.864864864864865,16.36800384873109,9.717897709798047,2.409753951883989,-2.420844580019629,2.4155354640750497,-2.4406350384893636,5.797505794081431,-0.14201316424628802,2.935709098327761,1.3110460793887624,1096.9251995589377,26.468044558434492,21.884454447803545,21.884454447803545,17.724235880370358,13.30304947920262,13.30304947920262,10.82453399900071,10.82453399900071,8.109897200572073,8.109897200572073,5.517229509408694,5.517229509408694,-2.989999999999999,195844207.0869072,27.055745831636234,11.594940331257959,5.955035570194022,219.95300700648343,20.219491915372593,5.601050810983688,0,0,0,5.9693052879518484,4.794537184071822,0,0,0,84.92913895846256,87.33674212177239,0,11.518956857145081,20.11411936859394,5.9693052879518484,0,4.899909730850477,5.917906046161393,56.65076855921404,19.634269217737724,107.18294492525057,0,0,0,0,0,0,45.823066421062165,15.81057846445229,5.917906046161393,67.88853324562157,84.92913895846256,0,0,0,81,23.08931295608062,20.11411936859394,0,5.917906046161393,6.4208216229260096,61.150540053303736,0,25.980208536304467,72.79640482153933,4.899909730850477,0,0,0,13.912285407597548,32.16374040119014,1.4721093322471974,-0.7330986835525353,27.305144240514,2.7673345118272756,6.112484790176369,0,0.40625,37,3,5,0,1,1,0,3,0,3,1,0,4,3,5,1,10,0,1,1,0,1,8.478642122581173,4,5.510500000000006,146.3443999999998,1,2,1,0,0,0,0,0,1,1,1,0,0,0,0,1,0,0,0,0,1,0,0,0,0,0,0,0,0,0,0,0,0,0,3,0,0,0,0,0,0,0,0,0,0,0,0,0,0,0,0,0,0,0,0,0,0,0,0,0,0,0,0,0,0,0,0,0,0,1,0,0,0,0,0,0,0,0,0,0,0,0,0,0,0
